504b03040a0000000000ae503e5d00000000000000000000000015001000
5461696c7363616c654d616e616765722e6170702f55580c00566fbc6a68
6ebc6af5011400504b03040a00000000002d513e5d000000000000000000
0000001e0010005461696c7363616c654d616e616765722e6170702f436f
6e74656e74732f55580c00566fbc6a566fbc6af5011400504b03040a0000
0000002d513e5d0000000000000000000000002d0010005461696c736361
6c654d616e616765722e6170702f436f6e74656e74732f5f436f64655369
676e61747572652f55580c00566fbc6a566fbc6af5011400504b03041400
080008002d513e5d0000000000000000000000003a0010005461696c7363
616c654d616e616765722e6170702f436f6e74656e74732f5f436f646553
69676e61747572652f436f64655265736f757263657355580c00566fbc6a
566fbc6af5011400ed555d6f9b30147d6e7e05457d483205873c4d15256a
935643a22d1aa9b46a59270ab7c48bc1c8366191f8f1b343d3a4534883d4
f5694fbef23d9c7bee97b186bf13a22d80714cd333dd34faba066948239c
c667fadde4aaf7591fda2deb787c3b9adc7b975a4630179a7777e13a234d
ef21749e6504101a4fc69ae73afe44931c085ddee89a3e13223b45a8280a
23502823a4890272e4319a01134b5792f5e4074624225d86a9d85fc991b7
110e85dd3ab2e6b0b49f30016e2165ca1be541af5c83dd3e96fffd993c2b
d7c357e034672170b4061c5982e58076418ceed42019a3bfb6c06bba0a4c
3321c507e4c5bfc556210ac0f14c6cf91904c436fbfdbe8556a622457522
370a080d9f4b65ac0a77522b29c1a2b11cf33039170187b74a5297b0b927
425d666bf12ff84d7f07bb1bac0a16f9f7d7ed9312751a4a34eb05b68d2e
ea0ca7c6d8ffe90bcae05dab3fd83b0ced2b1624505036e7a53f0b18445b
171ec96327adce1e96c6376fe4035b60d9adf20b10b978bcbc0ec25bbf74
f1230bd812b5cf734193406651fa191544292a5d1ae3d41190f04ea7b6b3
29700151f351afcfcde8d66ea1933ed1e93f18f5c11e39de3c56613f2cde
aec7e890493d8cf3ffebf541afd7f707f4e3536d46efbf35903c42144124
d783d10556559586fa23d68a683e47cfed7a6b051b10af8dcdb9a2b65b7f
00504b0708382cc666f701000098080000504b03040a00000000002d513e
5d000000000000000000000000240010005461696c7363616c654d616e61
6765722e6170702f436f6e74656e74732f4d61634f532f55580c00566fbc
6a566fbc6af5011400504b03041400080008002d513e5d00000000000000
0000000000340010005461696c7363616c654d616e616765722e6170702f
436f6e74656e74732f4d61634f532f5461696c7363616c654d616e616765
7255580c00566fbc6a566fbc6af5011400bc7d0b7c54c5f5ffdcdd047613
9057488000494025808a1451a8af0d01e551e52d20f28c28510105fc55ab
d6e0d6164430172220a0e4019a5d7c808226b54a20fdb5515b258af8b7fd
b5260475838fa206bcd742f97fcf9cb9bb77ef6e42f0d75ff3f9e4b37bef
ce9c3973e6cc993367ce39f3de0f5ffdab9d109ac09f0bfffdf1bfa98b10
8f8a4c7a25bae37f34fee7cc999073fda89b474d1a2f62feb4d857317f04
e7beb60467caa8e953e2d42f7047bf54cf89ea3f4dbd9e3367f982fb9647
8a39e165a730bc8433aef0b3cb0e374114d81fe7cc59b6fcdef9cb9a8577
5117b78477f0bcc8b31d9e47c16b17aebf64fe1d7911a031fdedc3f00a5c
91e7c496f1fb79fe6dcb87ce597effdd0b962eb8cd09afe07c866764463f
37f737674ede92c5cb96db9e1df04671fd49ed22cf092dc35bb67c69fee2
db9b81573791e19527479eedf0a2c6c6dedfbc79772fbf77e90227bc95b3
18de3057e4d909234e7f6f67b0cb63f0ab9ac3f03ceec873cbf0147e188b
bbd07327bc83f319de502df2dc32fd14bc79cb962dc95b7ebf139ee75686
77dcf6dc2afc162c5ebef4fed8f130143c8fedb955f06ecb5f70d7ad8b6e
8de1e7050cef4b2df2dc323c393ff2ee427f17cf5b1433bec76f637899b6
e796f945c25bb460f9420217d3df8eb733bc222df26cff6b011ecdb81878
db1732bcb6b6e796e129facdbf37ffaee5f98b9df09e57f0b26dcfad1a8f
bb972e59be24767c0f2978c36ccfad8247bd5d160baf5d7e343c7a6e053c
b03373a013de4805ef3edb732be12d5db03c16bfdf29782b6dcfad8407c1
102b0f46dea1e4bdedb96578f72efe79fee25be7e42fbe6d8988c52fe54e
25ff9222cf2dc35bb070ce6d4b8995d5b3435eddabc6a34de4d9ce8110b3
0bedf068dd5da9119c91395372e6e48ebf7132432b50eb844f15b4d65ff5
ec56ff34f73a8a78eb467c7873bd11788e15ddd1cf881cb82b7fd97227bc
b9aba2e5143d3be0758c032f7fd1bcdb17d05038e12d74c0a3e796c7e1f6
25cba39ea3e1ddade04defc0bfdfedc08f86e72adb422cf51f9705c756b0
ca310e55f1c7c1923716ddacc1680ede71db732bc661d982bbb0a02d8b85
775cc12bb63ddbe125c61f0739ae04d109af703fc39b607b6ec5b8de3a6f
f93c11afbf750e7875b1f01cfd0d838a0befd2030cafc61b796e195ede92
458b962c6e0e9ef14eb4fca43f3b3ca7ae3667cefc65cba29e1df8fd49f1
b127f2cebe3e3ae145f4f79f8db971dca89163a6446ab1de9d107ea6bfba
fc84301c3baccb50b2a32a67cc1662887a366627884b05af7bddf0dff1d6
04b113b8cdfd27ca41b725b5cf1a9bbc36fc4f6517e0f3ba162660d5d709
a25f1cc2931a9e2958df1e74efb2a583eeca9f3fe8d6fbefba55fd9eaef0
b8635cf65f7ab41ffca7f57d160c7ffef387a6fe44d5d3c250d2e577d984
f674fe0011cd78588f0b08ceb02ba291a476a7ab36e8972952a26862d0e4
fb972d5fb068d0cff2e72f9db7f4fe41d79108fff992a5772e1b3499169c
a9632eb9cd7a35e8a6054b97e563060fcab17e9470e7dae08e1265d8855d
a4b500f7ba25f72e063303503cd0b9b6df15de76f82eedd47767c37b41de
bd4bf397dfdf0ce2ea571b5d86d9e00b313e51c2b7c608ffdcd425232ec1
78e5cf8f4f4f21de4b3e0b5eb94b16cdcf5fbc203e5aeac738f81c154e7c
48b25c9263c786f1f145d5e3bf703da93ed037f92577c9d205510050afc0
5e3fe9b6235a54bbb1f573eebd357f890584ea8fb6b77feb7de22cf56d7c
10c1c48907737a8b70c6d0da69c723aa1fe2f996fa3172de526841b6f69d
747489516d5aaa9fbfecee79cbf3168621c4e2afb584ff98f1e3f297db07
c259df9df8cb96f0bf61c1f27977b5549f28d042fdf1937fb6e4f616eb6b
7f76b7547ffe1d0bf296e7ffd7825c0524b6fdc496da9f78efbca5cb7f61
e3c673a4df64503fdf4e01aa3fc1565f134fb684ffd4c5f9b72d59ba680a
3611636e85e29f8fede2d2652df0a34b3cd7123ed327e4c6cecba879d1f2
bc9c93bb6431e4d3d2058bf3ee8f999fd1726144420b782c59d62c3dbbb7
84ffb2fc45b746b5db13f5338563dd9245f9f70b05af3fd97312442881ed
70f44ceb29fdf552cf737b7b44c138f11fff3be317b5a71fd002a77385be
d2e533436e6116b4f199756d8579fc8028aa73fbccfab63ef3f403390194
d5abdc730e47d5495275cee33a0dada85387f2756e2d48e53f42f9902a4f
3056260973c579c27c97e0e0dd9ff0698703940b4571177dc5087e8e07bb
1e706b3451e819936b7a34b107332485e0135ebf77c0a377eb1cefa2fad7
59f52f95fbb7f31cfbb7cdde3fc058d919fd4b15e606d5bfa278fdcb4cd3
573c12bf7f2b7b287c7a333ebf39477c1eb0e303182b7b009fdec25caaf0
b93b1e3e73bbeb2b0ec4c7a7a00fe3b140d56f160794b985daa676516765
1f614e557526c76bf3d2747d854b8bdb6608b030edde1fb74f1435b84590
602c2c9863787af9cc3ea26052bddb1514dab5879bc3c5aa0f0daf88e8e0
39bfa0b2c0e5598db91ccd07d554c71538ed67fc43c453837da61775ebdc
9e605db23003fe0c235b137b89c7088f124deccaf269fa5cea1b7e2fc1ef
f2b764fce69f639c7e60440070e3c2af77335e5dd1af23aa5f47006334fa
560e389eee3e330bfda3be4158912932e54832f3753960cbbe787d26fd4e
cf0dea37a28b867a7d54ddf6a857a5612b59e5d157e0334ba4eaed142d42
d42ed55931c77065f9cc77f74b135b0abd6b1177e0e9118407f0d47ceb3c
89e29bb99a9842750917492ff4af46f07c74c20b0157af86fe9d9ebb5eec
efbfda0d3a1c71bb839d40c7468517e86c128c6fce9c4973f25646a6fb43
a2ddfa3367368614ed3c171454aec0b84241917c76b3737cdd1a60b803a7
ab237d20187bdf54f4074e473a28fabb99fed43f6b0c3213780ca87f473a
d03c888c4fa6a6c6a703cf358255ee068fb6e7f119a278a2be837a9fc8ef
9de3f22cfa131e97e4c8b82cc4b8f469a6ed306f7488b41bc51b786e50bf
b586371e6d0687eb2dde48a6b1cc0d809e717983683af7cd56f0b4a2597d
32f787fa66d1c59a5f769e39fdc0bec069b7d0e59c018e348f59765ca4d3
b89f7e607fb9253fec6593a86c7641e54a9401af0e47bb9dadb276be2aae
cea8a0f2fffa17f35471f59c0a4f7fae873ac3edbc6487ffedbf183ecbce
4b6270b1b741e53fa3f2174106ddb1d0207a75de7f7659ea4519aafb11e1
86b25ed45fe5f2aecec41ca279f2af2a8671aa2a9ae7ed78d6a876259e62
f059f1fc1d95bf348267a8eaec787e52c578be60e17969349e87148cf75b
c0f319d52eaffd4362f0f4817f9c7574aa7399c475584b63fb1bfbd80ea5
f2d9c39ac3e3410553e25135f4acf4ba9bca0f637e21d9d648f23d91d7cb
a7aace6ddd5ea3e83813301b553d0b36c1f482965a22f40245cf5fb640cf
b10a2fd98fba6131fdd0e4faa605e3f5e94aaa7b55fc3edd7a8e7d9aaefa
74a1bd4f57c5f6699cead39816fad455e1c5f3ffaad8b1a96e537b725ab7
40d3f8ee81d30ff4806c6aa3374d13e63e7f2f639fbfa7b1cfddcb203875
33c1d7ee946039de4bdd768ed26df3847911e1310778e6418f7c93f428c8
337c0fbd272afbd06feff92a8b357139c9aad034e0df09f4b91ef4e98afa
e384d913651aaf47f971783f1eed4c16663bab2c6473e3b5288bf5a12e57
989da8ecb5289b1b294b704fccc4bbf1283319ff5df01eeb5339f02f06fe
095407723dd4c567ee29d36a03feee58b77a180524cf0bdaead95237f204
e9d30599771bfa50dea0d586fa0ab3d8dfcd28717737ee233d00fdaa4fc7
3baaf7788e597785304bf17dc4dc1cf3488630efa032e990e3193e53ea5f
57e0334d988fd0fb349f7914bf7d4abf5da1d68cbe3e93daab7b9361d373
fd20613e48ebf220e0ea76d516bbbb1958770e0ae1a575e7605666aafef9
e9331bebfa713959af1fad09aedad04021e9df34103440fd6ae84bb4fe97
bbddb5a121a487404f2b394f2f7777c5d87665b83e05d797aad7026efd10
e009fc3ebb12fd00ecf23cad56f2cef18e7a19fa9a171a61eec0e78e2f47
987f44fb4f26b28e578cf6d335e00d1a07fc3783be338dc63b310e4b84b9
1d78849648b9c63a0eca6cc5bbc63b418725543e1de57b1a1e1a73fc4663
65bda3dfa15feee9a0ea95fb671aa4a796bb6f3142582f1fdbc773a05eae
b537838f67044e4e9b8eb5b08d9c0bdf4127aacb75ebff02aec7f13d5364
1e3a932b6a79fd3dbe0edf63e622f648073dbd30bea49bf19e49f6f108e6
a21cfb4d39a4cf1ecf020fec45fb6fa17cff7a8f2e75b1d3db6aa84e645d
b6cd77d56eb65cd745e7786d4bbc127ce6947d2daf2112c70b22388e7631
8e4e5ec11eba88f0263e91b89fca31575a386779cf8e7333fa6c23da251d
3fa4f456d24984f9f0ba78ba6b1fe8ae1a74d75046c124c23701f2a4c19d
10cc031ec748b609dfcb046f8c26a41ef915e9b1b676c551b1a4ce5d7075
5d5bfcab7d2ce94a21e8c134cf836f90fc8bd6c19bf0bb559ff68590c7c1
10e46b13f64027509fd6d92cc8d23e902f7d95ee49fbbf136de93bcb5782
d9843e58709b3af4362cfa37421636005e16eaf741fd06e84e44b7a6b623
0c67d93398c7e598c7962c2983fcd90ef9530718c5fe1ec65e77baf12cf8
9dfa53eeef8ddf7a1b0ba56e8d39017dd273daf781e76aa17bbf7a705d00
326d17c6b1e38bc0d375ede1801ff300b25ed3bc5f9440d65d2b843ec243
f2c5256535e993765dd29320ee59a1f61f65ee9b211fa71bf1f6887b317f
f7fad3a0d38b94807f3af09e65d0bb3dee19e807cdefe946a62c97667ca8
e675a97f862c578c394af3d3d389e94afc7e02e3bb2f97c634422367fb76
7dbbd83d0d70d2e41e71af7f9ae1ac1b3367daf9ccdfbc7976bd8be6d643
f1cae5bab10e26417e24631d6c87f5d3ad3775e175b02bf8f5445a64fd23
992ae7d95c35cfe6a6ea8f9c824cc6daf09092f547d2790d28cf55f2b3b0
b75e847d7b3278f58487e76a00f42479d608d91cba82fe21dfac7d607ad5
d5c5eead570d56325164b12e31f14db61534e5697a086bc52fad3500ed85
fa6afac837b86f21ac09241f43580b688ef850af3199be63ee62ada2b52d
84f5c69abf8d193ef91c00cfd1ba49ebaf5c1febdaeaa4f7586b63f5ef44
5131ca94a00c95277c130947c21d7c40fba4d324731b845e8239f103be17
83174ac0a7a71ff819e83b0ef2796c00f4967437a9ac5fd337a0ec494b3e
576bb54d0369feb5c1fcd5f413e8c73ecc897d981b5ec81e4f02e1d9dba0
b9d284b9d908ba87d0a7e6d6f30dc039e467fb06e906f518cb06d0eda8da
77c9351cb29c789fe452e61b4a87213a6688ca25c0ed04edbd327ca44761
4f745d80d658e0195f2e0f6e462edbf82508bd2c4a2e37e5987dde547279
452be4b2b3cda1676f738db34dac0589569b25ad68d39d50db34fe3ccc8f
0e81d3d56e9dc643ea89180b9e1bbd0d69874b5776388cc90ee247f0663d
f82bfb778aae92d784d47536d3ef52efc1da0a5824a3cb016f4f83a82d06
8f914c93e3fa785b7da1635c3301afbcaf26f59e62c8cf12f0e5226b5c31
3e47fb8998b10d5838d0bcb85d541aa009e94a0f101eb7fb2aeb04eba9f4
6e19de65a2adba41a292e46008ef1a81eb9e3cd2217b40c6a5336e5bdbea
350edcccd781473fd6f38aa17312df9543ee9740ee3b71fa958513e639fa
52f981c26932e1341038a17d0b27e050493c399e7814fc18b2e17bbd856f
7a34be4d0d9a4e3a742857cd918ab6fa4a07be7fb6e15b57a6b15d0f32a9
feca581a4eff9d6d7ea489cae714befd08df34e09b6ec3371d38b6159572
4eb5c5fc913685f190033706c04ff17979780bbad7d688ee75d31b8a77f7
b7827721879bc6bbc1bb0990ed9ae45d8b67697ff3ce0f365b03e4cdf7d4
47ccf926921b183be75c6af34ff4196df5261b90a2c517af2bba24b3dc68
000c9219d06b2771bf47a2dfb9907d2c379ac6bf1908eb087e2ff8bd0bf8
2355ca399a5384d7ffab048f63ed135a47c3837532d057d466d377ac075e
e805fda117f427bdc0dd314a2f08ba2718d079f44c2de98b627f4723037a
41941ee1ee14ad47b8274a3d42408f28f67792e5659feb549f0b52f5b740
a36277678947ac5ed2d9a1974c92f03c8097a109ec39baf07e83ed6707c9
7eb617f04adc3719728ef8271b643f8bed578aa35f5364bffaa05fa5fe14
634e4cbfba3afa3555e2e1021ea5d8f350796a8fc6bd043466db6caa417a
01edb5eec798114ed9f41eba4d26bd871eb28cd63dff4d4629f49232e823
25d05bdc6abc8bf15c5eddade276b9364e3716d067f5f40a7103cfcd72f4
8df6b141c8b431183bdacb96fb794c67910c437bf2f76adbef65fcfb54fa
bd81be4f401ba2d6459ff8cd4d9f80a1e1b3feb78c4700ef33f11c982c79
a42297eafab9ae8fbe4f96df2baaaeb7e1051d2de8d7b85decc7499e52bb
575878d1ef79b6df73f9f74112b6c678e17789177e93780106e1f5ba8517
de4bbcbe63bc7a29b94d757bd0f7ef18af821136bca0b306fbbab85de886
e5d5dc6e270b2ffadd6dfbbd817ff74ad82ec60bbf4bbc1a145ed58cd793
165e0d0aaff59ac4eb7b8c27b733c168a2efebe5f70adfd511bc480f2bcf
73c9b6be7e9d7191effcfcae91dee5a9f6f18eda83fc3c48f213fbe78379
453966a9d53e7e97ed0f71c9f63fb2d53d44df87b878bc8671fb240f4acc
331b098f12ff5423d040f5d167b2ef6aded52fd36fc0a7c43f45fd3621fc
db4ef9db24f0ed64e8d5530dcfe082ca6ce1591da8966d1b65f47b35e35b
8cfadbe819b2c643f841fef4a1f7a84b7b894019d7b1ef298aad330dfc66
af43f0090f7b59c8ef29d7b4b6ac574cb90e65096f92832e89df44c3c22d
6cbb57b8c7e0ec9f10de877caa616efb2784e134c8b93bd1a03de13f48ce
daea6669527e06a97ed0ed263eab209b7ba0af5bf65dee51088f5ca1da75
cbbabc77996c24fe40f476cbf12bff4ef246850bfd682f6d25530c7a87f2
158121125e85097ad3b87c4f741f22615584347145ae86f2803717b87b40
97c077cc2bff907af564e30b94cfb6bd6fc4fb26fc07c007e5e08124c987
938d71fd0b2a3d5ab2b4eb8fc5f7fe5ad2eafef8eec1bad41fff90d377ae
385f8d21ea7955bdfe17837ff2f331c7dd92bf07135f5abfa38df0ef7efe
bdbfe461b7e27f775cfe3f5269f1bf9bf93f97699066ab9b42df73997ebe
0c35ffec780d56ed5673bbc94ebcacdf1bf877b79cdb0aaf86f878fdcec2
ab41e1b59ef1fae6b791ba5fd3f7f58c97e8a1f0427b34df06501da2f550
a26fb2a4efd8a144f72449f74043af61e5dfe1bf61d6308f57dc532514bd
bfe3e73acc8b44db73814b4c4993fd9e352c40ef6c63154adbd623f01de3
477cc5f5986f16826f76e099f945f1177822dbf67c02cf06fea3683a9c70
f54afb75d09fc0b23591d6840449c3977feba0b1bd7c9ead7c2e977f96ca
fb13d41a91a0d68804b54624c831f8894573bc9734c71e83f02ba2ba7db9
ae4edfddf27bc5dcf67178e16a1b1eeec4081e0d8cc7af9c78dbcb57dbf0
2ee3f2f7c9f6126b9325af24f01c4239591f65689eefc47e2388fd06d963
cab147217b87b5772f77cf324209624f82f53d51ecb98ce63dd6bcf2dc44
d94609d6ccf2bc44d0007a9b20dde27faea2b527e04f94f2a5d8fdd45564
672971cf84ce31033ac70ce3f30a6bde2432adfacab2157f842e4ab08856
bfa7efb9fcbd50100d13590675490ccb20c92b78b6644c6785dbcf859231
5d18eef72463f09e6c0cd9b6f7df281923dfade777832d7e53cf173b9efb
3b9e2f703c67399e7b399ebb3b9ebb3a9e3b399edb3b9ebd8ee744c7b31c
b7f54c13d2d5c3f6a6f107ca63cec4d579f837afb6ee3c3c7c7e6b3b77b6
9fdf422fdea5f4ec5da467ffe3fb331b1b254c3eeb4dbab4a0127afc6ada
6fc485d9361666ccd9731c3bd8eb956c2b22db594565eb6c672f9ea51cf9
6a904e9d2db83cd5db5ec9e75f64b7c29ade921d63972727b2f7f3283b86
65377ef2d5285bf6417191cffcb052ee0177613d6b85cdc4853da0077b2e
2fda73e974864236d8a67ea4fbf70aefbbac7d6131be97d05e85f6be1972
1f7c704421d6afbec26cc25ca47a64d738427630cc739123f4afe3bd5f81
3d47bcf7fb857e44bd973c3057f100f6978bc10375e0a9f964dfebc0e589
d78e602f2a344d3fa4ea111ff6fc9ef6653d0d3ae7271b9784c5fbac5db4
cf9a49b0c0b34b04fb8cd42747e0916eb85fc1223b1dbdf766b3ce28fbde
7104f73b6584f99ad507e073a48badfc455cfea5e67ebf947f7fced60e9d
1787d214ae05498c6b71aa7ee9f76c477d98704d03acf4685c3738e8186e
6318b7b1d6dec655059564cb647aa836aa52f534a297bf97f16bb441f673
aa5fe28fb4f150059d278cc1dc1f0dde71c5e7d3518a4fc1efe5117b5bd4
18ee36d936007ed1cbc9aea1e798343e92774339e68516ef66d978d7ad78
d7ddfc398c6c7f8c6a3fd9d1be6ddc75936d149d940f53695fb2a96518b2
fdcc5cb38dd57e8eadfd64d57eb2c3afc9d9ff1b9a9fa73bf73ae669b6cf
fca242b535af35f3d4d1d6d466686de39b9b9cb4ee3a22426bf4f51dabfd
9256d0dad9feac66dab7f1d4e52d8d35dadf69b55f7f6e634de758fb3066
7bf04f733deb248fa9e5a367ad3f4fbfe6380373f6615ef3e3d5ee64c42e
5c20d7a2fefac316be5a722bce08696d645bbd3c1724db3c700a420e1c43
9da0df37fc589aa80c623e1fa3f33acce9639063c106bc1f84f798c7c730
e783fd48efec650407d2676f233888f4b90c2353c3ba9728cc3e5e61f66d
2fccf33b09f382aec2bcb0bb30fbf512667616afc77f39417baed972df46
38d2f964ff0b0a2a35cce92c3aff4df355fe03387d0dd9f4e5205fe557c0
6327e67d007582fed906ada1c5586f35c8bf6fdcdee06097b6fa529718de
11f26d50fea54607c8b14bf20719e741765d947fc9b0f32073be44b9c7b5
f356af018eab8163f255acfb0fc073b63c43bc2e103e2768c6aff1933dff
0bbfc64eadf66b2c54b2a19064c3e11336df359b5fe3a6d79af16b74f889
5634b1df52e4ac34d6ffe4467926cabe26d6bb8c7fc5be4b78957837fa5d
25f6cf7cd612fd5ef2a7f0e80bddd1f6eb5eaf4a7e2d94fecdf583f4ccd3
890aaf581f275926eb3ad3932876d7ab3d98a44fdd20ddde8f236de5ba2c
7dc050a630abae8dbe0ff439e1f0b36c24bf39c1fec796ce73fb6bf17d7e
a2fa51e0d1b35dd1fdf862afad1f5997ea99896d5aeec70571fa917969fc
7e64aa7e88247d4d2bfb31b4997e9c5a62b75d7b6acb49c6ec051f69c49b
742e942e7d87d88fa807bea74bf965d9174bd1cf787664da03793569cbde
65d970f9dd84b07dbabc8c61281b35fa95cc7c5d97aa679e60395ce2ef8a
fd18cbb78257c92e9b6a481c1f259e251c19867c373847cd21b6fd2ddd6b
edb3947d304fda07a57d53b3ea5caceae037b61969d266548cfda5a723e6
448a3065b955aa3d779cf6940df4d71aed37198eb439913dc19f6278cf87
aceea6e0ac50701a442c1c651f1e69e1dda0ecc0d57c5640f6e218bcab95
adab4c44f0ce06de1761cc151f04fc5c9f78a13c8fdbdd2d697993b43dcb
fd701ec30902f6d8353990dba946d255c2f45e0adc2f53b83fa470cf8d83
7b2ee3ded5c23d57e1aece394adc0ebc958daec4ad70f601e791c2fca9c2
b9dcdf51d9f23b19bf56b806c8e6e79e08197f93913405b88d066e3f53b8
3dc9b8d199871d2fb2ed1ddf63d9f727a27e67e8889da371217baa7f12e3
311d78dca260761a617aee623f1f8f700f97efd6a876dc5da2db714f360e
5bed908d539e01a544b743f65ef7146ee76eb4b35cb5a35b30bb46c10c90
7dd13d55da88a98ef757e8ef7dd003a5fdf3262edb3fd7746509bdd49d66
94e1390ffb9a327f9ab1690fd1ac9bc16724e9729ccbfddde4bee827aff2
f94689ed1c64d51ef63f90efdddd8d0b5fa536a6a3dd19c6877bad7ecd30
caabbb57d8fb545c3da34274e135ad18ebaf65bf5ffb2afbded118677752
f614f51c70b3dd996d2c6c3b2ec11c255fbe62cc1f09ff02ee97ec93c767
d2b9ec51c880ae809ba97c1003b46780de1fcce5f383405f86eb9136817f
bd4f710ccedf649bb9ca86d497db0efa55993c5b19bf2a93a7ca54bb6a47
e3b7601997f502bea7fdc875742e168e03a856767094e9af85edcdd2a648
70c96673a3b4975b7470b3adb181cbefcc73d7e6a3dc4ebfbbf60e6a0b72
3700b97bdd1eb2bf299b671edb3c0906d9e1aeda63d9573b4adb35c98779
ca8f87de7b6d36ed60b5c2a78c6ddf6da98c054fc12f827e75419cf76437
65bb9982d53781e991cb7637eb1cfd57d206266ac9cf9278a9682fe1a76c
87ca56c836c08eca7edb91520045c6cb3116cf606dd3d8876597d387a5f3
1ecb2ed951da250916b53d43b57defde68bb65bcb69907d91648f662396e
ca96182893364cf46db6615f17e598ab75ba17b551ad6097715b96cde9d4
12657372e88b72bd1f3a3226cea6c61589b329a7325a7b5dcb11fab2bdb4
760bb34efaca6941d229e7a9f374f22b7e1b65c7966441bff7064743bff7
006e6332fbe0b5149bd3341eeb7ed8b74e0b923ed8e4661f665ae33f7f45
145df610eb0dd2876e7c4e5c3d927d307de6dabd716c4a71fc0eb34ffdf2
03e83a9dcbab332af019b19f938fbab2a793ae4be7f6e2846fdd34c0f52a
bad03b0def48e79eb897711bbf97755d7bffa2cee473dbaa33f914c3f23f
627d86749b9e119d268f65d7a257e8ec784af83c9bce8f49af2e872e12a3
e734c4d1731a227a8e3caf86ce42e7d5d20e85b69dbacea7df2a5d076bdd
42a5eb8cdac3e758e175d6d277aae3e81feaacf3f257d4da5badf49d32a5
eff8e3e83b960cf2b3be43eb34d589abf3e4c669338fdb1c7386ecd4119d
2708383e795e1947e7e9dbbceed4d6c2bdafc2ddad706f88a3f3281d8bf4
a328dc95def3fd29a5f754dbf41e750ebf2c4c573e876799e6d47d529ad7
7dfc71741f75367ff8654bdf54ba4f9ed2db72e3f4212ffa8c32dc07a507
19aa0fe56ea507411f1a69c33de026d94cfa13e94353a2f4212fc684ce8e
a3f403e84561fd003a50e1cb24a73b2bfda0977131e90bd0814aa1239549
7d688af1ab97954ee0a7f3e62e4696d429261b875ee1cf283d40e936742e
63f7f9da08183f9c64fea6f3d212e8386590cfa5f85ec63e1d524fd620cf
07bf42f27aaab4dfd1bb52e8a08d904b25d05102d0692cbb7809f4155a7f
b3dbf1fa9b198ec3a372371996bf81a567d0bafbb03c7b86ee45f3b9af75
86a4d6f63cb5b65bba82f259f703f7b9edc515ec173fc9382af19b64ecc9
a5f31d57ed6534a6901d52563fa5f8439dafca77e1b9c26be88d167fe445
9d9786d76d59c7e28f5ce57b90c7e7e1b788f039aa2a4f67704e1d45abdd
095d42ea0eb426902f0ad6e500f4b972192be1aa259d83cfa5ba618cbb19
d217cb97accf93b17069fa816ff8bc9be0cbb88106c62389f885fc5cabd9
3fa2846851cdbf95901c7b3c87d7acfe61bdad9078edbbddcc435659f215
a0beaea5fa65fc8ed6f4e1b6e7283af8f9dd4f05fb5458fda677f9ff22fb
ef24e301d44d923a4bf4eff3f0bb35764b5fe13522e63c48f9f27b9cbefc
ff8675ebf957e2af5bcfbec2ebd6f65762d7ad78eb6aee2bb1ebaa657f38
03f9bd52d23d592fc758cbef39493af1a5fcbedfab93fe2fc779ae1ae7cc
347d34c639aeff975bfaa51746fcae6e89f89361fda2bd3aad95ed76113f
6418d2876feea53af9115f2968cf700b786b8e3149ea60d2e7b390e2183c
0911fb487975ef0ad2df4a77d37e7936f8b09771e225923fb30c8f942d78
573dbba21470ec3634cb97447333dd9ff5cf840c9929fdd8896ee44f361a
f0b335317ca5079f89bc77c3fea372a1c6ed8fc2f311776230bb2def27c8
fef4393ea780bf89b6e4b74ced96008762f72c43c6682adbdc3ec00fdb6f
ecfca16219243d27fa2a432a2eba5c5bc9b152c91467e133fb4387c804bd
b55ebe75d9af44c7fd162b5dadd8a9a7813fe5599c822d63ff8582eb667d
3464b3e7c68b45c17c3aeee9cff6a51c252b690cb780e6d6f87da6e21eec
b626960d96ada99dfe2d68f4adc3d6446d7f8aba96cef8eb9768be2b7b36
60c8b805e5db6387ff867be4cb67304f4f3fe0099cbc5698a7dd2efd24d1
b18b308f905f7786308ff6152c532c7b14f8edf7bf1066f57f09f3c05261
ee5f2cccaa3b48274e0dd64c025d46009f74617e9284fff3f0fc08fa0ebe
fca4339e53f13f00ff97e0ff26fcdf8cff9fe2ff1ac69b74eb7fecb2d9b2
301f04e6c39f5f8ef882d6fc529897bfc4cf802dc784ece46ffd1adfb378
1cac7afb5e66fffeaac722ef7e6b87b55698575ab0d6d9606d50b03a44ea
3d4ff53a00d6e6c8bbe7686dee023aa781b7284621c3077a917e728b51f5
0c68031a1c000daad1f7dfa3ef3593887ed84f82b7ed34b5ef658e613ebe
4ae799324eac97ee025dc857f8f403a3036ffc33771dc64b5ff7b2489163
e74eac3db59eec995d022737e2b33a418e5fd47841d7ad7986e2f5847968
b3cf6cc298d66ce0bed5ac933ec7a003e1d5c3a8798c3ed38d9a5ffba47f
75cd23f489f7bf40b92128f75fe4338dcfa54ce79ac52a2e428dfd488a8b
efc0f4a0f586788e7881ce8589f7a48dbc0b9fdb7ff4a228dae3bed9a0f2
14e3417eeca45bd4940ac9a7165d43e9fc1bbd836c29aaeb2be38fc817d8
aca7980bc07e1eb0c4c105bd9fc36748e9ee741e6dc52edcb09bc6580bd6
f7f399870e08bde94af06c0fe0df5bfa70178ae9c932cea13c374dcac459
e0c1fa81c2bc0af59aae44fb037d6635be37920ff610f0804bd3dfea83fa
170ad35a774bf13962bbf47f2acc2bce3107a8bae5b9d32a641b6adf4cf0
4711fc2b8479fe6ea601c536eec4f71af2f7cf056ee4ef8ff918c0bb3ac0
d885fed65f4b319b3ef3d25da4834caba8bb1ef374bcc2ffbe643d2065ab
3748f02fdea5ce40aea7b819f47b3c3ec7097381a279dd389ff904c1c6fb
35bb199e845395ac7b5d1138e9aa2df2d9253d45964968a7bf2522653aab
b6c86f97da227b5519f49ab12faafdff6e5a53a61bcba81d92656ff9cc99
bb696f37c3988bf973dadd2b388b7e93f14e3743dfbc59d96d674a1df0ad
674524a700f1f544c9279534c67fdccdf13372fe06797e79848acddc3f50
27ff08c9d3fe9e96fd20ee9c6b4fe3e0a735ec16e355acb5344ea71f981c
38b5de67ca39e74ed427efb2e61cc9cbb6819357d07ca3333ae8550ef958
e3f299c7d0afb159023a2df839e033dfc6bba4f64946528eeb1b3a9f3b06
fc8f612ea6ccc25e611ed68e05c274e50b7313703994a0ce14c1fbe2699f
e95d41719c2887fd0fd9143cf7f37c6eb79bfdea49f6d4d13ceac273287b
2fcfa150865a9b30c7e3c99c1cf49ff4f23f630c4fa691ff039f6b4464ce
f52c73b02e601cc3f87cbd4bc64b84d7bd78b0e79d3e23697bb2ad84bb4b
14a7c7853b67b7a22bd6f2531f09690b3989bed29a7ec6ddbef6554bb70f
d3177bf7dffa648cca5baf82ae2ffb6c6b8fa6bf8df5e52dac2f35a52ebd
ea26250bad3d00f1df9f7de6ebbbac3dd54ce3d35dcc43c5617f33b267f6
30bcf2fb4c43542a3b90d285c9ae43bff35ee76619fb5c7319d725de0f92
2e2463f1ba1ba3f7bb247f8c99c1b943f6c8b9d0ddf064babf79a78bb55f
9a617876277c33d67a467def5e3a2f48c17bea6f5783dbec2aed25b20f1f
faccc776919e3745edd3a6ca7dda65a7c97765aadc37ae7cc1f1bb3bcdf8
e53fd92ff603176493ecff54a31ef23379179fe97ceb225d706678efe7d1
dc3afdfee64becaf4ffd235b35c5daf59d47f36a96717e965bcf06ef9ede
c573f98e5d969d7a9a41719a51fb08a2e7028e01881a173fc527929ed72b
aa3cc90fdf306b5c66caf846ef1be0f7419ae9ada4d83b7c82568dfdf0b9
9be273f05942b4eb68789fa6b8b64e86f7297ac6a74ecf78bf863e3b1bde
55f41e9f34b7066a726e05b0bff6e4fbccfb5f62d9f5baa4cb8c289cea32
72a2f8a1ae6f8e59df2fc7ec07dad60fccc1fa98631663ef2ef7c8ca3e50
ec9ea87c99271ac50413fbfb6724ec49c6d65dbce7dfbc8bf7f39b76f118
7821e7321389565d48e7041fa4c8b3f5e664d8ffc8319a0cf935c54801bf
60eee8a4c39efac8c773ad9af60c19872dfe6a4c5334eba299645709a56b
e69a1729e61cfd49cb318fa4e798bf7e91711183219f8642ee0cf585735d
4938837df29de5b749fbaeb971e21c572938963d82ea94f7601947f36534
c634f44f618ec698863ec727f00bfd039fc02ff4053e4b48ce68e6688c69
e80c9e759af378c65886bec333c630f4bd3077427e7fb193e4d12ca3b101
eff76bfab8e1c21c73b5d22f5f12e6e71457ff9a30e7ca18a4347da516d9
13856ed72ae5faffa25ad330f6473e812eacd6b5231f4197c3f8d4fdd5f2
45917bb983643ffcf02bb6afd4bfc77a07ad4f43312675ef087325e9fef9
6c9ba85baf9e15efd7618de9ffa2d249f13d043dae7e8b2aa3782cb411b2
7d0beabe037a2bdb608d6a63b4d271eacb84d98574d9db732a697e5ea6b9
f4a67dc2cccc1166d628d9dfe3a2a89dbecab676f745bbf5dbb0eea05ed3
3ec0dfe63357bd1439735a89be122cc22db3dea56763ad92f97aba8d301f
a138b6cc11e6572f72ddfa328a01cca994ed94b7d3097e32c17f0e6b9d2a
53f79ccfbc07f08feda4b906b80de0f11c973e600c687683824dfe811f08
860f7dca4f7912a04f1db6da79c9d60ef88cdaf906b2aefe75611ea432af
a19dd77de6b497d43cca018fff11e33f0aefab853985c6047066820feaab
f1ee8f3ef3afa87fec03996724483496bae27b58afcfc79adb0d7cdf5398
5d7fc0f8a28c1c17655f91b815e698cf50fb1f415ffdabca55f189cf5ca0
914e31dd3881e713c99ab99bda457f07bfc432c53ebe759ffba2c6bbee0b
f4f31f3eb333daacfb0edfbfa7f9c13a50dd19d2adc91f4a954dcec1daaf
99cf5bebd50a4ddf70fcccc601e48f4efd2779f9b0607979a76079b94cf0
dc5f22a4bc6c5c8d4fccad463f3e31b71a7f834fccadc69fa3ef34b71ee0
f9d34de37523dedca17178e2058afb04ffe6c5ce8ff6d6fc9819991f8b48
de4c73cc8f718ef9015d75de0b6a7e8ca3bc24803fd9313fa0c7d653ae92
6991f921f9c3d74e5fa97c423c563e12c092e33c4d8df34caca5284b36e7
637344d4986f223fb439f1c73c8bc63c4f8df7ed3e13bacdba90b08df913
c2bc8cc6fc4ec7d82e01aecb7ce616f227fc39be3f003c1e5663ebc7f36f
f0bc5a3d3fe193633b14634b70c3e379851acfbe6a3c07aaf1eca7c63357
8de7956a3caf55e339488de710b275cc3228a6f8ae9da2e8848a233e717d
345d13e2f16a5f477fc87f14fba3db4d8e5ba59c2714bf2e7fc3dea55ee5
9791cfd7737facf5a3b1430ee7f6211d17eb74635b8527745c5a9f49e795
6b1374ddf75f64fb1bcd71da3fbe4b9fd079fff422e74979fbc5e875b30e
3a2fad9bb4ffa47553e26c5b3757fc81f5d33ae8bd4d6e9f7912ba6d736b
26eba7a4f727054e8e27ddd4a59f6cab6865d7fb4b65acaa29f7db696a7f
9dcefb6bda2757612f427bebfd8f905f2fed6353836f416f259d3dd445a8
f9cc3ebf324f013d2bbfdd90da03d7bcc8f1de5568a36633e52650f0075a
7b1decdf7f49f8f4341e25da607cfc2fcad8677305edc9a0f33e2cf766b7
180fe193f64c42ea193d0dbb7dc2492f4bcf38f002c1b8c568021f909de2
f4036315ad5c92562427c8b654e30dbd2fb4db9f69cef7fd1f2fb4ecfb2e
fd3eef89f859ae5467adf45ed462bc513f0df807648c7f7cbf4adec745e7
e26b1aef0a84630f3ab0dfe011ca299acc768a3380bbeb05653f030cf203
249947bcb66919f9d6e5069ac68f68360f9dc47b70cbe7ca2ba9ccbc76f2
5cf96f2fb47cae1c44d9b12bcef15cd949c77b9bf7573d7826e2af2ae5ba
18ae7ff082a26b492bfc5573452de55aa97951980782dc871aecd9ab4a95
5de817d88f8d70e99f8c15e62737923d10df2729fbdf2ff1ff6bfcafc5ff
06d44199fd287300bf57e3f7c3bf507bd2e3fdc37b47b2adbeff82da333a
6c97af82776b9e55b6ad529b6dea1774decffdb56c4235cf639f7d003a12
e66bd5cd6877b65a33f6b4d343964ed585d7aad02021f5c28f76929fb030
5f45dda60c8e15b9fa85482e902a975b7f6b3edaba2da2cb38f598edaa2e
edd529ff806cf310eb4bfb083ee4c533cf739e870b01bbe666b65f54cd46
7b98f7e7bfc0b6af81142b4f3efb988b3b77d29cec2563b0f7bf2ccc8534
e63969ba652779e805928dec975f0a597852faa9a606c55ec8d9fb7de65b
2e7c82cefd6b07e96fb51166c20b3ed31d00ed73c8d61eb13b2effe14c1a
db40387ee7641ad940844ef68e46ecfdfa67d1592be6f75e820999debe03
f657ee6f48ae935d95f83605fae81ce0d3a4785cfabda2ad2f9e675b46aa
a6c67cd74f6cf6825c652fd0f4c92f44eafc3dbace2e31c11db7ce7516bf
b8ddc03b3970721ae10d7e913932983faa46087dff01a1130dfb40cf91fa
8b4fe92f224dffdb318aaf9f2de35cab5c09ba5d27b0fca2de033e55c28a
6f9e65d05a4bf23481e3a3dea7ef564c1b8d69a81befa582e4378d71247b
d7e8ac047dcca38a17457bdde3f069bd7c27d9ca6619c780873c97853c17
396e9d6c1849f918c74598e3399afe88ca33b10a9ffd81675fe0f92b7cff
157497134196ffedbea6f8e759723f56d385712956b919e6a9dc0cdb8e71
19eab7a84f80ccd2e2f6bdd0d9f7a7d9961ce97bba61adfb6443b6ca914d
d5bb0a38aff285f3b6cafaabd8769da4ce49acf954a7fa5f8cdf6419652b
631ace3648071a3d0f345ca36838b23d6460340d3f0dc6a1e10ab75e8735
34e91ed0f05ee0b3bf651a6e0ff29afafa578a86d85f843c9cbf879e454e
824e39ddfe42717f0e9a8eb5d3743f68ba3f3e4daf74d2f4295efb2d9ad2
773987fab2de11a629e48357471f74074d75d6539c345d6dd194e2ed5026
db15a129e90ba40f3476a17d38e8fa24e6f7f35c9ee4c342f491f223c97c
2b9007146f7481458315093ac5057d4d7b117a463f97735ce4fb84ef87d6
7bf0d462eb3d78e317782ff7eb6da51ce59831ac91f376469f6b917fff2d
0a775acb099f91826502add7163e56ff2d5d8a645e1fe83ca9f7d35a364e
c909b7eeb374bd5c926f09819319b4ae68fa5bbf659d34bc961c819cffa5
b22938701ce6c411780dd9a9f24a916e073abebb9375575a03e86cc5055c
68ada39c262c6b35894bbc9c96049bdaecd38ef39279da718c03e969525f
3c4b5e4c4f3b7546b682cf32476b2ba56f8595bb3cbb2012fb688743e79c
b43ffb7067f379cca57ed1ce96778b609ee1f3ffb3c6430a9f79c7ceb3c4
4ddaf27acedf19df97be0e3461bda40d74bd34e87add02a7dd6d74d2e19a
c653fc4f6f952baeb791f205d650ec253f0ca8fd25f69021ac0db447bd9e
e0636f381a9f522f7a1072c491e7e703d43b827d64c34cf66da23c9ed63a
5c0af95e0fbd88ec5db4d7a2b5e36dab1d2a9f9b5271c94ecef519fcf2cc
c6e2dc29153e97ca3f84dffb59ed1aed63f221ed059c9583574c3a82771f
537e4becf7eab1773b82bdf3bbaa7e0fab7e512cde3bec7853cea72b2339
9f4afd3d38771ee435cdfd12ac135b6d78871e169562279f4b3d08bceb1e
f655daf13683aadd94f362f0fe0de0d4b80a24de3b1d7817abfa5f5af59f
8fc5fbe751f4d66a791fabf240f9bb29bcbb036f3e4b5a6cc77b89a87c9f
6436f6a73712de4b7c95c52282f73bf8ad37db2f0f8adfc7d27c7a14cd5c
2a4f561adae9266defdc769a51acf2d98cb7b73d4754bea2d68b41d4f61c
5f65a6a29966b519679cafb4d16b8e835e5348ee8f872cebcefb64cadb42
79b1b60623b225c3c241c966d22df5a0cc2b25e5e09e32576d93cccbda55
e64a9278d4c5d2bd7b8063fe496617fb53a4ffd86d58f78e2abbc1232af7
8395d3aacc6a3743da6b2abfc53c23bbc171fa1cefab14aaefcdf5fb7479
a4df598e7ea7a25ebb209f358c0ff2dee9e37275de29f76cec2724f75896
8d42c5e95a30db39604a1ec84599eb517f1cc993e9d8e34d0b408684ef06
88179b4db28664d1b5c1f8b248de3350786b6f6b9f5475a3384d32bb66ac
da275d27f54e5e572e17e6dbf3355dfa46fc047ba603f8fe535a6bf0790d
cae1fd7ebc3f807755d788d3872f577af2dcde517ba3d5c166f646904bd8
17ec223ea04f4f7d9af4d3a8bad1771a7c73ba66acda375dc7fba69a11bc
4e58b8c9b1f29d171363b5ae3c12b75faaecfbfbb17ffb21c07c68e0f34b
cae7954cf18a524f38dda8cef5ffd45998efa4a2df3de8cc5b9ce698f10c
193f780c7c1984de4167a403cc472b69ff407956281ed2dad75c0fba1f53
7e0065d09fb7bb4907846e6ddbe3644e15e6881323d60d184a67b0d0ef40
b3b1bbfbea6fb7a1bca59a0e7dad70c7a543f50ba13bac92f1bb6df47e8e
7d8fd09ad10b68df43f991c18b9e2cf26305cca958432732edb2c7304db3
47299aa27cf650616604799d7b31c0b6ace715ad82346fc8ee93e3abd42e
805ed01f3a0af0ae6e13ad1bcc856e10e55bed4eacb5e28128c6a7d4dfd1
287377823e9772ca9e579063c87a4a3f6b8a73a97fce3aab9b8afd88e55f
9d1aeb5fdd97fdab0bc10361ffeabe11ff6ace979a26f3a57ef81ced2dba
cbbc6674fe1703cb1d07963b3a268d72bb928f5bb18c4f1cc47a735582fe
e0e72a8f3ae14b677512df4eb28d702eb728bf7011db568388c6dbdf59e2
5df21ce786231fce52ff04d06f22e837e55489db8a239b0abee49c62e443
162c53dfd1767f5b8e352bef98bd4df2811ec0bed9faf95ad217e4937c3e
ca6c13e41bd55bfade95627ccaa4aed0f3d46d65e487a97c93fd9c7ba949
faacb27ff22ab2cd7c9c6b6669be4adabb59becce46f39a83cba6e96a3ee
1ec8794bbfa37c4c1d03345e138df3027c0e19cec1e49f089c26477242f5
557eda78efc9c9194efe0ba34b2827dd80c7289ecbab795793ddc4a32505
fbf7022dbe79685dc0dfc5c8c27ec6e5f5bdbc92644e564f9d74f463c071
a79b627e98ce0433a0e2bf4a654ead1423d983b90addd6dd51705caef0ae
e678acc9725ccafd530c91dfff14e5831c2363abb375cb6758cafe1decc3
e4f1954f2a77f7a8d897dba3c22380c3ee5e968fe62ecffe9ed247f35744
333af3c23a5821cfc0a719afbb882e538d32ff5479e64d676292b7f1fc40
39c7c2d9d79872ff4d46b12c372d4c5fcaeb5b2cf3fdce88d01cfa540268
edf4815d918475f43c9fe9ef2ceff039edc11ee8e4b43702f6f89033b9de
5af21fe63823f6e1e57c711d657e34b77c96bf9f92b8857dc068dea7e13f
1532009f322f62577c924f01c563a470ec4519fb4defc3dc92311932673d
9efd1d652eb00cad63853dee34e1b9e878012be760d41cf4bb63e7a0df1d
350739cea9a39c874b76386210947f36c1b6f28539f31a5a315e51734ec5
75d19ccba23907fd254bb5111d23eb8ac5afda15c68f6cdf568e36997b11
74bc6407f18b8b732f497a4f3865f9b1537cabccbfd6d715ce7b16445f7c
ca373c2c3f1ab4f8f243f9bf47f525d7152d3fc0f311f9916a90eca5f896
328c29e4faa9ab13f99cee6f140b8bb2292ace4ee33e05c9273f53c56e70
6c4a8accd3f2e576ecd5b7476206298625dc8732d50795df30cce37e95af
b02112cf41edd49647721aae74c4f8d2bb6f49deaaef32ef03e50e7bd6f2
cdb7c69ee34f8e4ad91cbf9d97caf9b79876544c4b67458b1d2a2e5848bf
fb142e3b3812cbe2b2c1b4dad8556ed599600cb37d6f4ddda76ce5fb9747
e79da472fb649eab594629789ae25417519965720daf90f1112a5626aa2d
25d7a54f34ea47f57719e77d14e747727aa5c8f14e096edcce7efdcc9f72
ec4fada2772a26d1ca6f48738dc65be6e66b88e4e663b930219c1f8efded
a3fb4bbfb9546c1fc9a3c1e84fa63b820bb573afc283eb717cc01ddb39a6
82dfb923314cf85df25b5f190758c1639aa0f26fc9f8c148dea92e0991bc
535d641c6145b6da6390bf8cf8ca675e433ca4700e7daebd3c7ac8fa6fb3
4f7cfe2d9d515d571ece8916ee630dd9a61c7d3c0518d65ed7f9dba872e9
df28dbea1bafadefb9ad8128e752fbbe300cc527bf7f8ef735dd6df5ad3c
6a5fa9df3a5b32b74ce578f3737c64142fa878cba4ed562c942a9b97a062
a1384e337a5eaafee7aa38ca3cb7e235ce4ffe6b927971cad0983fb883d6
c374944b9739d8b3958f9095933d98c73a11c55951fbe7f1de2f2696f461
d9868aedb2e2b5507fa14bece9128fe7f2944ed2902065b8a5bf51ece868
197b44f53b1a6b9f9376d42bc8a74fe67a84bcb8217466e397f85ed0a160
52f977cc4fde386d7c4463a17ee7314b08e7239572f5bb04957b92739f29
3db4e2b7cf52ce51952fae41d1ab9af3f6fde214c5f7b86a55ce398a03aa
20ffda52b25dc8580da9f3ee229d77df51f69b50b9e78cfb7670ac2b7d7f
e6d9d83179946287ac181ec7bcb2e4558cac547db5bf93e387bdd4ca6662
6e7d687b9fdc0f734ceac969d5528f21faa55832aa9af3f34d2e631f037e
a6714bacedeae0bf46d917fe5dc6c3410729017f95623eeacf92dff24499
abb4047ae2a76afd95f42fe336c8478bbe537fab30a65944e3325b0e407f
f70ab613f588a1f16d168dfddc7ec68e082e79cf3ae47e0b34db43b9fc6c
fb32b233de89fa3d9fe53568c45d6c3bb5743e67d9b928d74995bdda51d6
192bece9c8b94552527c66535b3ebbbee759be77d1b279dcf12ce731b2c7
0c5b314b0bb747f2c450fc52d3f804c04e042e9a1e5239f9c8b63277b1b2
5d4bfb8630a76c57cf6dd9964d73907c72c99e1a2c26db92f4fd29147315
7deb12f4f38e72feb5378ad9364ffe0d0dd8e71e4d633b39c51a35b9ddc1
ab76104ea380efc80070b2c5a844efbb893f1a00ef28daff14387d067c9f
43fb077e22ccfd9728bf0af2031ee093e77a74aef15612fbfb4bdff0dabe
7acd7942fa071cdea1723f012fbaafee28f0dae19f6dfc6511c9343a578f
ecbb6b76447c95ed7ecab4af0fc933cec819a83cffec8f3606633c2ef699
b5db381685cef98957c91e95da5fd970eebe40fa9d583e273d9ea5b8a2d4
600dfa503380fd330ed3279d0940273b392d0134c258a93c51f24e0de062
c52d5bfa14d9c1527690ad41da6f7689aaf3748f2dd70fe59227b99bb59d
f3c95bb99ebc111faa5dc2d741cf77477c06539d65bba16c4f0b7e077d55
9b48d9e4edcad7aaadf2b5a23b6c323106e70b33e7f8998d4d65e0fb30bf
c8f3b14279ff4703f80563fb10f6fb56fe3b3a2b0b497f1c8a5318a0b703
ec7bad3b3101e74bf23f527723c83b25c68f824c1a19ce1725efc2f0131f
318fef55b626ca0746f760d01935dd8541bc1fc0fb72193b86b63ef59983
7670dec0433b780d1ebcc3769e03fcafdd11b937e995b2e8b39ea1aa2ef5
81ecae0d565d3c97e4f6aeb0cb0ffaddfe5c9c3bbb622f7891e684351fac
f9cbf4eea8675f1a6d8f7bb14cfa6e144a3fe1fd97ea99dd9bcf79c47ecc
d1398fe45854c5e63ce231527168072fd627ec685dce23637b7cdb6874be
fe84da62da97da6d552a2f80f4272ab1f9945b76aa38b6a500d6d0425b0e
00ba6b27629fea2ef77e24a7069d213f783e3728e9ac7415ff0cc0bc193a
43aab481b1fe42b979f0efee64900f39e5012159375acdb362e817d65c2b
810e3f7c3bc5b5509eec8e861c9f9a549d73bdb24e40e3731dd976ba483d
a5e2989b7362737c35f435cc3baf35ef0ea54a9f909f96f11ca272217956
3dd9b0fc13effe07f9244c647f7d69afe96cdc252c5a4d02ee9d65cc78d1
76b6edc8bcdfee1932367c0ff640963ff602d077e9e714af3ed9b0fc9e03
84a77bbab27dcd903994d80f7a1adae96ab3674c317ef894f0982a739d17
cbbb97e8de919e464a99cdbe58ddb582f4ffe2eaa915c5091ccf4d797528
bf4e10e33a45d374ca8dbf13ebc91db65c264ed9f0c0113a3b671df1decf
f87b384e5ad9c0fc14635f94637a6ded0786f0184ca4fdc610de2ba9dc0e
15948385ca8cddae72f62a1d4e53ef559ea40acaef44ef7ddbd96676cdf6
b0adad22b05e3872e1466094af17cde6c28db1f14047a27c4b257eb2e376
89d2bfa41d0734917343e601c33ff8781ff85eda743146db4aad3c4b53e2
db6372c336d148ae8cdc689b28f5d7b2c77c574c7c00de9279f2ad3cee53
0c8aa1203b06cd0ba70d83f4ee425bfcb2757f465f2de98b32f0e4c364b7
50fb05d2c73a29bfe2dda7cf6cdc437cea9fa072124c94f93e28c686f6b1
bf072e7f207c941ed8a8f222c8b80dc58fa52a273fdd3bb16b3bc754acb4
c794a01f1f9471acc40a15bbf7689866343f528c1afc5e2af314309c0d12
ce14079c29c63f05e3bd56c6dd74251d93cba8fd7aa99beb139ca7b7b33d
f142f5d95cb9d5eaf79edbd9d648efc3b6826acacfd4dd984fbfe5a65514
cbfbc352a360b11d326c1f88e04b31831d79ef6ab555aedaa2e70bb6f3da
f68b32beb3c3b2958c57ef97abb9443941ecb6237b1b964e7c57319f0945
dfb511c99d165587e796f17509e7d5b06c299ca780e7f6d1122ba78acae9
e1e7b649ce5839d7ac3c1fa3beb6e403ef0f35db1e96e272ad3bbaacbc55
94d382d69276bc272d74ee49ff5242e3c0e7bc543edb2df674b7e482cc75
a172a440565ab9eda2f9646a747f6df77c709e04958fa52fe78721f9d128
ef23d06ab7436ffe8cec10cabe65dd05c2776f7434acdc7d6a9f16372ee8
7029dfc361e5ab92b991e2ecdbf6b815dfe4b27df9b36d6acfa6f23890fd
b0aba36f0f9645ee07a1339b78f47bac44f1425ffb3d221d658e32ea4372
996d3e344733b7aadb109f66150e3d44fa52dd1feb3b4cefc5c73ef375d0
c48376a55fd7fe56fa0e3be13fd40cfcbff9cc32c03f5eaae0d7b7123efa
24cf846f643f58a9ff5f4367862efd931191787a1947afce883fb94ec5d4
f7c03ff6369f5caee2e9fbe0ff428eb5df8fba87af51fb8c8e69b6b3624d
1765d67e26b1f6d44ed2115303275fa23d4da24eedd3f949ca0d3ef324fa
997ab5303f003fce8d9cdd176226e8a3b5e8f88af34a38d69afa3786d641
92536a8e91ef8e756fe36115fb2800ff21929f5e865b43fb76bca778c412
d2c326a20f1e9eb33bc1a341ff0c995fa6711af9a369fab8a1c21c331cdf
237b1f29d3a55f4f09c5384b7daa50dcd53deaceb3d046defb1ca13de946
b59f191fb5f729140f768f8aabfea858ed67c6abfdcc645f3856a4fd578c
37dded2ba60ad365908ed9f5d468e295fd115fdccda51ceb5c3f0d7b8299
e4bf3bf5d449156f49fb56ef0cca2f40be0a6aafaaf7d36bdad0d8dc1438
b553c5235727ea5f7e4fbe7333e4f86cc77e897c192a8a95df05ddffbb5e
54a6a2adbaf5becacc764adf52f4a6b88f8a93673692ce4b3ec5f5fdb027
1dc83e0914cb999d23f44caf30b3da0bb34f27617ea7f220c91805d2ebd3
d1bf52e9a753284437bddc6ba3eb12a6ebe36a0da8eba262d0d3f9fe5e7f
31f75fd2318d6352ea8780e6f9c23c56c27ecfa192487cff917ea847f7cf
0df2999f0ea15c3a338cd1f3347de4c5b4df4e0c8e192ccc8f5cf24edc4a
fa8de2e665cced22f045964bf78d526339acbbbeca3696b72a3ca41fc895
68ff1ef09063ac06596345f7f75e4bf30038d35dc9344ef73ac669ff4572
9c44615e6fe758adc05831add2c2febc345f421d985639c532b74425d906
282e44962d48d3bdb67df7b0e2889ff958d40d625e596b9735a7ac317e11
6bfd0b589b9ec79ab4137ba000f484a4313ef3464d0cbf017bc19f616cc7
616cc7606cbd5773bc4cead5be181e0bc7bec4897997368f64111de73ec3
67264de53cd532de1d32c3ab6995da2cf0cb3cf4ad84f7c9779728bfedab
955c2aec1f3736fcff9528f9e4a7f6bd8193e071ba6be0c07c693732f7cf
269ffb9c4a8a5b09fbaa489989bdf20851b91f32f0006420e913f21e68b7
cc7f3f8ceed9237f5079afb57bb61192f709e2334dc8bb1fc82fe67a85eb
287c7e95e6abfc1274ff02bc7c4cf9aebc35d6675e0c7a5e047a0e043d07
809ed9a067cd35ca5e730dd1730cf7c5ef3a775ade0bfadde3a065226879
3f68f99030d72afc7a39695975495c5a3e6ad1d211c774e0978a96bf002d
db80968b556e8f3b94cfca6decc312a66d29d6ab01a02dd69c035873e89e
d40b146d437d738687fa894a794f2addf13a88e39f286706f98e515c18f9
2c1f2f66dcbf2e66ff972f8bd9ffe5183ebfea075a83c65f505e73758f6a
eb681d1d8714b3aff227d586aa85ccf5539edbb1a2fe1de5bff51ef984f6
b4e55766bb03d1f0c81fe5bde715b4472659568adf690f4231a2141fda35
51c9387c3ff201f8fb236156d2ef1fe0f78f7ce6b5db943cc6f7d05ff1fb
27c2dc4d73fdaff8fd13c8fe5cec4195df65411ae76f3df147c857fc46b6
d446940b7d427764ba6a03580bc9bfb07fbd8aa37c45e5fe209f78acd957
0197fa5794dff14bf87c8ddf1dc5f74f5fe11c4775af41ef802c71097170
449d4777a38f6b49cf7b1db4d827cc7b2f553119fbd026e65cd373341f52
59aff3a5c7dc73d905759fda46fb43776da84c9874ae5a823d28d907e82c
ba40c63078f51c99ef2a557ffcef6736d66d11664fc2758bc2b50c9fdb04
c5c714e6fd6c84d9d3a219c5134fd32a2f41598a1bbe9c3ea7e5545a678a
bca6a7ebd90efde3eb67d498806e471e06cdfdc29c4263f230e0f959efea
8fb28d1db4cabad5e08727944ff17a94dd28cc9f681883d7790cc6d8c680
68bb27d75d4b7b4d3aaf0dd37e9930ff9660a3fd327cfe9cdf1d5d66a3fd
cf6db4dfd55ed27e10fa5af700f494f315dd1fa0b176d736dd497cd799e9
3e253dc61f732ffa7825ea5af10b444bf22b3cb20d3cd5e0aea518dca09f
cebf3a49ff28ca3568d1f7f7cf28fade4efd129587133846f5eff4f989ef
acf4dd60a7ef1c8ef53db58dfd9843794c5f6f0bf4fd0b605be79f4457a2
affd0e589fe4991e317e86f73dc3be0ce49f6dd9eefefb88f241852e7514
fade7cc7ddaa9ac54b14ebfb9aa89c80b9833950393781fb28dbf2a487e3
43ac3ece7ac636af959fe81fb645e67d5a82edf7719c87e7f56d927e6625
3e1ba1238428d6751cca8fe7f5fa18e8d168d143d162a39d060d4403ec31
b18e4bbc46f708d3dea2c115c0ebe864e6a762eca7eaae243ee1bda9b3ef
07ac71be927db63b51df816fd1363917c2becf96ced6867407c823cf37da
3d741f1abd937b95f7c877da5719ba53543e42f4bcd357b9d04ebfffe911
b307686fa71f744bcaa5f45f36fafdd16dfb5de97f772afae513fde8ee5c
ac21563c7173f4bbdec2f9b476cfbc04752e49386def1133a6a1a76d6d2a
5fe889369c4aed3861adaac73a759dc269e436be3fc7ca45457a697338f5
b170b8bb47383edec2e18f761c949ff2a5361c56d871e8c079d82e5038f4
dda672d5254772fd3487838c1dadf6995f75c8a9fc7235d6d227b096cadc
12f1d751ac8dbad31e40e725f2cc2437b1b6697c17aca32981d3ee4479cf
139d791c49e798d9ed589376f895edde5a43a5af29fb8f15cbbb617b19b4
7696e1fd76bcdfe1271f3ddeafcd533148c4c3f9cf90ad2595f9bf285dc6
8584f35b7450b1980fb3cebc1cb40c3dccfb36ca4d63eddb64dde2f4a87d
5bbe2a4b39ebbf50e751526e828ee3ba430fee059d0ae5e638616602e6f9
0aa6e8a97b132230a7b404b33f605ecc30c73a615e0a98972998553da3f2
6d5ddb124c95c784ca0d75c254f96a254c5f2f3d60833940953da6ca5af0
9246439ffc99aab3a9973c6bc840598a770ea9b29e09803b05f2b6af565b
063d659ecafd2165cdf923cc3e4f5b671337495b1cc1f54ec77ee896488e
07da5f7ea5702039df44b11e90f52596acaf6babd31e8cd60dda8749ffff
ad94574f98ff837a4de338b62cef19de1bde4a728dce8df19de22ce47de0
197c1f7829d684f92ade96e44a9e8ab96d807cf983050bf3f7dd4f387696
706279c1fdff642be77d7bf369bef78ae23546a1bd3fa13cd53d0279d430
84f384c8b3186a1f72bbee0a8af166d9fdbcd50e74dd3dd4ce95dc0eed1b
a98d3f501b584f76a01cedd32fa675cd7fb3119a4cfad34c83ec1503a9af
80f193e3a88ff583e2925ede4ae56e5236ef698695332cf319cecdb4dd3d
0df38a634f12160a33f12ec88410e5939c82793d398079ace2b8b460cd7f
a10d799f02dd7f293ad7dc96385ceaf78b85f9d6fc44fd93f989c36b1e71
eb9f2cb5d99aecf6a71bf13fc9617bb2f239da6c4f49803f564b4e7a1bf0
f603d6e1c5568eb1acf01e65ce33566c6e9bda53af909d232d70f235da1b
5936a8de46cabdca06853dfd4feace6c146edbfa5395a1d7d8f6d4e5d5bd
e439db5d5be93eb2d94679f5ac0aca992acfaeb0d71bb0c867e662cf70f9
2279df4ee7d30f4c0b9c7ac5caf3d646fad6d35ed0b360d4f0959aad9d38
faefe4ad447b3e434bb6cac5d1d7c6d8ca715ce56c8372150564bc42bab1
1332710cf6753ef4936c1be3203bc8aef19a21fd26240e644f22bcacb9a3
610fa875507631f00fc1247f2bca333cbac4a58f9b0a18332276b1b09c05
9f76789aefa590f8b6cb88b28bd1391de1dc73ab7576363d9c8f9c6c1772
4ecf89e4563c497c593db582da97b2057ae0947a97be87e438f6fd63e659
722943ceb1365be97ca1abf1e956ca954236e7a9c65dc02728edf133a59f
358d5b66965b1f40b6a87ca5d7614e5bf3f9035597dab56488955bf1eb2d
043fd5f8f356f6d19efa34cd9bd9867716e5a94a33c43cbae323cd98f434
cf9b19f20c759a8cdbfa788b9267eee9eaac757af8acb56bc8a27f77ba83
d04cfa8ece7c7a907defa0dd6654aada239fef5269c7bc99ed7b32af616a
d0fb28e02db2d98d060f53f6bd683e6cfa96ec7bb30db203504e9c3f7d43
f6bad9523e909c3c72adb2d7e9b1f6bab686b2d70d54f63ac8bf5492c19e
e89c51bfd9cab8a69468320f82188a711e6ead4dbdf47257ac5d6fc316ce
8170efd6480e84535b23e327c7ae5ed3075c2df1322dbea3f53b2c9bbbd8
64337489390a16e999cc2bbdf531363f92fba94de81ad3ad36b1467d626b
33ec239246634cbce3d2078ca2f81bf0bf13b68d57f2b670be85115b796d
795bd1c33b9473e988e19c73e18f5bd91ef9eed7bc6e504e951bb7285d6d
a0b26f625d68c09a336e0bc390f6cd419c8b87e4bdf6a490329ce20f776d
657ba51573467367cc3c97eebb4198391315fd1df6ca61d41ed692866bb1
d741bd4fafe7be7ee6e6bc489fcd647ea0f582d692eca784a99f669ea51c
4be26969df8ce2d5ef557fc98e4db18d2755bca2e4d312079faeb886ed9b
1d6fedede4d531dfaabc100ebfa8666d5b8f42ff5861b36d41ae7b676995
da2aacff6b84f9d156b60fddb655d9b616a975e3d29fda6c5b117fa977b7
c6cfcd49316f6faff599ef50de9dd93995d22f8cd63897a6d78c1095ef60
9da27c915e4ddcd3487740e7f6aed0a4df9b1664bd35c3287789cbacf871
b1866ddf947780ec5b395b23b194eb84e28774de3f90acbf5cf14d897b96
61c1b360d1d8c9f836cc0519bf09d8da433eceed99ccb9ac2f5474387f2b
dbc9fa6c5571fab9b32b2c9ef782367d139946767bdfdc70dea2568e4909
c6e169ca5b0ad9f694636ce6616c76606c02c2bc7b2bdbface6c51b1da5b
1c635425e28ed18296c62888317a166334df3646a542af198031827ef176
ef7318a3801aa31d3c46ff6f4b648cfac719a33f6f398731026cef9352ff
e3bc5a6d4578bc5edfc274a95474796d0b8fd9de2de73666d17e515a2ddb
3aba87ef4c213f8f073771fe5cd6d367186443e458b81e7172c9f730ee8e
8a8bb9391cd742f6168a6921fd88d6ee00e0ef01bf50ce788a499b8376ee
fa3be507e27cbcf3549e83d2cdacb35aef4ba1bf1c5179342806d41eeb44
b9e863f2fddb7226511f4e808e6740c33344630df32091fd2469cdf8e029
51748273c87676e664e7bc01c7d785f3adab77d9ce7b04a2cf6e77795644
ce6e47ab5c17f26e23b655ee225b65d7ff71e4456aca31d76c9167babbfa
6bedcee9de5589673be8f3d69c394b1e84ec78e5ce8166bf6e9666ec472b
7d6893d9161e6aabec73a867f943528e10bef72fc3f06c89d81de4fdd824
43bab00dc0e2873682edf73f6c26ffdd91013a5b8eba1f81ee1393b18d4a
0fc7bc2a451b64b3243f4bbeebbbb7e175fa118197ecbc1b042f911f51a6
96f405e559a018d1707c22e53792778ece328e6ee43b0d8aa51e16c96711
7577c08fa0c57f6f3e3b2daa290f3f7e7bcd410ba78f35f96b938f2bcd69
f221da834f6d0bfb22fba4df6d37fde3cdfc4cf8c87775ddf4439b953fa9
3a5ba51c28a132a1bfb291e5cd579b792cbed8cc79f11a3747e49fd3b7da
990f8dce795284cc7726fdc9ff86baef9fe1985b79bea36c568483e5ef4a
e791227c6fa923379a03be759f7948e580237ebd7b33e74bb98cdaedc0ed
eeb3c16fab788be9e9844f7790b709d07a426b891cc364b6ed49faca718c
dc3555aeee7e627af732766c8ea6f74316bdbb44e87ddf66e5af9bcebebe
2337f339ac5de79476c106f0029d71415f9cbc91f5c9cb25ced703e7eb02
24df2dbe6b1a0f7a28dea3394ffdf67859372f1fff94d4b96ffde8ccc663
6d554ed20ea4ebd15deade20add584ff655d21e75608fdda4eea199ff710
aec991fe8c51cf5207a4b3fbee917e8dd81cf14b6e90ebc86c99c382f63a
bd36b25e28e45dc0947f2d43275e6e1a9f1be167dbfce1bb22338c152eeb
9e1eccb94cac733d393ededb8df1f7a6f8a46f359d0f64413e4b9f67b4ef
db4c7bb1d9c6359bd9e7fe2a7c7671c269cb70646ec814950fdd0e07b4ba
6433cf818bd41c18b099ef76213881a7e2cba69223913b749d63437eccc4
3b3437e5ba31fc3ab3c8e5594dbc554f392068ad49e09c12749ef31ada90
eb48663b5e47e676d7dffb88e68fcf3cb08179fa4f0a0f3b2d63d7fc7465
4fed6d48783e05afa0bbfefa47e4a7cb39ba69dd65d9991e47767677c8ce
1911d9099d80646778cda79c0a4a8e3afb59d2206a4ba057d8fbf9509c7e
3ef991ba5f0afac5631b683c6f36f4a7acbccf9c47262c879dfa80ca2727
7332924ed586e742cd132bd8f68b312f3e7c6623c9de62b96ef07d2de413
4a39fed117d349a77b081fcb96e9e67b3dbc1ece7b24bfb7036f67b16c5d
7598cb529eab909a6f6417f71fb6f20df0fd37b25e0af997a404bd6873b9
bce36b0edfd571f7453ac9a7485e48e2a5488c06cf91de46bd66f9e2609f
d995e6452f43e0d3db89daef6da480460f4afff459c6a94d7c0fcf0ff8ec
257dd4671bd95d59afcdeaca3944b33bf1197b6627f6b7cf6ecffa681faf
4feeb32f033c6b6c89ff16903cb79d215863426b44dd26965b7fdf64cd9b
d9c65f3711bf723c45f8ee6ddb7885d8ff4df24c81e4197926a8d398796c
3c737c532ccf7824cfc4bfa786e6b1f614cbfc304d6d3287c68d72ea3bdb
2ec913b5ce79591ba7edc6c32ab644ad6d442b6a9f68e7691fa117d1241e
bda2d676073de4bae3cf50f7ba6518af6d6279447ed6049f7858e23357e1
53dc5dffefc37c07b8153b42bed05467c726070dced2d6d656b41574b4b5
41b5f598b32de75a65ada9369de5d0265ebfe5ba52d55d7f5e3dd3da2edf
cdeda13fb789d7a1236a6ed1d95708bad3af9f649958b589e5f69b0af7df
6d62dd2566cd694e5f51f16fbb51ef83332c87587f106640c1b6f494b3ea
284a0727fcc76c627dc0ae9b6c52f02cbd44df14472f71c6d3915ed245e9
246d997e24dbcb2d3ae2fb230e3ade1c878e533745628768ee676d8a8e5d
9377eb401724f9f0932799865d37c5c6d49d550739b84ecadddc0fcf5d07
99b029ac8314523fb237c5d5410aa93f12ff66749053450e1d44b8fe4f75
908c4dac83f4dac43a48faa61fa783b457fc91ac78d9bb29a283acdce8dc
1344f67e562ec1073f8cf0ef051b1db9f65ad64f0a3da35ad64f9ed828e5
60a12890b2a030ab0e73f343d64f3617f15cdcbef19cf5934251ace08974
7dfd87e7a49fecfa11fa49543fe3e92753e3f473d18711fd647e11eb27f9
1bff77fac9e8ce1bc2fac97d87ceaa9f44d169cc87add74fe61d8aaf9fcc
3c740efac9f1f3feedfac9a10dac9fbcbfe13fa39f546c60fde4d50d11fd
e4950dadd24f24cfb4a49fd46c88e599ba432deb271f6f68957e12d5763c
fd2410a7edfd875aa79f104dceaa9fd8633401ef4c5f317c00f926e0ff18
bed765c8bdeb7019afdd7184b9ee9fd1f7109e6bfd479cf55ba147d0fe48
ad7f8522335ddfbc216afdc35a92ae3fb921568f28bf5dd42e5faff2a96d
50f9d436a87c6a1b28a7caec617cce7b6ebac4331b6cb68fb692a72b376c
90b694cac60ef29eb1ce98e3c3e3e5838f8ad317bee114677d990df66f36
700c35e125f508c07f78436cac7e5c3d0278d8e8378c64309de1d33fe6ef
304b9f58bc216cdb90f4bc6e43946d43d2336783f4a5a88c5a837f236acb
bfeb35accffa73d71b168ed922e5e1d00fce5d6f18b1c1a63700df1e1b9a
d11b8077970dcdeb0d5faf73e80d757dfe4ff5864e1b586fe8b081f586f6
1b7e9cde70e649e6ddd34f32effef3c988def08b27a3f506eb9edc56e904
135bd6091e7b52c99e2a257b7c3df5d20f582778721df3e6b6277f844e50
a7e0cdeda9affde03fa0134c6c59279810a79f0b3f88e804b3d6b14e70eb
93ff3b9da07c4341582758f67e2b74021b9d467ed07a9de096f7e3eb0437
bd7f0e3a816fd0bf5d2778af8875823f17fd677482578a5827d85d14d109
5e2c6aa54e30b1659da0ba289667fefa7ecb3ac1a1a256ea04135bd609b6
c769fb77efb74e27209a9c5527f811e71f8f16b578fe21f320f84db625fc
bcc8b1d7f911ede5b7a2bddb557b339dedb5e2bc6547916d8d2ce8a93f54
1475de8275a8977e5f51fcf396693acb6bbd88e5f51345bcdf5e53f4e3cf
5b5614c53f6fb9afe8df77de9252147bde9267836fd9356616fdfbcf5bc6
28fa66927f0be89d5514d149e43bd0bb6751f4794b68fdd9cf5bbe2f6419
f097f5e77edeb250dbc8be83b5e7aeb3742d621dc5eacf57eb637516ab5f
9fad6f5e67d95fe8d0597625fe9fea2c47d7b3ce72643deb2c75eb7f9cce
f2fe7a9e0307d733cfbcbb3ea2b3dcb03efe798b9c573d3363e24ac43a5b
3eaa16749a8514a339ab659d66ea7a199b7a9cecbd59f26ef5eefaa25ad6
69e61632afdfb1fedc749ab9ea3e3909afa0bb3ea3f69c749ac273d5699c
fd8ca7d3a4c7e9e790da884e935dc83acda0f5ff4b3bc7c8df84759a6b0e
b6acd338e9d4a1b6f53a4dbf83f1759aac83e7a0d31476feb7eb349bd7b1
4eb369dd7f46a7f9e53a96670fae8be834f7af3bbb4e63f14c4b3acdda75
b13cf3ecc196759a6debceaed338db8ea7d32c89d3f66f0eb64ea7219afc
1bed1c8564a798fefd8fb673c8faa39df55b61e758b98ed75fb92e14f7d2
e7ae8bd8393295efebcc75f1ed1c3f7d8265d7f2752c7797ae63b97bf7ba
1f6fe7b8755dac9de39675ff1e3bc70deb62ed1ca3d6fd7bed1c97adb3e9
14a067bb750e9d02f46cbbae793b4768edb9db3942fd8ba43cfce7bbe7ae
3378d6d97406e05ba737a33300ef8ff5e675863d6b1d3a43c185ffa73ac3
473aeb0c1feaac337ca0ff389de1bf95de5cad33efeed7233a834fff7176
0e297bf25bd60926e84af65429d943fbfff7582798b996797381fe237482
3a4b96f5d4a7bcf71fd009f25bd60952e3f4f392f7223a41dfb5ac130cd0
ff773a4176f091b04e30fcdd56e804363a25bdd77a9da0cfbbf175829eef
9e834e50f7937fbb4ef06421eb04eb0bff333ac1fd6a8ff3f3c2884eb0bc
b0953a417ecb3ac1aac2589e2979b7659d6073612b7582fc9675823be2b4
fdc8bbadd309882667d309a2ef4971d5ee71f3fc9dabee57946d56f5d617
a04dbab324d67f3a2d6aae06dcd36cf794f4947395ef53e969a4ae69f9ee
138a3f8a82e5b7c3e23b4f68de102f2e3f41b11bd38d3d65a2768f9feeb4
e27bc57e785c14b5fd40f964e3f7792adfd1d54f70be46eb3dc54272ccdb
0c99632f72e7c70c63addcbbdc4cb14946da5f899f6f36920bf94e480d70
78adb9c55848f4e8e533fbc8782157907dba671ad354d9afd672fe3b5a43
f74859926ed0fd7ee43f2e634d3421effbf024f25e8fee07a1713f46b82a
b9538a768eca793ccb5809195080b95fd491ed427d01234f64e8322fcfc5
b9666296d0af4f10459715c6de9f112fd6e124f8a5c1ca0b43f97fe70b9d
6218abcfe3fcc66f28fc4996567516e6abf44cfe28a9e051c23f2b231c2b
7391e2b5f0dda9dd859cbb913c4d092a8e2b12f3b049c4cf172cef0d9278
d9ee0deaee332febea6399e156770579a1aba15df0453807f3d2b571f208
7bad3c3a6da2f2087b0aadfc39acd7d29dd5340faa527d619ad4632c6a92
541e9524f639e79c357cf7b55d2796f7caee68fe2ee1fcb5145fc17e4532
86297ba45905f8f9745f4d56fb73f299271db200f8fc05f50b3afbccd794
eeebe4a5254f44fb48c4bb9f96d7a5d420d155c69182ae2b93d82eb6f23c
96c92b3b739e1b39eef5bdc3e3fee2139c53dbee677332bc6ea506bded1d
7cb0bb9de283c8fdb333cea8f828c738483e703bf8a0bd2f3cf64faab669
7cabdac48e4dbcbe92fca8f92dfa0318356f2ade7f8c783f41ae07f2ae65
8aebfd2ffcafc3ff33f82fc5ffb32ae73768717435c77ed61c409f0a784d
7eeb0ff84ef20cb24c40962d7c82f9b051f990bdf5b6300f0176680dcf29
cbb658f52e3ed7d8e6d9fbc2bcd3f2d1eac079d46a0e0bf3775276662899
35c7d8ff17611ef8bb300f3fa6785bf0bedea2e9c427acb945fd6f133839
88e696a69fc45a51f336afbb357fe0f5b8e600e74e3df45b5f981e3d9bb0
d6623d3d34c2ad938e55758730f72f166629fafe522dcb575a6f7354fce2
a76b38eefc987a1f746770de5e1927d4db78fb8830dffa4c84d720d20d2e
3b487276b641bc42f1d4554b858ce77f0bb4bf01f00adab0be417e5b2995
6c07ce5679c148ef2d30ce6c6cb2f68a224b0fb9a26d66430063cb0fe847
075f25db20b3f4feb6d8ff816bf83e312b2e446b54fc6dbb1bfae45a2e23
f79b188f32e0badd6fbb23fa2be8f0abec7744779777448b7a8aa5b84ec9
1a4dffeaaf67d2e4dd65b5dc9777009771cad417baa3f14e045e8b7ea075
67b6b148b52fdef2991fabefd49ecc49b68a73795b6d84793e4efe757bee
756f8edcbfe3334127394b7772c87cecab204fbfc1be01eda458b28bf2e5
d7fbcc716bd559039e2fd77ca6eb439fa9d52ade3bd8334aaebebc3652ef
eae6ebed12bbdc51f5b6afb5e47162eda98f3acb9c1a27b7514efbc4c85d
d4e0cdaa2342df3f5f9377513f7ce4ccc6b9ea2eea2c7517f54fff64bb8b
fa4002af8f8ebb832f5a1b7b7770bcbba8f9be3cbe8f3afb84a0fb9463ef
a4ae4fd0c73cadf6a50ff609df8f6ec5b7eb8fc7b94f79bfba93fa7e8cc3
439817f59a3e42e5a81963bb4f79a4ba4f79c2e3ac53dcfe9eba4f790c74
ce6eb6fb9441d3cbd1a76aebde485f7ba64771867ef21ddb7dca2589ba86
b6e2d1e4f3350e9aec6dfe8e6a8aa50bd307fa11e520ce362157db58f9c2
67c97ce143bff19903de207990660cd012f52fd0cec012e8f639897a7640
c5dc96283dc81dbd7695039f80cc694eb1876906ed8130c776f5bf274da7
fc0e628175ef62a4afafbf4371e79ceff91ed56fd21dc56961dedd86c7a1
147a60197440d2abc08707c9ef4cdbefd2af7a9cf5d3bdd027bbf6127bdb
da68fb09c95f8cdb2a7cde81f77b29769d62e2d7905e3943e698bd2c0b7d
daa1709adb4ee1d45ddfa0f0a89b4cb1689af9401bcee3b2019f4726d3dd
8c374570e9d841c65f3fa878a66ba26676edce73919ebd9f622e5f013a60
6e350ec1e7871c439df2671fb75ba5685195a1df8776ebae078d1fa75c0f
b3787f4839e6ae859cf36ae68c359c63e318e59fbb82f673b38c81e8c340
ec1f07906da6bbcaf908dd52039f505cfd5549a2a83fe0b3fe97a90ff0ae
94774f626fbe9ae2f02db94963678fc726d89f53decd714a471c4f6b456a
70407bcd1cb0ca76f7e43743e5dd93c7a04f07492ebbdb062f405b3b44a6
bc8392f2759cfa6892ba732251de3d29c7083cbda39ee2fac1a7e0cd9bd5
1dd943283709dacb947c9211735f7c10eb99ccf199a1c62d53c991ba543d
fb1d954b2e2d92af65e5e3748ea9e892ef93b185324e929e0747ee537d50
e908d266a8d617a62597099fd9d2be4ce58fe075ac8f5ee3580f56ac5679
55bbb03e508f75762cca8e5d93631ec33a9e74be08e7597d856206b0feda
e7772ee512800cb90a70e8fe07920374df2cf62debdc441f8c05e5323e31
5098e3d7a8bbcbb17e0da79c5803493700df5572ccbf7745824e722c4907
ce2509ba6b9e4bff46f12ae55a151321dfa7facc918f738e98d70d86f1b1
2a23f917ba8800bc362ed07290cfdca37ea3352e53b51fbdc6d9c6dccf79
3769eed15e8fe685f3f7e6f45ca94f7670ea9339980b397c1fe9a7bec83d
a4580b4f3fce3ab5b6866d728f3d2ef3904a9c5c7fc3fb8fd5fa77fc8a28
ddebdbc72377cc9eb892745ddb3db358573e6c938336724c3aff0daf69cf
fae4ddd8cb152d0ecd4fd46b5e14e6c024cab5ce6b19da3a2eead2a47c48
5b4d32a4b731b49d920d58a3bca779df247525f459cc4bd48725b15db22f
f4b9d16d956d4aad4fefad26d98571d31238bfc50a8ce9a38a0fb746d631
998bb51fe7b7f8fb6372af65be81ba4d697c273a8df51bdf818f32781f40
fad4bf1e53fc9fccfb862b15ed28a74be60ac8c9dd8275c76e234cb9ee65
8e90baa5cc45d14fe96b557df47c5b9e8b7d8f713e8a67acb6c1e7173cce
7df0ae2019d3d3a0dc09349ffb3cce71ebfdffce392968bf1e40fd34f023
eb7899611def210523acd375d2a275ba6fae953a1dd195eebd3d71a5caed
90ebd28f7989ffa2df35b7df8ebbafed9413e6b7798ff39e2186bfeed6a2
f4a49b1f6fe69e9d1fd4def824efddaade8fe8f38300bbaa4fa2bec7cb71
f81fad66defe109fa44f5d53776663cd67ccff55d8076468ccf37fa6dfb1
5ff829ead73ca6f6c18ff9a2f6f1cde99df6f63b50fbdfb2acacf9adc2f3
9104bd0a7bacfda509fa81f92efd13b475e846ece526f9ccfd37f9cc2134
cec035f83d640870adc1b31dc7938271dcae70ec74161ccfb8dbd69e9cd6
3dd034be0774cbf4c0e9ea363add4b50e2ef6a9462cd2ff3530eee8420e9
003bdca986e493fec9f20e49e699249d728ccaefda2079d725cd45cacdb6
0373f763e0417ac576e80365e0c5ed98ebb4062d7f8cf32a906d49da09bb
fbcc2c69bbbff6b02741dc53a272d1f3da956290deb10765f3d41cf2f4fa
ffbcbd7b7c54c5f93f7ece6e806cb85f12ee2110b9041005155914d80d15
0278e11a20206e12c14d50f102c8452110442aadcdf103a2b662121493a8
4829d0ac9f6f3104a54015091f4b5bdb4ab868b958ab16e9392dcaeffd9e
99b37b76b3416d3f9fdf1ffbdadd3967669e9979e699e779e6b9f89e66b9
dce733454e900ccfe21d8cb5a9797c22ae28f57e8cbb491898f7e017626f
4f0dc7f3af289e6256e2ffd9f91a73bdd3275df4c7b3fb6c3ecaeed12cde
575c982f62c188182917a64b19751dcf0df0295dd538ea456c6e9c697769
d69bc4a359d8f777616dd1ce897ba4eea2a2789a79361f67fc3df8802f38
7b07fa08e716606e003c07df7206fc89cd5f922f49236f05fecc8efdc2d8
87d53f54b444f029a0d33c5b6f644cc229e6299c5da7c1536c75679b7fc1
1e040d33740fe742af7bf994567701fc43d5146dc322d53763f69107226f
7a06e75001dbba46f24442de1925e30205d5fbd7530f83f3eb2ece27f323
74a5cf187839d0cb3b51962572857789abc733315faf01ae70ac5ec07a76
82a44f2dc0cb366f81b39bf97b75ed0bc694045ff505637824ea9e240fd7
a6afd04f0b1998f5cea13ef322c8dc265dcd2ac81e959021409b05eca7d3
39278c1935c53c81b357e8078b20ff708d701ea4727c3ccfd5d8441c62f0
32c9f8bd15e7e91611e749c45033180389f79afdfebc6a72bf2692ffe9d7
560b05955dca2d628c4daafa3593b2c3018cfd2fe4ed3166ce31e554ea16
a42e7ea649dd00cf816b56113fef349baf97f75b5f2f9f85fd98537971fa
cc4aeccfb877a7e4df2e378bf887d9f75e451778bf1c7357daa0ae2eea5e
76cbb8e7a4bf27780786ff6db5c6f3bfb1af5879e4674f466c70988ff8e3
783988dd1deafe8efac18be027dbe9968cf728f38a330fcd5b8c5552dc4e
e4105e7951b756fe139ffdf81cc2a71c9fd5f8acd585ae29f04fcd5a9997
e45d9999e40d08bfb744f2a6db7b6a29c6aa03f27e27d0ce6f05bf917743
b1797f0b5cba35d1e1e35c089ec3cef79bdb54b76273fd162445bf5f90e4
b7ec5828c156ba25f3fb7637a9bfde89f1089eba24ddc88a91777fbb4ef2
abe45573011f63100652748bf77a941389c338f38f2859f78843d63d4259
7723ea0752fcd66b949b20f3aecb91f81aa84d34ca5057c88c11def6483e
dab165d8a158a37a25c31674c1dca4faad82cfb08fbe8ca679769978ef33
1f7efbac824f50764e95e19c099ec3e723d08893e0dda74b180a4eb20cef
1ec3bb1faa778fa1ec437c0ee1ddc3915887627e7e96de202ede8f63e7e7
94ab2e7094f53aa05eb2c9fc94579a9fdb383f385bef16f303f978a29a1f
97c72843dd2bcdcf673f74cc4f2fcc4f1fcc4f2dc6b23f667e549978af16
63db8f31bf89b23daa0ce76f700f79aef6222790f3aca9147982a646e58e
11731193fb64c23a47ee18e60f4ad0765e25ea4f370bb631b6f60c33b883
f3d24ee4b3176d6c4f073e46cfa737663e03bdda1881dd588ba62e2b9884
4f5e1be34af3693d81f9dcedb3da603e835d32adac5ba45ee523e6994977
d725a1fc8ff81dc8f418b968eb4af3fb8c737efb637e07617eb762deaa62
e6579589f7c0fb07ab30bf9b5156aeca36a3ac1c65dfe856d08531b832c3
e767c1377ef19fb9a5985bbeb1f9fdfb139cdfb698df7626df8fccef24b3
e069ceef6433f80ce6097428083a24daf8a0e17e3ef144ccfc96b73202cf
a3de31d4fb109f93adae38bf659cdfe77d56f521ccef39c0ee8dcc6fe064
6b63c72135bfab31bf68eb4af33bd239bf43d0d650cc2ff8cbe05331f3ab
cac47be005834f612e57a36cad2a5b8db2b5283b0cf88ff2e38fccef61bf
f85ff019cabfd4ad96e1f94d6fa0db7b9e63c37bb95fca36ec392ef80cf5
1793c6a0ad65982bd0f8e02135c7da550d6257af8b9de3cc96466005ea55
a1de367c56b7bce21c67118e15e05338c77b205b5eed98e3bc56c64c7b8e
85afb4479e238114e36ffb2f6fa26c19a8c5dca30fe7dcdb737e82fb54cd
797038c6f3508467e36f51fe10e6f37ef5fb7efcde0a98b7fac3bc067f07
6b75ca531d78b6f9553ca0eb49cb6ae5bbfd30773df96e2dde9dc7bda0e6
abdf550df6fccd0de6ab851128c47c3d89b69ee27cb5b8e27c5d5a8b7e0b
7d567bced766cc5fba9caf139ca35e2d8db43f5fde24f193f3d2e28a38f9
dc3a074e8e04ec9958fb39803f2f06275599786f0ee6280ff8978db21c59
b6e89ffc8ff21c7c06612ce00582e0050a6b9b1b8543f07f19feaf50bc41
a666ad6926ef8d8c0eda8685437c566028f89cf692470f0cf55979c32153
8e543a56a5770a0cf7a10ced67363782b783477908b8bb5857f94993245e
d4a41805fba5ee2b9089f7c768d6a4c7b50dc1567e2b6f8ccf9a371e6590
d3a8b34ca3ce329020e7e44ca6750b75759f665a4f03a64593356b510fa9
9f08a0cfa7d6893b8f235ad15546568c1eeec0da98f55c9d6404fa63cc93
31e66c7c6a93aeb89eebb89efd7dd68b07b19ef3804b1dd4993832c9c845
dd06ebd72633bc7e19eb227aefe0c8f15edad0616e42c471d242fe16cf6e
f78582e3d5eff1f80dde2c38871fd4f1680f962a398eff8363b4d040fce6
5c2d823cbb9073f70dd736c948e3dd475a92a0d5a3998b11f386716c5fd3
46ccdf76ce5f738c2359e5cd0ae6a0bd6cf4932dfb01ac535d4a96615930
530b1177ede7e08da726f17f26601c099e5dc15793a44d9d21f17132eb98
c06ffb3773950600636e53e0ef18d46ba5859807a260a8169276859ea420
f8d09def5cde24f02f45e86f848f49ae4bb332b11f735dd226259002dc4b
d2ac11a449ad843e69bbf6ee555136edc1e1529f341eeb56d0ca177a609e
cf5a80beef035f7d6f2bd4070f9abf033cced33e6bee33c0b9c53eeb9e65
98bf8b3eebfea1be10e37f070e53870c7c81ec3f486f95441b1bf2b705ed
34eb5a1db206e496417ecd7b754bcd1ad856b36e45bf03cb34ef80ce9ad5
bfbb668dea894f6fcd9afffee54d8499363177637c79683f77b82f24e822
fab3ed3cc4fec11c65606f0406f9acb518df488133982facf776cca1fdfb
75ce27f04efbd3e54d028780370f8b33ae85f1af3f4a3db5a009f6fe17cf
5a1a17d433d2d26ddf90feb432fee67c5f9d6113f90cbcc819e733c53f7c
f135f816f081279ccf14eff6349f8187fed0f94cf1bda3bf963af3f477d4
99e018bbd3c68538192f471ef151c85fcda9f3b4e52f9788c5c7982169da
a8635f35937a990bcd31df4ae6bad03ad58cd81577a8ea09f9bd574b9ff5
d7cbd27ef842b34c33d6fe21481fb1d71bc6290c885c2ce20ea484f741e7
7f1d895328e2845cf05bf94f089b8b928cdcef6073d1603c5ad557901d9d
f2e834ecd5afdc917882ceb13580f9e78dc02cef8b4a785fb42716e6cffd
d6501be655dfcf4e44f4b9ebdbfb2c8bed53cbb43adb7d967d7b9ff16c0d
68cbc63c0d8c617cbaab66bd0d9e771ff0b31678baf779657b01dee8c049
b7f0793bbe82baf704833a89e3ab6997e012f2a6889b8eb3f338cecee3e0
0bb4d3da829a94a211355d8a461cc7997f1c7be5f893ca76e319951f4c53
3850936aec7edb61bba6ec33348cada64abd5b33489e7bf56ee3d5b7a55c
4ddd7bd8b66347b46dc717a05935bb55dd402bd94f7d9af1b338fd7cc277
df94b6238c237aabddfe1e47fbb5b27da113a51d89aafbbbb5d2bea5e650
a4eca85d763852f6de5a69d37d4ed9289c557e60a7bbcabb9bf36e9943fe
379031f7628e6b31b7fb30a76f634e7ff0b8e42168273cf271871d0ae4db
8317955d6cf11cb3dbe38dd89f2cb3ed4fba45d93bfc7cad1dcfd60d9c68
0e1ac13b18de7fa49a0736cb18ca0797c9d89cbcc718ba56da6b7fd02bc1
002f60c5e2e72d6ff35eb7875903591c67fb8613cac648d8c77c42bc711b
031f97f7418c6de9d92bef033cbf9276aa892179bf2fe983bdde2ee31ab4
5b89f7a9ffbf5e771b4b1e977a3eeaa8ca79071ea3ab3dd1449ef1ec8377
589e5d6cbfabb21fe86a0e6b2f636b6a68ebc4a3d28658e4267677937dd7
d878d9c368f336ef856799722cb3cdf7d7c8ba3dce0a9e6d7b62f20fc2f7
a953d7ca675176274b9d76277de51d05e0d15fc79aece55de9047527e536
f6ae9130d3f6e204f6a7e73dacc1007c1f54f6edef28bbf4bdf28e428cad
52ddf9bd8cef1ef82ec337f671078cf5f6f6cc052173d08492b50dc4ef37
d748db48c6ff8e776ed00695bad4d793e5dd4ce871652305bc4df4fbbde7
e84bb58afaa6fe4f5257e8d13deb296f25ea495519dd3523e38bc79e3e4b
fb61bf66b83cbe1d59a46d7ea97b7d016d9d6d2d6da6c53d69ba66f5f0e0
83b35f473bbddacb1c35e7983f9131d2d3313ecdb3be3ff804ea37c5dad4
2bbcf0251895fb400fd3d55d29c623cad3128c63bc17e94bda876f8ea5bd
bcc37c15df7997e3c7f98e7beff35765c7b614f451cd43cad2987b9f8919
51f73e7f7adcb68f49a8bbf4bbd6955f2f6f5b79f109daca25605f7533c3
f4b40bf77d37f340aac4f983bde41e38d847da69f753f942191ffe359167
81f916ee14384ffbfa57dd9d4ceab0a69df559591f4bbcce3ac136bb9859
2ff07f6733cbaf1bb76668d6a7989f5bafd6ac0983356bdc0d929e303f40
26bf8b6798bec7a9039f6156e137ef2eb6a1bfd7dd39e863b659e0771bf7
1768d67df781cff72718f7fe10dfb90946e18f6dbad0d9bc56b49763326f
2373125fbf2ac1604cfffe2867bc5b99939e76b239e616ecb5fee0f3fa09
bf12b7a1714ddb3437882f29c0cd5dd8a7c9edb55d83c4fe9d6d6abf050e
d4293b8af7945d05f7c34df8e67df7284dec6fde53787eaef6cbebf2fe3a
117b83771733b97603b8a78053a31d36e9d7f9acfbf08c770df3f97d1364
3b7e8f021fcb6fbc3bf771697f914f9a0378b89fc59df752e2d7a4ca4bbf
bb43dd6927c83b6f8cf5ec1af9ae8679d8eb52f51e94fb34b16cb437b189
f660ae924386f1dea02f6d6f48cf668835e4d99af52ba99b9ffa82f445ca
2a4b30c66dd4acdfaab67977409f1a6daf6ef02e7753b1b4fb15f9ee3b4a
bf838cab8b201f78d6a7619d6853b66f4d248e9cc86f364a0bd97e2dc483
3db16dfb5d06e3901715cb7d495b6ede8b640c8e6ef7f535d2aeffec285f
88b90eed36e5bdc20cf3e53512dfb6ac917852a6be5f54e52fac9178f8d3
35d2a69ab8d22f0e7dbda4e0fb7ef4357a8d82c5cc7b9d6316ade13d41f4
b3308fa4fc002ef6a03d801eb1bd55beec51f6b7ad95fd6d7b697f4bbbf7
7ea479272276d787d748da61db279ec2dcdaf6898ddae0ee1dae6c707fa0
ec6874a3e4eb7fcf0677e79a2bdbe09e7137a93a3008bc467fb6e1ae3ad0
47b36a7a29deaf0b788c939ac1fc380732f1edcca103f9721fcadf46d93b
283bd6c5b6e11e118e9fffec9af8f7e017c947f5513c46179e23f26ce3bd
30f9d79a219ad505708bb92c8bd87a2e5f13b165bea86c17c4fc81ae793a
3b70e184b407705f0d7a9d117dcfbce6d8f7ccf57083cf4a1aecc82700d9
d4e3c5993542b3ee5c23efe83f2d5639043adbf6967adc1c02531b998f83
23e5f80f0d97fdd4606ef6f612bc7e781d0eacd68c4398f78398f7be87e4
7d7b5db1dcd3efabef43c5727ef84cc3da1f54e5bf2e9670d6722fabe784
b71ff0ee57ea9dffc637cf257137df25cedd3cceb40b77b411671acf3391
c7076750b99bf7f29dcd9d3897c86394adb6efd273befd2e1de798bc4bcf
314b563beed2511ebe4b078d484a5b3b39033c06e93defd36933c7fbf433
a0fb4d8813b45bb3ef4c99df78ac3c2bcedc14738f8e73e1cc75ea1e9d76
76cc6d857d7e215dca8abb8ba5fdd5383586faf448febf33c592af903c95
caf92c6004cdbf46dae89dc37a721dc94f0a7b25958f39deddf34cb4f71a
ce4ce637ae622e04e2726be9f7f9238cf153d0ffd7404fbed33d7457c73d
746b2967549cd2eaecbcb055e02dc857f06e5cdc43330e08cf09dea593bf
632e32d0bdfecccb0c5e82fc32f9e174e6dcac7161adb50d4f144b9a79e1
8e899536bda43fa1edf34ada48597297889fd143f91846e2ba328e0663e6
47c5f3a08fabc24ddb37813ce8f655ca9e00bf990fab03de29dd7767f52e
f2ed4286bfc5e1ebaad5c97823baa4d1b407a4fc3fdae94f119db3e32f80
f513c0fa31fa3f8d793e8579b1f369d0c6ab82f347392893742151f83132
aecb31d0ba332aef1ff5a3a7f0dd44ecf32655bc6b3f8d4f77e08e2f41ae
85a05f7bdd86472f0a69e071c5ddb8a2655918d3ab2a3f07f93be6ef3849
db3facc569accdc718fb27988fbf34976b247330dd692e062f3c5e77d863
fa93853d66a5d081447271d0ee52f0df232267e88062f264ccb345ffae2b
f769f7970d3a92a13b68ab9122686b454c7f4d57c7f7d5f9b6f3a945f177
f011f92e6db68db4f98fd5576e93f9b82f8c26fc9e4ae6e3bea070e6ab1e
91d8b6a407329f8acc59f2c93269a37163adf469604e6e199f58e61a19cc
7281377a1df190b6e365d87fb7bea372bc620d33b11ece1ca7c5ab1c36a8
c0c7df43a6212d3eb64fc604626e6aee59e6ac3c439fe1f6c2b6e269ca4e
7f59c61c83721f9f523e1dd4e5d514691bbeea61ebbac6555e003d64feee
58bd93b03ffd5543bd93f07b825cafd3f60f72bd7b5f94dea984fab9e598
5f61037fe2fbe9baecfc2069ab1be60789772e0a5fa0e1ea0c4c9579d1c3
f9f9c0b37cd04bea6dfe55a47c7694ceaf66a466fdbdc8a12bc9d4ac155f
46e2d20a9dc418cd7abf88675fc40f6def78cdaabd1dbc4caa7d8ea745c9
7777af76e6008ae8d1e8fb00dafcb9f0efe4bcf64c13710a0e8c517e3c23
a5eee883e1bef058669e957874a0972efc9a6afaa8bc5969ade4dc07d28c
cfdfa24e25d5e49adabe4ad41351c63e3819edb6137c7249d8fe1bf8f1ff
beb9bce9ace2f36ddb6f9c9deb49c36c3a90c1f3cda183a2edf72bd4b138
f85261fb3d8d7a7807ad59d5bb81ed7713c0fa72a96dfbedf075d1e3db1c
c695b5a761df4e72f80d76c7b9bd5ada4126ad56b237e070dd06de7e9c5a
1b5fdfa8b5f97a956dd3ebaefb6a16f7768bca8b779187770bd9bb26d327
e67fa75bf9a9600d8e62ff91d7a21fec0ada3d415ef5635d76822e7e71e6
f2a60f3275e68ab762f7c4935c17acf963adb40dd4416dc5dc718ff3bee8
2be092f09d2949e73d5689ba732be19d519d5bd904b7b66d82679b895e8c
fb1a89c757bf15d1e7712d938b540e43c64dc09c4d5e25f78d9091727523
0d727d852b3a275e6d9194933a9469c64ef0681a646d5dc664c0debd2a9c
ebf8445f69a77566babc47024e89fb9ec32ba5fdf0eb45cc519863720dae
5f25d780fda6add28d7e83c5dd52096d8369972fe85a5aa6751274e93955
8ff12a449f69bd8d0c2d6223bc9bed031736727f5e237d9fbba1fd8d986f
d6133a28e0f7b1958a3676947ba83d61604c2dd036ea7d042c658005bcff
a3aa4fcaae67a6ab7efbf516f91a9f677fe0d596dafd5d276c10a55c9e2c
75835a67da687635bf2e92b1051218ef51c5165883fa5f7e2aed9cb49eba
f1ee37f2b7a7bbd20574271dbbb5f2ab59b67db15b9c31b16571e9efde08
fd5da7ee12594ebf2cae63eb558aceeaade2d259e25b031aaa78b28b7d79
562abe0cb854bb5fb3f6d62a5a5a457fca2682461ddf46d9a28988b97e7c
87d4eb1f5f0b7a54ae1b89cd24af8a7e263f0b78c23afcd5895ee17bf90c
3ecf2b1fcc3d769ee196729fd4a41a357b1aeadb93b8e70ed97b6a90d4b5
fadcc6ae3d4aef7ed8a1773f1aadd7279da7de5bd65574b23ecdd81aa79f
cff9ee8711bd7eb6ddfe478ef64f2abd3e6d9e3f89e8eb4f287a5b732e52
f627bbec3387febf48c63e39ab629cd8fe95a4d187bec47c636e6b31a753
564674f8b7ad749c4b1771e67f1ed9f30356c6e8f0ff89fadf602f54299a
d7e62683bcafe465409b8a6c9e8be791a7f2e258aeb9d2e1ef57f2755544
877f4b91d2e19737310eec6e48d7a6ee513a7c976eddd82a4687df541777
3f37ad74e8f04f281dfe9f950eff0f529f29daf5a9b5ad771923f73875f8
09c6132bbf870e1f6d0a1f2ad2abbd526f3cb6a5adc34f303e5f8c75013d
b075f8b167680fae7b5fc9bf5087ffd10aa5c3f7e8523e73e898f28b6274
f82d75a1630ff3be7b9b481d137d24dfb3754ce3d47ab88c232b940eff0b
9fa08b9ebf4a7dbce7ac8a25f3b18a317342f2af626cd46762ef75c0d872
5bd27f42e6787eb7b5d4d9bfb742e9ec3b36a2b36f2dfd2c6a5a4b9e97f1
7ca8ab277ef713bafa8c27c997e8e001ce085b0e4f95b48fef2ce4d25fae
94f109edd824e4319d7af99b01934fd8840c5278e2360efd0a3ca18ae943
b8447991dbf8c7bfc0b7e27fea62a9133cdc52de23bc8bef85df47f7de52
f95c546a5682da77295807d7d7e8cbb2cfff66d1e7ff4a5bb742dd3bf514
ed2a2ffe847d24803feb6286e95e17a92f17ba77d07ea17b07de08dd3b70
f9607ffeef6e1e1ca474f243a44ebec263fb95e6986f883cc55227ff3af0
781bf5f422ffe22ce1cbf8e904cd9ae6f15b594dfc22af7796ee973af977
d86747330be7d61d38b7fe86f9bbc3ab59b79fd0bdb7f935ebd65b346bc2
38cd1a779b66e5ac9439b467ac94715ab2f1fd06faa17efeaf287f0d7d57
099e6dbaf973c0b3bd7886c93ccad4d33ff843cd7ae0c79a55b02ad158b0
2ad15bb02ac1b8dfd0acfb36a26c6f8271ef739a55f882a20bee4ee6a895
52074bfd7125dab81e78de2fa459de95cc514b5f52595e2efc26664674f8
7a13a39ebccee7c3850ebf37707597bb8b7943b2d2e1a38ef61570fc0ba5
c3ffabd2e19f553afc3f281dbef29114bafe014ad74f1dfe41a9c30fae6c
5c87ffe84aa9c35fb652eaf097ac943afcc52ba50e7fe14aa9c37f68a5cc
f9c8fd2cceed4a9edb932b2ffd6ea2c221a5c3c758cd15f25d0df370e412
ef0051af4cd1a09eb744e9f0c7d126ad2fd735c774e9323730e9a1d8d3ef
48fdbde7441343ff15fdb75c06e3c8bcfa98d4d7938739d751ed3decddf1
3714853282fd87c5eae78907c7144c61fdbcee16baff67555bbc6ba1ef66
58ffef557a7a8cd5be43ab5d11b903a0be3eacff071eed896d7f955beaff
1f93faff2ae12f3c47de018c68d8f6ab2bae700f807a5b56487c2e5b2171
ed45f5fd822affe90a89e7cf09fa9c23f0ad5f1c1afd4f05e7f7a3d1d1eb
3cef317937b16205755ad1cf1a8dc582753c85f9de07d9b2c6964987809e
94cb585ec7874abf77eaf96c9e69c20a49934f315ed850211b82ee760aeb
b37fbd227237101e0fe88067b0633c7a5719af40c8570e5ffc3f7e8ffb00
bfd28d0c664e6b9fb75f99cbcb584efd6e91319e98679ab19ffadd469f62
ca629ab555c19e3258d1dbb4ee0e9d76449f8275ec10efdee4e0641987ed
d0ed522ffa9bf13eeb55f020ef4226fe14f3f85e79a6f7afadb5500d64e3
bdc3a9f773cc29e6f1bd939af75dc8f7768ee383b4b77c5bc65c68bf42c6
706babbe5bac903e94492b840f6388f615fcdfcfaf7913d53b4dd5b7be42
9d77ea1ddebd68a067df3c269f5f7a4cb6f50f7c9f53b61afc5f8167b6cf
f5e7eaddcff07d6088d2990ff145ddd7483dd37fae1ffdfd630df5a3c147
a3f5a3ef3e7605fda833fe19faffaab9ccb7558a0ff98b92ff56b113192b
11f427514b5c0f5eca5b91df631865ca8a877b0cabc8bf6b986dd728f8b2
87d57f5d9bdac4f1bfd4a54dedc8ff78bf9265a00119d236713ef5d68c0b
e212fa78adc357920ed17671b28cfb1889c595a86288fc033c831d4fe402
7eff139f4b539cf1ec12ea4a8bdb9865eeb62287ef16778ab90b67f8d6e2
b62a376b2aca52cd7589f2cc608ed9329cf976bc9f74fa5d57fbad2dee76
e6558ce330cc6fbdf098e47bcb8a53c4fc9416b7337f8cf9dee29e8c7330
1bfd3027f02c911fbdb478b2491fbf8c557799190d62e4b537af459b9118
795384dfd6557ad2f997dc1dcc17e9db23721e778813b32b39aa2efdf1e8
e793a07bcebf549c2cea0a786ff65b0f3e46d8b2552ee56c93fe8fb2dd8e
71daed14d3ee0cd12ef8bcf365e089e86f441eb3a2b853035fa54af02f51
e371cb987ff4552a038f13ebabc4bccdd17de544fa023fc6f7572afb9bf0
7cba19afa3bbf9d672da02cc3677a9181fe5eee926e37331de1679ac5de0
b576b9db98f6fa89b9d8e9b7063c267d2a25af3fddeccdf68ba742ce980a
3923bb819cd13341e27319fdea049f33dd91fb1975dc53005bb6f9d4426d
03bf890fd3d8e668adcea54f14fd54a46b75badec614fed0db33adeb1f93
efb29cef8858645bb4ba573926f7c4702ee94b5364dcaf9dee4918d33401
5f19fa24bc896d250c7cbf4ce4c79e28de11798241ef93d15fc514ad4ed3
db546f54f14ed827df11f5d518389e52316f8e71310e00e709e75f998891
41be2e5bf459b985f167da887eca547905ca1275f63f49f63f9afd4e34b9
2fbfc21e8a1d0fe1c2fbd589ea3e2a1e5c1e55cef9d41f557226de61acb8
7f2c57f265b1ec87faf5a270fca968dd0678a9904d5785ae3853b76a47ea
384f741987a8991662fcd74461bf9ee8957a3fc8b1b5cd652ca9dae6de03
bd12a53d23e4dbe34994713d5217d20bff217f1f87fc7d1cf2f0f121f80c
d52d210b49ddc311ea1e9e78b3a1eea10e63aa19a387750f37bea9740fe3
f588eee1763d4ab7f136ea9c77fb429f36f385ce39ec05ce2abdc25f955e
e1bdc9ba351fe399afb748fa0de0df0bb86b01f70780d7bb3ca267b86eb9
43cf90ad5b7b3e8de819da2e8fd133e4a08d39ba752cd5afe2b7df1ca567
d8faa8adf74ea8fbea61ea565b575e7c84776952b77a608c5fc6a7ca84dc
36d22f74000786fb858d933de72f9cb2e35dde697ed0cb631ce8a35b3d1f
65dc93d9422f70b01dcefd144dcd6f0b39bfa59d8d6bde543af03cdd3a62
c9382d76bc8564ccaf88b950daced89b09597619e946aa39ad7344bfeab9
cd0f39ae8be919876fc632bdc52f757e23fcd637cb95ad4e4f8f71cc927c
7eb9d2fbc5d28a9af6b64e02740973a84fc25ca1ad0e7ebfe519c1b6bb98
895e29ef2df0681b724f51e7315bd265d0beebfd1ea35f866e9d5ece3bb8
9961bba8fe3dc153f4d6ac3f7a641c099609b9daedae4a9b0b3cce4d3444
dc996b7b183dc1cbbebb4cc29c5ca05b37b48f8c93e339648f077d955b4a
4fd992b075c699901525b74c157ede334dda1e65616ee8533d156361dcb3
ac328f31ee069d791a8e68eb7a1b671c7e01671e917ae21f2838ea553e0b
ca4a940d9e3b25fbe558786f7541c570d4fc4d853c712fea5d50787d8e77
e93db448cc14c82c897ad27af2531e952362e3722957d026f0ec23119985
77f3d4eb38cbc4d8f7a21fc8988f38e118e584a399c1fbfbf1cba44c597f
1df57945a17ee07bd86f0ff4db03fd3eb25cda0d9eb92ea6df1be57ffaa1
3b659c44da2bf58cf0f64796c7d82bdd0739a5bbdf61afd442f0f5c4a3c4
c7b3bc9207baa3f2ab8795ced89d60dcf2e7cb1dc598a6e19d5b640c9497
974b7e706da25aeb49ea19e86068b994ef7ea9fa667f5247edb762db267f
6ae3cdcdcbed382dd1ef087aaede213d311bd1e1846d679ac5d8cedce797
3633dd19af23d1ab3fa85bae45baf593e5f69d8edf72dde9b7f4998aee94
b48a9271d62db7e94ed3ba4bbf4b06dfd7b1f2e22f49779a089dce81c57e
a1f33bf0905fe8720e3c99e5ad18ddb5fab785a043f364fc9603799236d5
64fbad2bd1a73b00d3aba3675557291bb403b5cd8cdfd436f31e02fd3f08
fa7fdf4907fdca03fd1aa45b5f2c8bd02fea31b700d70e527e194ab950ed
dbed3d419b74e3a3a5da86afbada71a272c49c7eb44ce919723dc66e53e9
1992152dd91bbd5f4362bfe698d43ff916f92dc6c0c8fa21c6bbaf7375d6
2aecd7c1baf5de32195be200dbdd37b33a2bc98e15867673fdd6d9bb807b
820e269ba45b1726e03f70efec8b5a88f1ceeaa76b56e54909c749c68b98
65ef1bc0e84f30181feb518ce302f50c2ffa4255922fadaa9f227517fdb5
a4f5e374cd4bfd45e5e84ed5e13d331db8310bfcc5e819e1b20afc16f4e5
deae46861eb91f1ab454ce4929f8dc32f0f3da5eda1a75348b1d7051c716
81ab89c1585dd94ba9ab9a06fe711a78868e42675d06fe251e4d29e23c09
5e79bae98489318bf89fbc915d36cb9e3fccb9d0613de817ba29319f7de5
7c526725e693366c1cd3d4dec63a27cd7c42d2cc7f2c9163a31c467957d8
6f82fedd6a8fadaf8c3d11199bcbe05d580fceb9ba671034b3aba299ede3
d3ccac6532870fefcbce3ee1a05d8c71911e5306fa36cac6c3bde88fb1c7
9cf08c75c2e316b4f55f18c759c0714ed1c7fa9be2eb84fa2c93ba39da59
45f5394afea7dd9693860a1830cf8993445c032b6599bc03be3951c13729
4207572c9374f051057b34ad9b5e79e977d3946d4a5349ebd49ed39751e7
13fdfc7fcb96e9af4b1bcaea8f2d8996d54f2cbd82acfebf00c3bb716098
1d0343cdff310cafc681e1a618185ebc020c8dda820cd2ac01f437b079fa
fd9ad7becb3fb8da651c5fedf2866d44fa0b9b8576e3f5e64987506edb8a
3cb024c65604f43ab8c4c12b8376fffd6c8cadc870cdfac192185b91919a
559be9b015298af605f8c3d288ad08e3b645c578c5fefd6050c416e458fd
e54de0df0d6503b25df1bf22d7f9825f4a5b83bca68dda1a94680f5c6fa4
2bffdedecabf77f7bf580f7cf318cdfa2a519e3be784adc71c33cb2bed8d
a60ef65959574bbb8bac777c5eea59e837302e43b3d2b9c7bb4addb4b03f
c0d8a927bc7ea9dc936b974afbb5736ea9c7e1bbe1b8847b35afb86372d8
a5d03e2ff9e2e54d1ef24982578a894dd831621bb70a6d53677abab5b44d
fc8b92812e2a1948d8a6dc16639b927badb24d6916b64d3929ed53b6bfec
eb19b64ff96a80e26f948d4a5499dbf5fd62d3dd46dda99cbf7eb7289bcf
ab1d31eaba638ed57ccd507be2c412c9a35db754c5aaa35d8bdf67e92314
1e950e898a553776697cbb3a615b847e6b86faa270a93bda156790d627ec
c36dc7299cfe88b6e1add39737119eb70007efc084ee32358e8d1cf35574
25deca98f862cf605c5fb58ee4adb80cd92cd044caf9dc5b8fed96f1ff3d
d7f34cf2283d62aad223a60eabc89f13a3479c13a34794ff7d2e6d6a07a1
479c33ac92658de81159c7d62162ce43cd95ef349fffd3a13bfc87d21d8a
67cda57ff857ad850d74289c73a6abf42f6ecc66d4b6a3a0ade84beeeed5
6cbb6274f7ea75362ddaeaf2ee037daa05ddd9db47e9b229d396cb9c35b4
973f502b73db1fef2275dcb43d16b6f5e5ca8fb2dce5b56deca58f674b49
076a528dfb7637d433fc126b48fa2569462bf96e7d9a9117e7ddd7f8eed0
883d44bbdd4a2731dc610f31d2610f9119b173786189b27d1813297bd62e
1b1f29fbaf25d21ee253650f71bea3b42d3d0bbee325f79dd555a3efaca6
fc1ed665dc8eb9c2bcd47691be043fd4b8ce494907310f4d1f89e832b447
1cf479b266ad3f13d1657cb4385a9771ac9dda4735a30ca77deaa2258dfb
3b329edd81fed27fc35eb7094be43d80f988b299c0b972a097caab28e9b3
f07b6cb65bda4c9c6f12b197a0ddf0178b1d761223949d8457d949dc10b6
9310be8ebaf275bcb0cb6127017a35e2912bdb49e42644ec243cb7a9bbd3
71f2eed4738b4fe83be8bfc0bc068983a57d8499a06c27d07ed9fdd2476e
c01229eb6670ccee5966df2532966eef2532a631cf02d1475b7577da96f4
22e2bb2865c939a60e184ef45530a44b18780feaf12bbb8711caee0130f1
8e4bf82cbe9ce9c577c873b5f481e8d0db47f97b036342d2defec966d20e
62fd626507d123be1d0469ea8947182b967917c117368b630ff1b2b28768
dfc01ea22431b793b08778186d9c6f2ee2c1897b24a70d9a6d17d11ce75c
5299e6a57dc48504611f51a2a5a9752c7219abb18e27bb2afb881ec23e62
7bcf34b7f1c6df417bf1ffd87d12ceb54da44fc11a7c2f067d12be385d24
8f13a62b7d74aff0cb49d1c2390f0ea93c10077b91d7d1bdf40da14f0ef3
423c69f33c287f0765cc892063a0360fdfdfed78e40a7e395d94dd5092f2
cb69a6fc7218d3117bf47acc4fa2b06b8fc4e7dcf888f42bb1730cd83a8f
34eab69c7e4d935a09bfa67ebdfd5ee68a90b437c2333df1cf2bd888348f
397b7bf27c55b44ad97d2f7d44e5587844f9e384edbfbf3d16a6e02ffb3b
fc6d94df136d8d3f489574f3c4a218de11f4fe0f8b1cb409b4f8eebfc4f0
8ea0b9bb16c5f08ea0b9b5231d3e530fb48be21dc73ff22dbc637f5f18ce
b11f8177046daa89439bea774ade519497b692e5453d8d0f774a9deaa317
2e6fb2f5160d79caee466091b457a5fdf46f150f4999d27383daabd8b39e
0cb5a775dd781ced91bf249f99d5137c646fcd3216c5f091e4916ed1acf2
c5922fbab058fa2470aff2bd886d0978449b7f6c2df9c7c7ff2ef8c71281
7fb1fc63fb08ff48da7b0af37fbab9e21f5bcbfbde8b6a2f0bfe11bc6cff
ce4efeb17363fc63c9cb35ff47fce3389fe41bdde25e5ef28f190efeb1b3
66bdade6e9c06289db93164bfe71cb62c53f620c2ed055dd6bf38f5da3f8
c75f2e6e847fcc54fce3105f143efd78b1e01fb7331f5b450cfff8eb85da
866b4e4afef19ac5b1fe62b13e16097597a644fcc5e8ab25f6ce58ca939d
842c69fb58740ba14d5deaaaa8131074e726457746695647f475ee26615b
62d1bf2b8939129a8016fb35ef3afa72a14e1d682ecf9ea7172a39b3af8c
134a5ffa84c5f27c6b628fedd19646454c9cb012d43b89753c85f778e745
3f313b675139ceee13a0c1d23fe84e93b90b9eb0fba10e6481163acf3d7e
9dcfba07f25afd025fc88ec7c5e7a7f1ac97e3b7806143431816386148d7
ebc81ff2ec2ec3b95d2e6cd8dc55b45db3739ecd73c230560b1d5a24eded
c61086b1be10f8e8300cfb16497e243cbf1dd5fc829ebc8567b44312fb34
667eaf256f4f78df6e29e28d39e11d1d356780b7b5267cc2cbdc5d006f27
052f733fcd34a93f1aee84b7af16dabc48c618ed4278fb821777c5e080e3
ec7986302abfc5b3a3233a2611f714703655be7fb6fe9eb0b32dc6aa15be
be53227e6b71eda41db150f6812fad055fbb774c8c9d4f7369e773a056fa
e21c1fce734237a8673e3e927786ca372545f2f8c74f6a5eea21e8ab72bc
d6e5f5a9b827ba8a7bb2e4170df9f4da45f1638590bf22efbb17fdd70e97
76483c936e5e18e193872e74def9e1dd8f237c728785317cf210452f0203
a3eefa5e5de4f47189c83f824fce061d1aefe093312fab16493e79d0229b
4f7619941dc4586bae963c91e63246fc42f2c99de63bf8649c5b7d174abc
9473a378a8349731f8179217c6da1ad7e36c59b690b926f0df237d3669bf
441e3a6395cf5bb9af7b754592bc073f0ffcafdc0759c33d47f0cdc4efac
49d29f3eeb36495ba782e6669569c6049c338cbd32a1b3e4b9ce830fcd00
ef34ee84e6fde742ea93e798682fc4f6fe8a763fe5b9e6d78ddb32348b31
15b2f6ba8c0c219ba2ce5e9757f0080f634ff490b1a99c36bb4e3ef5c645
f24eebc442e5e3dc53f9882646fb881ec1f34ff13e61a8020c94a344ee70
dae826e2d342b35ab4a13f60f3a4a452cd6be71888e5473fdad1c05e777b
cf80cb68fe85b4d71d325fc2f3e642f95d8def9f5de6dd1378fe496a1f62
0df617ca33a8c722250f0c56f2c0605fb4ef6123b99d78f65c004d38dd51
0b7d8cbdb655f9d653de3a043999fb46f89b63df38fdcd4f019ff7a5d8bc
add6ee109ebf8367fb5b099bba285ef4cb85522e3dadf2a59603cfa2729e
b575f0a30f0e13fc689126ed8fec33f3e37f7c0fdbbacecab60e7ccb1f16
2a9bb9b68df91d3a7ce1548c2a912bb699e277547e0ae9f7de396ece9509
0b23b9d4d28003f582b767deb4881f881d2399f90de84b1d3943ba09fdad
adcb25be8e7e90fbb793caf9d7394ece3f61f7b33d92f36f6624e79fcaf5
29f77aa2a46b5a8a91b943c6cd616e3cdbae27be8d5497a8b679b715b629
52f648f4bb95f6583dd05eaaa463eafc5bf7904d4b660b1fcca485d287ab
4cc9cb3cd3bfc65a7df5b0ed47451b5611a361bb1d6f917a88805bc56017
f6d41d4ddbafbb54d8cf74342f3c40da395dc67650f5789ed13f9df27279
f18cb0cd4e85b0919e21cab9ef6907da4bc9ecb47bb19ff1bd7871dbcadc
f2b9f9df9737bde526cf29e3593bf34092be37c1d8763facf2177a650eb9
70ced3989868765e233bd69b0f67abbf09f3727db7786fa750d78ef97636
26e69bf35d9e1912df3a610d645c8097802392cfeb62eec29a6ea5fd1df9
02ace54b580b616f06dc6c8877dd881b8e5c93b31db66add056e6426926f
a59d5ff7b8b10656e9523fb2856bc958c571f406bb30d7bbb0e65d44dcdd
19027758b6d32d6da368139f26deeb68fe569778522ef81969ef2f7cf8d4
dac7da44d973542ae2b64bbcda059c8a7d1e3587a3f53a19c3bbab29ef5d
e43e9df980c26161a7d64dd9f8758d336f5d62e64ddadd75c0bcedc43cbf
e8d28c52717e77a8f23f20f53dd73d2063afc87d447d53f74b113bb83b2f
d13f94f73489daef8f66b539f3a5aedfb3594bcb4d3d33fdc52e8c411f3b
9e2be6306c248eca194dfb3c7155848e173d1c1d37e58af15256b56e90b3
70c497ff5ebc94e0c3dfe63b1ea1e1c236fd60431fea34e5577542937e55
3b7e11f1a116be89099956ff87459ea6cf33fcf17dfb9cf4dc891f5c37e6
4f7001e6ff3119eb9367972306a3c3de97734edcd9b45de55bc5fc95838e
c6ee15f47b83a4797799e4b7ab1fe2f98edfe86397fd3bd967edb07f630f
bd61ff06febdf610ed20ee1236d219bda5ee5fdc07a2ef5717a8581a4237
a4f2e03217b9a37fc817a27faeb5f4858ff878d870b17dc634d20a0acc12
677f8365d97a679957c2c0b13cee2c1f11295ff990ca438cf2a83cc08efb
4fee13e2aaa6d58c48d38a466809f84ec07722be13f1dd02df2d8a46307f
78bf34957f92b974b6476caa292778302794b712f1cdf367de02c9cb9e54
bc39ef5045ae6dac4da28821e3596fcf4da94bce4db9c8137d97f0f9a18e
e553f06dd45392f604f41622b6444fda0108bbcfbb4ce64114bab09833a8
8d8d9f38af057ee2bcce06bcd4c1bcea9e23e390a0ed168067754fe68f6c
be9eb12b92d57c917f153a1ef09313328a421c6773bc73abf8eda94a042c
bcf709822e4cc07a65e1d3af20682606079813b05659831dff6f70d4bfa1
61fd2cace3047cd20acedfac052b6ecec2fa8d1fc1ffe7c47fe79d71637b
6440bc3d12bb87ebbe7d0fefdd11b3872ff92def436a0faffaf7f7f055df
b287894fbc57ff9f07a5acacb5f05947ecdf1d7cd67bf6ef6e3eeb90fd1b
f8f8eb07a5de9c7ce6a637143ebaa58e89784839e8edfba52fc44985ab57
c2439fdaa3941dcf295b14e259a2e02324dee9f23ece623e497bafbefca0
ca2f89727baf963acb1c7bf57967b963af6e78d0ce4512d9a7ff51acaed5
3e6fc5bed46a71e6f4ec193e734ea9fe9db1ba2af6cda98e8a8980b327c3
e3f0cf599521ecf812d43da2edfff137f3df3b7f0e3cf8fd73e63af30353
8f1135eee66adcf6195b1619ef2b0f7ecfdcc03daf6e70cebefeaf7f6f9c
4f7dcb389d7478a7925976e223f6ab778cc063b147d3d41e0d7436ae029e
8bf5633c17ac73bf22899f94fd8b5c9ef54ab6fa3cf19631625e647e5755
bfbe8bd1e10d193b83f5edba51f5268d11f398a6f2bd8b7abe6e4653d66b
2deb515f68d7258f6bd73fa16c1804bdb8734cb8dd32157743941744cae5
b9e4b4cb89d02c2937761078befb32e3448bfbb4106de8120b7c4b29271e
7b203aaf74acfc90782ddf4fac4a0ccaf7773d206589042d5a9608cb926e
779dbd0eb1e3dfbf4dde270819b2389e0cd92186279deac81bdf5dc890b1
6bf173d1a6ca451fd7972539ba4de523e3cc451f8b1f3f639be49985cc91
1207ce98368b1d6d821f679b4e1c64de317f8876c6b3cc99bfe57736ce66
fa7150269c25e402ca36b1b857a1f29f52b6bc769bd2d14146f8c302e997
f1b3df517e9e2e629f95e13ffd6ed996dd0eefd005be001f692b2aec2df7
75abc678dbedfa03eb326e5a8e59a66ce5051c0e5cacd837bbdac643ca0b
220e67b7b4283bcc77ef97be395bffc83b9d9cf09828efd8ed54a21dc2d2
9fb92e81bb5590cb08c3e13f53777767b87fe2b713af9d72ad13af89cf45
a00f3def93bc3fe0b2e2e93588b7c461b716c9f764dfebf34e5fc46de23a
635ff4d3945d5a5fcd6af280d455d26e9c3e47fd1240d72043f64bd4c4b9
5a3f40b32e2d50ef0c50efb4c03b6df04e1b4d9cb7b41dffbbfdce35ea9d
0e78a713dee9a4897398b8724ebd63fb37f5eba689739971a14e2da08f90
9c4b9b6f640c9ad75f5736c6c2a6b8bb49be51d80b28bef1f7f7fee77c23
fdc65f256e7a14df981e876f4c6f946f3ca2f8c623e41b0fbc1ee11b45ec
4eb41dcb373eb140f28db4abae10b1c7ee340780579c80e703f1cd98c2e3
01c778f07c85e0f9fa5fcd322dcc3f909fda84363e5577f99522d7f31c31
86c28281667ff014e79a6b61de82fcd2fa054a6fda3af23efb9f80f70782
cf3cef4eaaba177d5e2d7e2756cdd75bae9f8ffed7a3ff01e047c603b673
edb5306fc2bb8871baba8bc059f230db57f62dcef6d737d1ac012354fdae
5a988789aa0f5e257f81d4619d557e0dbcc7a03d056d2962f70471a325f0
3cb14351689d2b51b425ee5b9bc858992f2d90f78327e2c4c5b7f53ff5cd
542c42bf88fd7a54f0bacd99b749d0b25de17832e2deb889b16c81bcafa6
cecde6f9cb8a791e6586f3b039cf13a967ec8af339c5b4e3a7495c692571
a5bea731e275d25e49cf1bd2f214b34d94af6076446701fa449d85ccefa3
dad37a1919af93ce659b9ea2387a45d0d53651be8ad3855e31434f3a4fdf
9f51ba66301e9688ed07582bc14fc95c58dd25dc5a6bd94f5a2fa3f5eb32
5ff55f126d5de30c11f7f28ff8ff1268f4cbf8bfb57886d0a7e84dce1c75
61bf948fee5c0ddab43dfff3e6462bd0b2a7b16f4b4777a9fe3bea948f9e
59bd45f8f4cd1277eea5a373aaf58433473fb857c61e6ae6016d503e483d
d2dcbffdd22371a5670b6d4358cfa2cee64b0b6272db157712b9ed2af7b9
eb0adae916e964b09ddfca4dd1adc0fe985c776ee6bbeb2af2dcbd55dc7e
1863f66b3a64da26452356ba5a7b651e18350f815ec67baf5dde14e822fd
d762d7af2055b79cf35d901ac94bc79c74c15e2a274ead6e8db857eab102
cc21d4471779f182fd952f9cb3cd41316d0e926d52ff973b44e6c61b7b59
de9f0587cafac1e17a741b2363da1829dbe0791ec8d42dc5231cd14adbab
f5ee63fc17c739468e33383e0e5cb7c7b479bba3cdc98e36036d649bbe74
6305dbcc566de6c469734e4c9b731c6de639da2c526d06d28d02b639af91
f5288c69afd0d1defd8ef6ea557b35e9c634b6f750a4bda83c858ba3db2b
5c2cf314723f31e791dc4f38a79c30ac888161852357e16a95abd0de6f3e
05475aba711de158dbc8b89e8c69f349c7b89e728c4bcb50bca966f4607b
4f3732ae6762c6f58c1c17e4d9f381e7657b51ef6f8e797fb3e3fd72f97e
14bc5b63e0ddea98832a3b5fa3cad398a6600e68c697afaadc91fbfd22b7
58dcdc913b6260d9e1c81db93b4eeec837636079d301cb1e7b3dba89bba2
8fe633e797df22fd59e784e51060c970c40850360e3bf97e2b5de41cdba6
7eb37c21f3bab5a2bfa5abaee019e6b34b31eb67e0f9d39af50f7ce73d2d
ef24f34f2abf19df582bc09c70f4fdbc30c6cafd48b366b8f0de5332cf50
fe473e6bee49694b147886316e9397549e9a36ace2efd38655ee4b1e56f1
3fc9c3caf64d5b5291efaa639e9dc9a8bbb01c7c0edebd80fe381eb98fd4
5c1769c6268c8fb9f22ece90f49d79f072376bd68f50771e7edfb359e6d1
fad8ad5755a4bbea3241abebdd2ef09e4593f36fd743b40b998d312fdccf
bc7b3843676a1bce16628c3b385e771d7308ee84ac22cf43d56fa9662c65
bfdb34f13ef3c1e5ddee0fdd5d85f1617d3e211c3b781e9f39ba05fb225f
1b6eac9e2ff539e4ef1ec5efe021f4b75b636eb050296878196838c797e8
8df009057b249f10a8d5ac3138870af6603d6a196f3ea1ae703fce7f771b
9c436dcc74a51f0eec57b19c7ee4b79a721d0fa3fda39a95b74d0fe57fa8
597fc3b8720ffbacbca3588b6d80f743b47d48b3be4239e7287008ebf409
ea9c439d8f50e74bcd5a7a1fdbc19c1e65ce287f6820cec000eaf540f9ed
cdb50d73b1a6f3b0a6b99fe0f939ae31dafd52adf1c90e46e0a2660537bb
ac3f14aa7383793fff29fd9f7299fff31b4ddc01e5a15eb0a92b94df54b7
dab30fb4d1947d5ff4598bb0b6b9dfa0fda699a1c03f7dd6cd49286feab7
743ec77ffb593eca0a30afc1fdf4af6b8b39655c8976c3b614b7136771c6
0d11bbf6608a2b1495532c2533146ca58798bfab9e3ec9b3071941477ef6
e0272a5fd745e90bb610f33b05636a8a359d374fb35616baac95f7e3b3ba
bd97f748c1b5edbdf714665a85f76762cdc62d659c63ee6f61f7d2565b9a
a969ed4ebb9b022f9b563d8b7618ef78616d3b63e162cd0ae4b8acdc392e
2bcfd5de9b3fcf25f7d6a3632ce6df137b6b21f6d6fd9af53f3af6d63ccc
7f21f0fc7eccfd455fc8c675ac472858dede08aed6acb424e021717ab1cf
9a3e16dfab7d8236e4ae6e6be4aed0acfb38bf4f011f57c8f202fe5f0b9c
467b81a7e43c4bbadc5fe27f8d6684aa2e6fca7d08735dee9739c9f0de2b
43d136fee756f9adc766c87c893533647f7bf0fd6bce732bacf37e2de451
3e0105e055ce28db3131ef8f0e6a901fb333e6da2c403b93819bd9c0cddd
5a287f8e66b5b2ebdc1b592bbb4e0bd4391fa78ea06b93016326c64b9a38
59e6042cdced0bcd9fe3b3e68fd4acc2c55aa86028f0768c66351f8fbdca
1c98c3fd911c2a7e9943853904894f672967e9495589e49586081f3e43c4
0a5a95226c006e07cf543048ed894ce62f94b1d956cdd636140e01fe0e05
0c8b7da1fc91a01f9922176c2830c6277da5f4e64915c1fec3c89ff6c2b8
ded6b4923547928c3cac677088df6a8d3d38f5568c73bc669dcf41599edf
ca1f8ffdd007631ce317b42f80f7eebe5db35ab24e7f8c1bff73f1dcbea3
098e47d964f97eb80c30d8e7c3bfb8dffacb9c947d0ae56f318fe82b783b
60477f85686f3eeadfdbdf67dd77b295715faa66ddfb11f8d6bc56c6fcc3
ba5578540fe7331538fcec1861fb256c22303f77938664a3bdfbfde24c09
a4fa2c17f311e21cf902ebb810e52cabc59c0573fce2dd405e04defb7314
fd9f8767bd34ab05f6c63cfcbea717e673b53f7c06702f502ecebd9d3e28
4547d3f1fb4fc413b4bf0b6de72e636e4479761e9dadf6c532f9fff06cb5
2f6e97fbe2a67bc5bed8aef6c511ee8bbf5736dc17276e88ec8b5f4ec76f
b4f7cfd9dc177ecb9cadeeb17036e59e6c6de476d12c37f64ab00be66337
fadec31ccb2e2b9965f87fff6eccef627fe85ed0bdf9a07b85a07b05a07b
b9cfe35db41fece542dfad8dfb2fead67db5adbdc13ef8dfabb571ef27ba
35ff1cd621afb5b780b954fbbbac013cbb9e670e5d9788251b54eb1dce3d
9aa259bc57cfedc29cbf782fc52fd622803aaf62be036877f418e6f6f55b
7fe27fc03f6316be01c7961cfa07baeb6ee2738ce103fec71827e2b933b7
dda50532b75d3005ebd44ee5376d87bda2e2a214b4f3093c219f53e396b4
9a6559aa8c318becb2a02a2bd22365eb545940d179e6d0fbd94cf2301853
2bcdea68db4792beb692b905c4ff1963c5ffd6f8ff30dfdf26df6f2ef528
dbb534b5e6f59ab1186b1e48c219cdf7927ce2bd304c98b742cc5f5e2b9f
353e5733c6b7f5ac1fef613cf9a4f5c1936d0c7d6981bccff5a87dd78e77
a7a0234d415b92b52f6cfff11799fbb029dac39aecc2ef22f4f3c0a5cb1d
a96b10fec890f72fdfa489b3e7cc28cd5bdfc3b7b4813d11ed3b208f538e
e7f95b0e5e710b78c697c0c3be0c5e9e79db2b4ef5585271eaae6115ee2e
d5157fc737e45e61a321ee28a4dd47b0315b23c8d96d1cf9cdedf8444efd
2bc7ea696047145d8fb98c6cbedcd62fdbf343bb1bc6bd291739776685e7
adca9d535d0959bc42e93ab740e67e09efbc5c3cdbdc2a6c3dee34abf253
87553e9c3aac3c7fce929420f0b0113d26f52d830ba2f5ef0d64f57ded65
1e7af06894c96cd99c7278a9fbb99b4bddcfdfccdf81734523029f412ee7
ef0ff1fba3a211127f84ccb4bda7966e7c5201fca9d5e2cb4ce0f39c7353
b0df172d9b1f92fac700e4d28118532055c9a95da49c1a25731c8e6eabf0
b02f22fff48923ff1c8de9fba8ec9b7a9d85bd744be975b66b81014afed3
8d5f54287903f434784c8b2ffb7c1803c787be88ec0399a181ec7332068e
939139005fa6e4b0eed2af196b50315aaf63be4dea6a057c450a3e9f6eac
e75c7fa659bf9aa5ce8bcf4067c1e74e4f002d046f7a3778d2b9289b07fe
3317e78ce0f9b25d21ea51f3fab842e0e73fcf2fed60ac0b929fed507550
632c324f55c0a55be3549cec5fdf83b6fa648658bf5e9379c32953912ff9
04f572c113ff37de5908da40fef6d64279fe08febf93e48fa9870e8037ce
2a8cf0b8afda75f07b147979976a7fdd20c3b6f13fccf6c1436fb9479d99
381bae2f94b2d39b9059583f3749b79eb5db4af25b03d9472bea7324cc6c
e7ffb19d14dd32f05e00743f9dbc43179eada065a9a8d747c16bd32d3e4b
95e7847d26f39d1f732eb23343f3d0ee5bc51db147e83bd06958c57f751a
f64af174b30a34a2a278c6922bf1c747ee91fc7160880e5e49b7f216434e
18a98b39cc052f9307fe2c7f7166e8ee91e87f906eedbd47c93383c0f78c
479ddb51672bea64ebd62d1c2bf91fd4c9431dfad305508fbc6232e3145c
07d93353b74a4777ac7ef807687fbc90edacfcad681f3cc7278a879b3746
b7846f728b3156f93d4ab6c1bbc139ba946d502798a74bd906758387d17f
a16efd89fda19df7798ece011ce061f20e67869a3563be6cbff52ecb73d8
4ee4597ea18c3fcb386de5ee2e9067ba0879c678c5b1d7a8fba1ce3d1834
03cb74eb4db413049fb1f314697e07b90f021e49730229c641d40d2cd6ad
13afaa3cd48bfdd6b6a01a07ea05bf7185b612966f3243a5c9d24798bc59
c14372dda9df071d58cfdf02075f6ac8b70f203d021f9d3b5cb39e059f93
873e72874b9d01f367bbecfe501604df9d0bbef887ec137c702ef9e0cc56
0679f0c021ac217848eacc044f35c6277948c8b9b7123fc1dbe64ea69c0b
1e3f47b386112fc097e64da69ceb0bdd9d83bd04fef8261b2fc0afde0d59
20370f750ea30ee4aab7d82feae44e16b991430f719d506f2eca7f82b599
07de3617f2415e1eda3c8c360b153f3f04303ee50ed9b8d0c3c68539325f
bbc005d4611e77810ba81bfc0c7d2ed3ac99093247faad82ff44df0fa1fd
cf7ca1354dc923faac715c4347793eca0a56b7320a9e876c027e3a17fc74
5e6d2bef599ccb05e4b55d32a73df3bae76ec5b3cc96defc6df8bdbaa591
fb8c664d9d2d65b263a3a9df209fab091e33772dead4dee60d3ea95905e0
d50a9ea2af5b62156316049ef2597d01c77cc870856bd13f7542280bb85a
18d403cd5f0d9e72ad1ece0bcf5ceec5e4059ff659a1598acfda8c7e9e41
3fe5986ff08e795b352b7f33f654956695f3dd67c0cb6e46fbe5687f2bda
af02ad73279b55c5c926ef16784f5b49989ff759afe03bf6ddf9db20b3ed
00ecbb318e37352b95fcf42977dd5bc56d406fda82dee0e36e6796e5bbeb
66930f2d9e6c06fa305fd0143317b24c79f114330fb2dc16f754331ff2db
6378677e1ff4015986725b7048437862fbe4fec8fd08f342fd06cea9821d
42a6b4e6bf890fe49142c84305e0edc9bf2da79c86771fc01e5f803d7e3f
f6f87dd8e3f782079e0fbebf10724e01e5161778f7d5ad8d07c0af2f003f
7f3ff8f9fbbec13c3745b90b3cfd49f0f4e0eb0bc1d7177c86f2a446f878
f0d52984af96fa1eb4bbc7675d9e87f9441be4c703e86312e797f0cf22df
eeaa1b2fbef5ba092cc798721ae3dbc9e32a7e37081e37a86cb10b5a45f8
769fcda3b78af0ed4e7e5cd0a67a75460774a37c2b6813f85f0f6103cf4b
deda63c7e87a6c0cc6a9598c1d709af378cc27fedbed0731bec25ae6478f
c36fbbe2f0dbad14bf4d1b9996117e9b3c76d02565925f336e692cff37ba
adbcaba16ed47957b342fac92d245f32021f2f3e37e03358137995b5b6e0
0593150f58df5ad2e39a5ec65c8e7975233ce0da18fe676d0c0ff8a4e201
b16f77ce55f4077bd4e6bda2da7a3aa6ada77d917b996724ef752771e3f9
4660d91c537fb32fa2c3c7fe563a7cc8c48abfadef650ce2d8b6caf6a84f
6dc00f6e8b6e733ebe0bdbd97714cdcf17609ff18e621ce6330a96dda25e
d8ff80fbada09dad174f3acf7dc9f9e9e755f9536a044c253d4bd30d0f60
e27a05c0bfdb779005e0579d7249416d74fbf36bf98ec81161f8005760bf
1c6f549d4331750ec5d4391ca7ced1983a4763ea7c18a7ce473163ffc817
b9d33929e78b79156967a101f7784e2fc199bf90f409e3aec4de2e008f4c
9f1abdbb663d5da5ced673cabf0867eba2b9d4c38276835fcdbba887f2c1
8fde8db25cf0c67917a96ff487ee062f4a7efa6e1bef3e23ddc239001e34
2f053c0ff8de33f7487d6eee45d6f3877eea225fe1b39e623978d85cf0a8
792999a1fd09920f5d1f539e4fde14306b3d016b6fd06b77d761eeabe598
1e03dcbeae61fde1766dfb20a3428ff02141a5af4d044effe56ea9af5d09
1e712578c995e51ea9abddeaf1de035eb1107c61f0e80faea8abbd7aaee2
4541cb7341d3f3c6e02cc759d29573055a9164cf433b29ab570afe196307
5dcf035dcf1f03de01674b27fb3dea3d7006e5e2fcc99b87b6c02ffd8c75
a8ffc1fb7978ff0ece17ea64b21c67522ecea4bc79e007c0432d3c99682c
047f45b92f1732595e2f8f37bf3ff84c8c3558eb11fc93ee96f7da795f6a
2137731a3d3a86f68e256b168eb1fa008e85e0a7c8831df14b39e118ea06
d66a2affcfd58a46e9c6cd2f631fd34f127499bacabc2fa5be39b0163c8d
abb9119c473a7ce6685bb6390f6da2ddc1b3659bbfd5a48e32ebc4f34783
1db67d593176ef9767ccbf7ca9e9f76cee3257c962e0cb72c1cbcdbe47f2
62c1da4423081e8df7d60296fa81129652dde84c58c0f33dc733023cdf94
c9e02f73146f49be6f8e26ed21780f95ad596fa27fc10f6683f7235f3747
dafb05c89b816f0a2ed6ac5a8c7be162c08db219682f8031b4a5bef119a9
17dfa1495e2508de83631430952a988a74e3c24b8009bca43853c1fbb5a3
be103c4bdefd0a2ef07af9e0037f4158f81bcfeec6b3b9e0ef826fcafc60
bc832a9893b0b4f0cd2c6fc19e2c6fe18e446fc1ee446f6ece0f96eee5ba
e079c7d952977f15db079f117853c277dd6c79bfc3bba76b097715655b5f
887afc7cf04abcc7a15d9090cd78a703b9fbaf33d5fd0eced25cc8d5bcdb
f9117932b4b18cfda0ed25f86e8bfdc5f7f215cf15eb8763b7f707d5de6d
8ef696e4481d276973ee7e94a1bc107b7a3ef6f6bdd8e3f7b918cbd15577
35f6db40e62270771c463b5dfae4bd431de57e49d71957202e7f03fea31d
f91bf0a801f2a7e0717fcdb942bd0182df73d575f6533f095e56fcd7eb92
fd8df033ad22fc44103cc43ae533549014e1679cbc8b411e84f7724d254f
22fc19c9a334553c09ea050153e16ade5135e4492adcaeba063c49928327
f144789203364fc27cbdf86debf5c6deedb0a38bd1633117d89ff2a37559
b1367b02e6776e610e9e10632e939728cf177ecc21dbf743c07783842fb6
ad6fd33fc6c2f4c015e0113e7a1fc7b5e72f51763d25b4eb796f6bc49e5f
d83fbe3dd6ba659eb0e72fc9e8d9fa7be535147d9e6da44f690355421ba8
edb17dde3ad6ea67f7e9ff0e7deea34f7612f84797415b45d17e408dc9d7
cb38bd45d9f90ff009595ef8876989eb6963c05c2f29f314cd29527502bd
8cdf6da17d533733f15ada180a7b0cd024f5bca897f13e9e270e645bea59
8d7a56dacb38b0853658b3cd57dd779acc0fe2c17bb4a74ad49baf674c4a
de6d51dfcbbe197bdfe5f7795fd3a49f387d8b36db34b05eb5093ef617ec
4fc0d243f6a7299e0b7ce06b5b647c11e64c255e397d99e88310b67d4c90
b68fcc735aa5f2f4303f0f6d3a5fa7eda3de72bdf43389c0c9bc524e3857
6b32af14e15c3857fdf6fbac77e64a7f22fe0ffb3af595fcf3c779ca37b7
af2f6c7b6efb45c8b3508d454b3796622caf0116c264cf1f6d0b3dd7b2cd
086c8c3b24fa681f0d5f0ee16b2fe1bb756e24dea7c7a760ea2173240715
fda19da1b3fe78d6ef21ebdf3c57d25711af7a0073bdcc323326c9b8a232
a7a5f2e772d41fae291b5dd41fc83961dde698935cd57f6b859f3e35e6b4
74e3e62d2a364e6b9f350675e8a3195077321297d5bbbe7463b0e35de75c
4afc55ef05d28dbec479e6b4bf4af5eb9670ce9a2bfd0b68ff3003bf9394
6f8a730c1e4dc650e118fe75b7f26f1ac03d37be127bad21ed51fe1559dd
c00f3689dcfd739f9e477d9e27225ee95c3b9eb253ffefb097747bea847d
81bb9d69fb9625fa7cde7e3ecd1bbba7ff566ec71d9e647aaea63d703b53
eeedb66a6fb737651ea7f666cfb9b41d649e8ac9c0fb296665f1149371ad
2bdc1d4cc6f4e8dfd6b73409fc28733509dff2a6f2fe74f3dd0de9425d39
f736da704f354b8b511f7859e54e369be3fbd5e264b1c769cfa3e9352364
7ed114ec578c83f965fc6a1c0e3af2abf2887d7cd240b6d5d16c3e906d75
546d758ab4e5eedcb02d07dda9126dcd90f4a6b8b3faee640a7ac33b1431
1f5d4c99efa38bc9b52e1fddb57a8fce980e33cdd78b67821ee4887c5995
a3675533deda78d0842ad0cb5b314f13c0438c43bfc40bd2c647eee69e57
f6da2d155e3b68d6da7245b38a151db569a583763d562e6de2b9cf05ed02
9d94b6dba90de897afa5a25fbc731279bda69baf154f03dc9300c3a4f8f4
6b8bc4fbfaf59ac0ef133fd1048e9fecab878ac4b8279b3f075e6c774f33
df704f37b715cf14b9cb3e5d0fdcfd09735bf94367b680bfd0dbae1fafb7
c1a7353eadd6cb7969d3605eea3769d660cccbb94da03b5be81338d124cf
95b64a33747cfaa93c48277faa594df1dec99f46de4bf3eb868e8f867296
91aed6bfa8590fe2fff917e57b55788fb6ee13fc9ad5bc67a677424f9777
406f655bfd8a16a6bd15ee36c297626d2e717fa298dbfa5714bfe171d08c
52b51645e94617acc5b95768bb3d51d86e33fed57961533fd1bc57f4d162
fd7c7c67a0af0cddb7749cae2d8db587ef29ef793fa74e60afb0e94a3712
d0ee36ac4f19d6e9e75833e6647b43c41c988cb99e0c9c9b86b372bac9f8
fff4679776fcd3cc4cc09a99e6b30eebfafac3ba864f5b7cdaacdf8b3588
5d6bdad4efc897f445f49fa6fac79972ba8c388635465f6fa0af6de88bf8
f21ae07915fd5401a6fa059ad5f25a8ead0dc6d61a9f56ebcf2e678eef96
ebcf3e1ce7fc59a9e8ff7c855f7729fcca57f8f5be163a033afae95dc0a3
7ce0d1fbe001e7fbac730fe35c8ac5994734eb25c05ebf00efe2f9b947f0
fe72acf74af0b7c09d241fe14a5a7fb6588b9c634fc873ac9fd20b9e7942
d2f0fa3b141c53141c6f68a1fd84e30eb43d05edbe0138f0eeb9e23870cc
d2acd580e36cb18c4bce3dcd9c44678a455c6aecc59a11b4854e6b5223ec
a1e55e9c1ade7faf09fa3ad91ce097b872ee260d7d345fcfff5c2ff0af16
7d5aef039c3f46dff37bfabcd8dcde019314fe5e87f99ea4c6778d9ad774
359ebe6a3cd3b5d0d31c0ff88cf3cc73301de3b906e3b92ece786ed4acdb
319e4ff1ecfc8d78e726eeb3a9267314acc7d806e4aa7e476b91f379acb0
b9fc9ce7b3c01f9ccf53cbd4993b16704cd0ac3bf3d519dd4c9e73e2fd80
7a1f677416df1fabfc474747ef39f16e917a17e7f408bccbb84e8cdd9474
955a67e6c6b4cfed8e6a1ec0e72ce0dad8f954bb46fb4e04f3553c39e537
21faa957fdd4a41be9aa9f73a3a53c4c9ae1e33ec6376da6ec33ef449ecc
0f7862027801ece919f9324617eb0a38dc6a3d9aa9f5e8a8850669d20fe5
7c33e1231db2fb69b01ee07dcee5c9fc61f6989db4d186a1c60103e9ca8d
ce7d5ddf4aedeb5ec667a53cef26099c8b37269bd6be96c7780e934df017
221ecca505b50d65ba2bf030bfca8bf030adf21bf230b1f287c487d60a1f
7a196f975e59feb89827629f7d4e3e43e2452fe397a5d1f287785eaa9e83
6f78a334227f487aab9e810fa828fdfef2c78fbe661d297facb0e1a9576d
e22cffafd288fc219e690ab77086ffa8f4ff3ff9230f70daf2c7d4bc88fc
f1725ee3f2c73b77352e7fc49e15334bff33f96338e153f2c7c0bcef2f7f
f4677d257f74cbfbfef24717d657f2478bbcf8f2472c7deb561a9129fae4
45cb1fb1b4ad6d697cf92396ae352b8d2f7fdc9417913f86e5c5973fce5e
927539863fe6c6973f6c1d4dc15d0e1d0df6e1853b3c95f65ebcd0231293
9b7a3ce2c2f32f5edec4332571585188f8a1eed94bb4dff709c7f1b36d3e
260520936fd1eab85fed98879b5f927993858f127d95b0df5dccf3fe23bf
886576ca9d50b5c195b8fef7013bb612f8e3d1ddaa298f958e9e5d6dc73f
4ca37dcb8d5a2855e1c0d974e9f3cfbb7f01cf853e463f3d1a9eabd1e6e9
012a66e829ad8e78491ac2b83fb13054071c79e2afd342cdd07ffd75be10
fb14787763c40e750de690e74b5f072cc216c1e1e717f6ad03de2dc59a08
18efedda00c684808a6bc2fc9e2aaeeb29ea6d6c789a893875a1b9b9325e
677eae88cd188e0bf9808285f4f61ef55bac7f7bb9fe17ee18179141198b
fd0e77a51d8b5dd0f0d65a886b0edaeca5bf6b3f15dbbc9f8a1b7c06e5c4
836fbe88c47e484c96be1b629c8cdf8a715e682def789ece15b12018332d
24f691e6199f66e7eb008e3e914bfcfb01e01a5d69c749b771f39d3911dc
b4cbae89c2d7882f22f7b1982fcccf16d04fc684d9f2196360141dfd9f2f
e49e3ea9fc0d3d1de4bae8385f5dc24732e27f68f7733c4edf7f8e53763a
4ed9fb5f3096958251c592e0fcda31d91873967860c74c73c6221b932bfd
313a68f4bf846cad111f64ec88536afd53e6a898d522b682ccf952be2fb5
fafa5c19cf823101caf7cda9e6bcda731ac76fb324d17b65bf4d797f9060
b4c8fd76bf4d272f90489fd09e9961bd65a2d25bdaf931ff7c39a2afaca1
9d7cd100e312f0db43df71bdedb7eb2b63621151c7cbf1276b72eede41fb
acfb477c9f527137381fa7550c8a8377ca78f22c3ba5ca8833291a75f0b1
717b22e36a8cbff94340f137f87d2c1087bff90e6dbce368a3364e1b328f
95d7602ce5583f598e791dc6cafbfd9ffd4dc551b363b6353257872ecbbd
b14ccd55492373b5aa91b9facd65faddc6cc550c8ec9be7a54bf21fab0db
beab3a0a6f1aa9538e3af4cb66dc8c0ad4a1fffeaaa63e6b75a6cffba44b
b37ed854b3d6656adeca98b65f1671e41af3276ea2e2c8491d59f9be76d5
d2af98beabb4934d1d26e32774309bdc459eb763a3311d2af2f53a8fde86
f6c1e1b80eb26ca2235e448ab011167e32696d79b61fe9599f6eb4d94c5e
51e4d98cebb74c3b51b60d2631ec5727cb2686fd979907b403dea1adabf4
7153ed6b5719e60be47ddbc76f3b3d4edbe9b170778cc01d50eda65d659c
44bbd40396ef9b5c2dcfe649d2de7a5524b76b545fee387db9237df1ce8a
713da49d6caac8c9c9788be558875e02bf2699767f15c57a5de529994794
36db8cc350eeee364cc058a460f45d65840063c53e39b7efba25df2aff4f
1439479953750fca2bd05602cbf0ac897ad614dfcc954afb59ca6e9553b4
ba5e7a1bfa5c97e407061abfbc93f42102531260fcbddd87ca2bca3ca6ec
e310fb405912cbd04e337d62f54b220feb74a113aac47b6978c6fdc93bfd
51bc63449f0321cf8ff2e0772ee4fab69ad53399f1c421e375272ffec1d1
b4b667be9431c413aa7ae3fd9747b7c1be6c52d5543b72b44f9b335f4e06
8cc40d4db66dbc4738464fac1674b6c66314b823b138cee25d8ee3945acb
2dc51dcc53228eef64fc4e36f77e433c9a6a7ae7c8182ed7e37b27635716
b7316bdee7b3b6e619cc7b22756e7ecde8d7343aa6e8d0bb18839dfa36e0
8963de4addc9665222640211030334be03cee11acddbb529e72c5be5d965
8edcf666aba6d4314e419f53c4da6c299e6abee29e66bea472db322689d3
2e22ad893c5f0f0e2f9afc31c6b91ff0edd7fa1a7d9b72eda6f15d23e52e
c62061fed8ec981cb6d3cd6ecd22396ccb451cce19a6d39e583c13311c67
86ebc5facf47d39c56d21ebf9726fce4e81f97f789e4b1de127118637de7
bbe0bb2b7de8256ea7b597b85ddadb7001b7691f18d7fea9bf6639f75941
ff185bac41b62f6c07d95e4d1fe3b39fa1bd7265fff47c1cfba721d16dd2
272c6c97bf556b68973f340686a10e7bf8cdb63d3ce566faecf554705c67
bc4b38866bf17da947c6c030d201c3537160c88c8121d301c3930a06b78c
7df93eed08b6a9f1af8833fe31317d8f71f4bd5b6be8c73d3ee6fdf18ef7
9f89f3feed31efdfee787f6d9cf727c7bc3fd9615b55a585fde5a3ea64c7
d4c976d4795ad571c7f8d8e7c4cc618e630e576b61ff72b18e35690a3faf
3372b08eb9f7fb80df3e117f8f7625c1398df85ae4c5c09527e14a075cb4
415e19bbaef362609ae78069b18449c6dda0af791793717ecbb187fe029e
2eb8da674d9a2d6d9a6df868fb00816943f0699f353ef6d966f01cbab453
191dfbcc9564d07eef7d5ddabae42ef3597b6ed136142c93f61db4f5c803
8c01da24330e05e846708726ed275096fb94b205e9af5b07c7a01efee73e
2deb0477489f72c6a8e0fb05b4e9117ee3784e7ff3ad783644b6299ee37f
6e95a32eed0c87cabac1ddd2fe86b12b725d4d8ddc3d9af5e25865133252
8f6faf92aa595edaabf4415dda17f7f2595d397ed4ff907539be6db21fd2
be601735aee7256cb9e5aa3c4596732c7c9f3e83e2ff5322efe306bb8c73
24ca3177b3b3d84f9251e37c5ea59e6f966dd3174ffc7f3aa65dcce72167
bdd5aa1ceb3326ab617c93606a8c4f5fb3383e7d4de3f8f43589e3d39710
c7a7cfe10f58116b6b8cb20371ec7524afa56862fd75c6133f95be7be786
62de93a46d4d67bcfbd94df8bf4dfe87bcd3e11d3e2f97ff690bf589e379
4bfc7f9ecf87cbffb455fec8f19c76410bf87c4ec4565a8c6d10fd667df1
7d037b79aeec1bd83d621774bfed1b08bcdaa27c0357a1cdd5ab7dde1bbf
b9dcb141ac1ff0828c89c338388c75a37872c6fe517c9e3abbd2fa1aa330
3f2286d9e8999217a5bf0ef3dbc6b12da66dbc9376c48b0314c9c9913aec
27398ca325db3ea5dade029ef8b14be47954ec343cab103195534cea99cb
400fcbdddd259ca50a4e5f5f23f9a7acd3d1bcad19e3fa649b2f83dff844
f05bd3059fb92a41da40ba198fa1fe2a2395f6ed8e3e1e449fb3044f3253
f14539a636715eea1f73645c9f079b35c4efa87975bbebc89bdb796fcbf7
a5349c572d59c21be86b9c7d5ec21b3f9e52fb98799ce28801dd29228ba4
a9f68afa1abf7d9e324336facd5632c33419cb2fde3a15c7b45f2cdb77a3
7dfa16f14c70ae5367ae07dab3db17eb01d9adc17af8143ca57d8d9f737c
e0739f68a7e22e819f2c033ffad8c5cb9bc89fbf8cff5b45ccbfc8da1017
d31977a926d5d89e23f948bb4f0f6010b67bfb3a56ff046d6ec1fa0adcc0
da08197adff46a7fd333471fca21ef2ce38597e3bdf41c19bba9677bc96f
daf19bc2b19b9a9c393a57adf14ded1bae31f7cbd7cb132bbf76bb84ee8b
bacc135d35ebe4289bb714baa56122669d9b31ee7b0c7bef5f322fc389ae
3ebcc7335ae61ea957f96c4e16eb5e79a6abf9aae96bccc57cf1dea9b0bb
ba0310fa25cd9ad35ddae9d8f13d4fb767dc65ca9f37192f76977a7bbb9f
9a7f5126cfaa04cc4aefd8aceec21d5d81a3dd007f33837a643b77f1c96b
087f043f9debfd02e157faad93d700fe7d42a766d58f46ddb1a83bda25e1
f7a52859b89f71c3f352bf519faae017ba02d03aacf769b7cffa18ff3fc1
182ee4bb8c0be932fe25752cbc371b4db9afcd40e3ba9c885e8dfdfe0870
5026a89c8972ccb7a44daacfb47e4627f6d955f6c93c855cd37acc03e3b6
9cb951b3880fc42bdec57e8a362edcc87b5a9ff545aab449a61f78fd3da2
dded5a8d68777b4f5f3fc3c576b14e97f11e75e827a7fb42cc9123dabfc7
1722befe7ea6cc8ddcb907f592b3812fb330efcde2da3b4e9ed9b8bda3f0
69b921b381eda18049cadbdb296f1b3f8be8f2849dfbdb632dcf6ca1cbdb
9e51f61d7479313059df0693b71198d2144cf5e9c6bdb130dd3dd63a3d4b
c1b4f73bc0343aa1eed282d6c0cf36c04fe60917bcee76ad5ef511b8ca78
f139757fe856cfb476f259d155c6b3cff15e55e5a8289e2de28b0b1e5bc4
37e2dd6177714f786016f7fe9da6d6d667bd63ff4ef659b5f6efde3e4bcf
f059ae5cbf77e145ea8c5036d867cdb39fdf20f373b94ef8bdf7dacffd3e
6bce2c950b2a4dc1547a95f1f073f6fd63aa84d7a79ed55c65dc6b8fa558
3d0ba867388fe63e27dbb5e33c724e6d7b91f9b3e45d971deb40e286aaab
f536b251f775cc036d52784fc9788e55aa0dfbee8bf621197a8bf5b489b1
e33d77b0db2a556da5f53646ff9b6d85e1aa516df97a1bd7aab62a62daa2
1d80bca76cb9fecc4dbc1f74dc57a6abfbc2ae428e062ea8f602bd8d6ecf
a93bbdaed1777a765ef4f0dd655f55576baf70a5b7d1d2aedbb7c17de076
25fb6fa7ecefc67bcc774e9b0c0923da1b20ef67bbcf54b46d804fd0f170
7ce2eb241f6ee74a0fc3314ac1e153edd7f436ce3f8bf647e19d81cafe49
c66f052ea877ea7b1b279fb5f33ee5980d602d52ef697d8cdf3f2bf3bcd3
562e0ceb68d567a97a2fad8f7158b5475b05f27ce1f8c6eecea688615c3c
43e542c931192b96763cf6bab24ce4679f68c3db59c25ba3daf7f5317687
e19d19056fb8ee03b6ad5757b5bf55dd401fe39567eddc068c4fdbb5416e
832275172fd7b3835acf3ec673769fa8e7ec53daf9cd8ae43150f7debfce
b1f7aa6aa3b48fb1ee597907eee9e6b061c13a3f3d5dad73c786f7f0dc17
e7b8ced7110778f73edb1c3f49da9a9d1531a9e5bc9dbd51e63a0bdf6737
b37141f55fd3c7083e1bc935e9ec87edb27df643bdfcf80723eb116e7795
e39e1c344e076d7395f9bc3ff84add49630e87e628fb58077dbbd97e0efa
362847e6dbf97af9c4ca4b0beec0f9e5c8af16935ff3edb59a97397e99eb
57e47c4a113986c3399e8eafd6bcb5493287e9dbabe5dd659399917c9b97
6738729bf5d2ac270f45c6fee71931f935fbc83cccc728878afc483da2f2
6b82c78b9be34cc45007bcaec77ddef27dddaa75e6ed221de94c3bd0eea6
88ab9eac59732d7927938c6fdedb0ec03763c5938f2adf375bddc9dc699e
063e74222ea8f20baa7c27ce15b631e02d85bb224e326316a79a57734e41
e7ca40e716ceb0efd6e79815a37b541f9d495ef4ae6a9fcab9cd7520ac27
5b6b2101ab5bc2cab9b859c174ba23fff39988691fba904ddc94bf19b3fc
82ba9f243fd5ef6acd1a857a0734e667ef118e13df5de141388fd660c696
71c4851fdc47c5858fe400fbe1a1cb1d059e40763067cafa9e64952f2cb9
917c61df25ef2bf04ee4586fa67264623dfe3553e625fb68a6cafb8af65d
c057bdb7bdfe7da3d6ffcb99f17362d6f4f28571f33768eb408ab4df201e
5d290f0cf19332f371d429828cbd0aefafaef5793f35e59d57acbefda118
de295e2e033b8f8133963fef9f452c7fc6f46fa7721aa4a89c06b532a781
58bb137dc26bb76d66741e1de2c44b8e9c0671e3fcef1da8d63392cfa0f9
e57f2fceff8699df3d9f0ef9bce63362f84ac7bda3e02b7fecb8af763bf8
4a9fe2f9b4ab8c63cf3147a966cdfa9a3402e366dbcd45fe83ed89c62d62
de04bff9a35bacac998adfccedd008bfd9c81da5bb49ddcee28ee62b90a7
b7e24c7c1967e14b38dbb688dc9752afc9589a22a6666be6e0c677734947
b2dcf27e7d9db2c3611cb1e91877915beaf9485b0667cbf8eb32a740b288
737cceeda9620c01fa1ad3de1e63344aa5ce241233a938dba4eeb63fe474
5b474dfd347505eb94fe8c671ef37af28e48c61e6f677ab26d5a43ff81f6
61b91ffd1b6590c3a9b38dee678a497d4012fab1fda529d353bf9b916c9f
d7edcd17a64b3b19794f9413a58fa26d7ba5d007d939dba6985b44fea9a9
669206fe2941b38c6cd2c3a9e6f26e3c6ba68afbcee7d418e4dcb4357f32
c3ce0937297c677c2bdee9e792f3fc4a2fb621e96b0d638d74eb6bac53f6
3c941f2bda6b752ebd4d75ebe90e7aabde67ecc852114b7f26e8b6565791
2fef7393f0aefc3dd194f5c5dddd116d625f83b64997b2e5bd22ef182fab
dfbcebcb9dc17565fce7eea6887bd22993f61b904733ad9d5bb4bafdce76
d51de5df587fb4ac3f89f59dfdd53713b606f5d9b443d1abc6cd889c1fbf
cdb6e71ebc91bb0dcada983f10cf27e2f7c4f05ce90a17ec3b53defdb25f
de37f37e9638c27b58fece50eb69af2563715581768dc333e26315c6e093
77c9115cc1f30cc01e8b9795fb78b7da262a3e17f52e0b3846d1f744050b
bed1bf5bdd03f33ef865e0ce56813bd3cd936e7755de3469c326ee8a153e
495c9a8eb14f335f441fdf4c933abba96cbf789a78568667117e335bc0c2
f968a8c7892b6b962859b384b266c23351b2668992354b286b7ebdf1bbc9
9a57cf88c89afd674464cdbe331aca9a7ff832226bfe667a4359b3eecb88
acb96fbae05f4b94ac594259f3f71ba364cd12256b9650d6acdb18256b96
2859b384b2e6a18d8dcb9a47a63790354b94ac594259f3bf37fe47b26689
92354b286b56fc9b6d85e1aa516d41d6dcb8f13f96354b94ac59425973d5
c6ef256b962859b384b2e6431b1b95354b94ac59425933b8b1715973f5b4
7f4bd62c51b2660965cd891be3ca9a254ad62ca1ac397663a3b266899235
4b286b8ed8d8a8ac59a264cd12ca9ad76dfc5f97354b94ac594259b3ebc6
ef256b962859b384b2668b8ddf59d62c51b2660965cd6f367c3f59736078
afaa36206bfe75437c59f31f53fecf64cd12256b9650d67c6fc3ffbeac59
f94544d6fc69764359b3ec8b88acf95fd9f165cd289eacd8236d38c0bf3b
637ac5da8e95a6bbeb18f3a15f3bc98f8b78aec7b4d05dd90d69e44f3630
ef4123b61ca9e2ae3b1c43a52035c696a3974d177aab791c692c477b768c
3071f7ce38157d1ab97bef1fdd3ee34985efdee7c5b97b1f1403cf20c7dd
7b5ec4aec369bf2571b58fdacf238d291cef10cd7addab626a88f8c2a8fb
f9e54d73f17bde50c09b237ce18e322e9b886bb8420b09db2b6d889180f2
4953a363a13df715da74fcafd8e7ae630ce352c6d402ef59ee6e2fe1f029
38b451c660c231e6ff63efdde3e3aacabdf13d334933495a92364dd3366d
2e4d2f49d3524ae825d0d049d334bd01bdd0fb2da12aad8882e8010ea229
030a14355baae839724c9a16921424c82d519494c8a1a01e1bafa807499a
02690a085a39b315e8fb7cd7b3d6ecb5f7ecc9a5e8f97d3ebff7fd239f99
ecd96bad67adf53ccf7aeecbb01e52702ca3f62b49e7f813addfc5d4cfe7
43ed1f5912b23e4acf3fb69260425d35f8e6d24bcdb9aef1efc6f80473cd
5501b366a7613d5ecabed49a8f71ad0ee410265c6c1c40acc29edf84da9b
494ef2aa8105bf2deab0544f611ff7a557728d8f566a5b4d7da75c82cf90
f5d0c5a8551be81a7189874fdb55ef2a5a1fe23ceffa109fbb986bb7c0c7
9c1a3d4fe53ae52d365fbf976b5d6db8d8ae75a5fa435cc0c7277ad7b26a
0a24c4d68dd06b596975233ab55a56c75dfee1bcb35c4356b3fdd705bfe5
69fbaf93fed63af85baffd86c3f62fea2fbcba41e862754547e3e96271fd
0d75c1fbe38c592bc7cc9b61ae718ff9912aeb981ab3672863da77d27567
a973db96f16ebf57c6da67c9fc27e42289fca71c21db3db941d63e20fef7
98fa4eb25dabfaaef1beabde96794ac4fbae54bf6bb2dd56f53bc976ab37
c4f2ad9a7b1d794c0ed96eebbd4ab6cb8d91edd6dfcbfdb6c83b5775d96e
cb0699331347b65b4a6d1f22b909f7871e41ee936c6fcb624e396c8c874c
5732cc3ebc64b929b20fd5be2f8b6d6231b94d697a6e91537e1b7daff779
276c65699adc94112bbff955db0c57db2ce0937da75f6c4d38797ed1b952
bfdbdf857a47c154ed8c7ac0687ff24ad49dc9a4736c1cf3ccfa1912e6c5
e6c9aff17d3831e7d414d7b93045abb9369de3d73a600f31669b7d5a0dce
3d9fe7da572b48c6787e9d71e071d2c53e733ed7c515f5e22e1667ec01f0
62519f88f894ba635bd5f5b96a3ad786aaa1778cbaab735017a94fbd4be7
db8a4bb82615f43b9c093d984b429575823e97bcb7ccfadc3afefd75f05a
3acf4ae8fdd1ebb82e28efbb9c7fed62f3d0d7f8ecba9cdec159a5ce893d
2be59d1a74768973aa7bb138a71e463f12b607155ca81bbad140ad49a20f
118bb110751f6be82cda80981cd4ba5a8933636ca4c69f68a2ded435f47c
efe522f6a97dcf03a1f6ea8db0cf8c8dec7d36c1441dbc9a1309a5b8af30
e64c9918ad1f4ef32894f62bc3fc34cd03b14fe2dc7bd66f1e029c341662
86ea0996f7c4a7bfeb043e69dd2297c4a945349163bcc459334eabad38ce
3e6b6a55adf371deb515059f442df3311cc7c4345f28f9c562b30a6b4ee7
d941ec239d09782f7a4e19f2bdfac566d9d7384e6af325b2c6b916d785f3
c6bd0673e9fdabe8cc015cc16ae2f17476a5d0d9b587d683cfaf40ecf935
4e8b6fd26a3136a9f8265aef1f885a8cba1d2fd8855c45aebb7dffa2fac0
7f2cd26b707760fea1d9266c497a6ddadb694f76afe57a70af2d46fe5db6
8c0b9eb450e462dd48f873efa4850f928cdfc27ae54df16ac235513fd1d8
8eab8df65ed2e74c3c23fdf28b6b653e19e98cd015a7111d402fec291631
0e56efd5a1f69324671f50efcd404e3bf5b58bfa7a9efabadab0c6a34d31
eb0027e8fd9fbc75f63ee87f3f22baeede46cf77d1f3e743edefd299d27d
75c8fa81eb398d61e9326323dbd168bf669bc712ecbcb8be3f31bf28a3b5
9904786e0cb5bf46fae340759be3ad09d6b6bbca1079e827be43f3586f58
3f247d00f595a137a2be72f6f9241b22ff7c15adc377681dd6339d43777c
ce30de463ddd556a5de8bdbe4d5c4f17f9d6a867807aba27a85ddf2bd4ff
0d867507d685fab809f3df44f3bf86fa7e25d4de8a75b921647d563e7f93
d646d43ba0b5e9bfda7eaf97dee9fb53a8bd5eabb58cdabab863b399f0f5
61e2190f115f3812c85ca86ac13687035dba1cdc18ce88c0b6ebe615b031
a006abb8afa45bd2559e615e6d721ead386f3a03e6b7d6424f0a74bd391b
b6ae40d7e9d95c87f594f834ba5ea74fc279477e38f276a14f0a9f52962d
93e20cf692498fe11ee15b9709bf036213f5ff451f19eca370c3ba88603d
21ef17d769ba8fe016341d8ead65067840d3e2acd664d21f9d65ff12d605
32a9d3369fd6d5dc3942e4a0c0960abba5ca2969ba816dbdf1e3fa41c713
557cff423107922d1a445ef0343395e6d0d438227e4e507884caa5b1f38d
c4333b97067a58f36e864fd856036c679db606765ebbefe6027e27365fc7
638cc008476e50536fa2e80767bb98437d06cf216fbaf9fb3ae4de24dae3
34267a8f134ef4984ba2739cddae710c390ec9411d18a7421ba7c01e47d7
735b0289c27eac8fd34ccf66d238515b716f826d2bd661ec4c8885513cb3
d7bbb931418cabf45fc64bb9a724eb7d037086136c38772778c35991100b
273d73c0591007ce80079c01179cbd011bce8084b35ec249b2f127c4be05
b47d0b78c349f41f03273d537022a7a06537bfe375775f5345201656f14c
83b540877532c35a2d61253da21cb00602f1e9a4d71f3b8678a6e156a7df
895bb5b27fd2358ad07fa3df5e0be21d9e6b417252cc5ad033c75a54f8b5
b598e45c8b020f380bfcceb508f8b5b59824f16bbae4198bcd0fbe0a580d
f663dcc0be1b9c49cdbb39b7acb9d7c7b07bd8805a3a7db1f0d333053f6c
41cd8dbeae027ae70bae3c9496b047dbb0abed6ebb6d9cdc460d077c2e1c
f06974952d6cbba8b785faba93705607d887f313e8aad27fd42dbf07a279
7ef69a206e82f9b5f2f3a4478e5dce7e1dfdbd33fa7b15ec8f1b4de3ad79
86f56f95b3d79c21f210db5e5acb3e337abf2d6f0c9fab2cd7cd8a91ebce
231efce6e55ce73f3a463849c0721277002a5876f333c810cd3720ff704d
5b73499218afa92089e6971ef9833ed7dd7a6ea33d17e5cf323de6d9abc3
d0c87dfe56f49924deab079e85c69b5fc0fc3a451bf19ee8a33389cf3de2
31df44dfe2ff3591afe3dd46fefe357c0ff377cc47b4a33908b8c41ce04b
f37705e9f350003eb7359107026b230f86d74620ab2df0a33dffde4c3424
d69cdecfc727d126ad493427af3990c4e79db8832729da467fb7b993fb10
352cc47b013917bf8011b1b89f1473f54b1c09f09c098783b21ff497990d
1faaf41f16b0ffb062be06ab7c4fc10cfdbcb97784069fec9fde63dfe308
d10ebfdd1b07779a338262ef8143b75e611cd8eec6a1ce602c0e35066371
e806eea7697750ecf7ca61e09031180ef5729fcb3c70e8ad351a0ed17ba2
8f40b2c4217f5712fa16ffaf8924600fe81d7cf789fd084ab8643b9a8380
4bcc017b109038b459fa6db7100e6d1138f4940f30f3efcd7426091ca2f7
c5fed0fe3a70a82268ef117d576df477e3e250868449e2ce7fafd1f048ed
b3c223d95778622c1e3d3a4f83b7538e2de1167814d0602c0844f194d733
18c523a197aafd8bf214dea79ffd49c460bd1d2ccfe47c5da96335ed4e11
32ac8a236aaa48812c1b59b62676df1de74b3885614a26f97c9461f9f719
a58fff09324f4a74dc54895729b28f64c0d5cbf36ca4753a42ba4a0beed1
08642dac46dc01e1cc55f4b9a476bcf96382f5f6842ad6b9de5b662dbf9c
6318bc70f5411a57d0cf9db3cc3eada64a734672947e1ea6f6f75ce6a69f
e458fa294889a59fbf703f4dbdc902d7ff15f3dc2de729d66b4d44ac6d0f
afedff5cc1b07acebf40b6a33ec53e893eb15e89625d5e25f81e22b86ae9
fb91a061b58c34ace65aa31478fd11c368bdfdf8043388b5e8e5f767d29c
0a0d8e49f915addd818f555ab8336d1b6068645ac33b62efe87f8153e986
78e7f0bf61bff89d1be6710c06ff0f7af577e19d043197448e1d095f4978
29d622f2df73f03c59f2d244794e240898c01f9a093e812715c94216f8f6
6588bf609e67ff3642e0bab2653635264afa93bf53bf8edf55fc4623d3cd
2e41372c3f34ede6b15b08bfcaf149b2f7127c92ec1c1267484654ff6b2a
6019b9a980c76b21b8451bd22b449b5ed926acb5e9956d08a782c009d2bb
953e9d28f5e9e646a6898b4087a4cf311d8c90b8c673ff4fb10e729e42ff
c03ad8f36cee4db1695dce89e57fc09360bfd7a9bdd7286522ac07f5c5e7
4b8a3c97b82dcf41f20eea87f72d25ca3bd4da7e7f5eac7fa9a951f61548
15630a3e43dff1ec98bc1311ff637da2f7abc83c48f5dccb0ed854912c79
5ea288e5818da1393086e01b13398af8a526fb3eceabafe0b9f17a301cc8
71bc1e730e27389e27d1f35178deeb733cd7e1c1bef0de8fe85a095aa377
aea2cf189f5645ac4d50cd1d3684e60aee5bb70dee3b7b36aba92255ae3f
efd323f06969718790955712cf58b9365dd8aa16271a96f8bf86fe279eba
9878aa90872e43eca277ad9d681fd7db7da04dca6a57bc63056a7b2535ab
9c31916f956458a83f182fdfaa5cd64f7ae74d8e7b4ca2ff7be1e742de57
16dfb180bca8bfae1235d9c5b333f2d9996c820376af5ed2b1320ceb9da7
917b863b687c2db75f86ba545c873199f6365fd583ca0e59812b00f772c2
bb2a3b5facd359970cb61961d72c20f8af70c20f9b8b3e877439870ecc21
d7b07e439fbdb06b1510bc57c8391487ac1f630ef2d919f9ec71d23d4653
fb354fcb5ac9b216d9ef2f47bcf4f6b65a793fb090755e9a15ade5a564fe
d19771fdad9e2cb65d8bf78ecd8ab91338497bcf276b75f5d0dad4ae46fc
b1611dbd5cc6da6683e68dae53a2b656b005b65351c72c95eb98fdf522ae
0966cce37cb50f2ec25aba6a7e8551f32ba139ea6fd4f0e02c8d7f96d6f6
6caf511acd27a4efcfbcc96bf829890777bce98d073778e101cd0b6b7ff2
8788690f59fb2f074c9504d3d2a8bfca5d2fa339cce70be247c55dd91563
866c577b263081be4f582862206b85cde838e2844aeec1799d3c40cd9d64
a1971e77d4dc498eb5af152447ed6ba883327b95925fa5bda037e86df322
5936a67ff14cb34b340675bbc471c4fa08f86ba79b01c01f0e6ab6a438e3
54788c53e11aa7c0354eb75ca7eae9e6a9fdd0afb5717a93bced1fa4f7ad
708dd34ccf1cf68fc624cdfe91e3b47f907e1803a778a6d9017627b9ed56
c78d8ea9724dcacc1f01d68a24c79e3a602cf080b120c96957239d51d9d5
1c6d49378b694bcf1c6de93cf76cdbe8d1b6d1d5363cc2db9eb77b44ecba
ec76da792133d9f61119efdb21f73034ddbc09eb52a0d97b0323bcf7b037
d1638e2efb6867a2379c8d89b17036263ae10c6b769c8084b35ec29937dd
bc7cbfb30e16789bb7ddd103ceb00bcedd89de7b51e1d1b6c2d5b6204edb
80475bcd7e7c91b091195d17f9b80e97736d133cd636c1491f81407cfba0
b43f3bf985dbfeacdb4a27f1fa56cbf5ed9e66be7b376a24ac25fea9ea75
ad8b289b356c829025bd6d9b1eb0ef4e70daf72a12bced7b051e7017b8e0
0ee87673a77d6fea1b42473d1e2c4f77e9a87e978eea173aeafdab21fbad
8ba879c2d68dbd0c92dee423bdc94f7a13f338c937eacbccd6bb6d7bf715
b3c0bfa5ecd86bebfc53a51e1612f6e74b4c3f74d2bc801920beffc04a3a
fff1fc57458efa9dcdf70a7c6fc3ddbc2d2506d650e89d697446bcb582f5
4e910741fabbd2390177533810d537c51cd60758d724b913bae62ba77176
495b8298b7d0358f077b788db6afd66c07613987f501d65ba98f02c8b6a8
2d4e633553ff42bf2418bcf4cba5d0b96b2f35afa33936dd2b64e73631d7
f78acc153ebb76d8efe9f7767d4e61bf734ebd7ee79c1ef3f39c1afd624e
2df1e6b46fb498d30ccc2920e7d42bed6a8ff9794ed487e79c0886b8733a
bed8bcc43da7d04c7385df9ed361fafd767d4e9d3ee79c0a5c73fa8b4fda
047c624e9ff59e536b307f8c98d39f212b14c8dfa92debfe3ea1fbb78036
31869ccb111abb1acf692ecd3497269a0b72e9a2f3c9f39949cef9d01930
d3dc9b64cfe77afa7dcd0ae84c3e696f93f917eb7dc257c9f6bff4487f31
6848ea49f49b58637a57ac39bd5320f0ca88d204f22ed89ee6eb9a46ed01
d3118c23edf23f5ac5f5f5f0fd07abd8fec77a90b21b19b60ebbdbb075d8
12617f69c37d09bfa3feb0c6a7a2346308bed2a7f6a222bd0df7793491ac
97751a353dd6449eefe79a742fd367a3bc2f017da8fdfcc972d475e16767
e4b3c7031991f1d47ef213ea3e94f5b4ef196d3dabe0d75edf569dc2323e
64a6b182878d6d39b69ced943ca7a0b44f270bdbde0bb4df452f2fb5f27d
a176752fd5dfc063c2c1a87d1fed4e085b0cb7157be4d19fc3eeb15bfe5e
207fa7fe9c7693a468ff5877d829c7cdc6da4b1b84b4cd8fc6b35e692727
394fecad9063d644dc7751a02ddb0ab88f5b8bb93f3cfb7531fb947df277
3c0bceb27d00f3308e84e542fa8eda45d1fe02d27e2be170dfd9e61e7797
36ee531ee3027fc51e552448db5002dba202d2c6216d0351ddbd42da7124
5eb6342a7b9121ed4589d25e344eb481cdccb6bdb28c13b5ff86957f84ed
182dbb65dbf03869bf51ef4b5b03d199188be4333156a71a2bcb86af53d9
380c71e63657ac693b42726a0d781bcdbd5a8c9b25fc17b83ba7399cb910
754d33b136d20722ea716a35bea2f6a94e9ecb1aac97b2dd15487b5f98e7
90b382fbc1b36da24f69b32b1821cfc744cd2eaddbaa12653fb6ddd9b62d
0df09bb2dd54481b57a366e3ead5d6be82f77b7e31db11d9f62ded52619f
6de30a04e28fd538c06f011b7fd87e961cfd2dc61ed629ed560529b65da9
8061e90b4a7b18fdafdbc36ae57d17eab9b287e58d703edfe3b69fc9e7aa
be58b7cff9bcc9c3aef62d4127ca1fc630cee0989ad6e0962a4b3d9b22fa
91bc9fd644d8e002b0c18d8de07e761137f7b86d83fbe24acd862bfb40fc
3ad6537f36d2e3196c721b01576382e3b9632e058a8e92d92647ef78dae4
3c627ad4fa0b9bdc6eee3b38c1b6c92d854d6eb7c41749075f71c59dbffc
7767dcb9c8ed7d3836065ce4f986322153b6a2aed4cfef76d4b4167570aa
68ad4ee13ca8c91c56dcb918f3d138631a72ccea19e6f7dc63aeaeb266aa
31f70d61cc00d729408d02d87b784e19dc7fc734f3b52f713c37e2afc46f
d5f237d22d5ea1df70974a4c8e9091bcbf5ec4862ffe8d68532bdb18d3cd
5f7c09e7738eb89343d8f00cae07d220eb81bc48bfe35e16dc6f817e7b72
edfc32be439063b37b72f1ff8e08f251f1ae33576b6724b886eff510fd77
c8fe492ffe1ef58ffb2854ffaa6f47dbeb383751b4ed966daba79b8da22d
8f37d01d1d79899cabc57b3596dbd74e37efa5f6a73338462d369790e3ce
bb930c99bfb52b027b5f347f2b95f3b79e5e21ee0d10b5421a64ad905ba9
5fe44245f3b7d2387feb4bcbec7a5deefc2d8e17af6a468d84983afac0bd
276273e1795c897bb533cc8cbbd916b8eeac33175ef097eb3917be43e6c2
dfb142e264433c9cd46cdb83e064f9003879f139e0e4ec417072da3f1927
477d089cfce08b1f0e27dffae287c7c92c0f9c7ce98bde3879a272e838e9
ccbff375893861d474edcc76d42fe4398d92f89163b67f11f506b7d17bdb
645dc81d716a0d4e808d42ab3bb045ab353829a6d620d785a7e7557cf702
7206554e822ebb623c35fe3baf03b7b647f656718d998f5421767662e49d
36e82b1359376c18eb593bfb6ad2318e04b692bcb895f6771bc97adbda1a
a8af8334aeaa03b39f74c3bb4937ac4d37acbbc61ad69d1d462972f51b51
abb0fe5253e8d3b32bacc47cc37ce6e9b3f73de4510bd5ab3eca735f344a
7f9c63589d03d4d4e9a4ef3fa6efcfc99a3a1754d935756656396bea3cd1
66e7bc04ab06a9a9132a73d454b97fb9aaa9c3f718bc9b859a3a86f924d1
f3b35fe4fbb38ee6f07d5a1d13f98e2c05b3f93afb2dca5f675eb5e9756f
bf456565acdf42e879e7731f4daeba359f82fe473417a76e4d6b906415ae
7352216bd1f8cc3fb4c93a27e7588b66f372ae4573c9f238b568f2fc8e75
bb62f9e0b5680a970f5c8b46dd677256d4399d2cee2a11791b6c4bab832d
ede53b80cb39f29e841c8f9aa1d9a0b356db7ebacdaefd4f7bc836c05cc4
0bb51aadc58e3b8460476b0e670b1bdaa5749e4dae841ebdadad5eded903
5ed0883a2868fbd362f394669fba70196adb6fa3dfb747b0572725cdbe2a
eadbef609b452562da718fe24eea6f17d1d64ecdbfcbb52e50cb265ae79d
e056f7ba0c833fd549fe5407fe64de312cfed43a5cfeb469d9d0f9d30baf
317f2a5fc6f4ba6819f3a7179e8af2a7baa0cf9b3f2daefa50fca96e77b5
e04fad8a3fddf783b3f7dd5ef5cfe34fc165367ff22f73f2a72f3f65f3a7
eeca41f853479a83ce3e5b75eefc69ef6bcc9f26bcc6fc69ce6bdefc69f2
d2f8fc097d34897dca8ff2a7aaaa01f913bd9b21f853a1900f8c313a9f5a
f0b30fc7a7ceaf623e35ba2a0e9fea18eb58bf695583f3a90f960dcca7ce
9516bf7bfb3f97163f5339745a7ced55a6c59d958c9b5b2a99165f7b52a3
c59a0c4f5adcbeec43d2629e93161fff3eadcbb27f1e2d4eabb46931b7d2
498b2d4fdab4f8fed2c1eaef4d76e0d2d7969d3b2d7ef155a6c5f9af322d
ae7ed59b162fae884f8be8c34d8b1f5936082dcecd17b418f4a0c52b7ffa
e16871d532a6c5f397c5ab5f37c5b17e4b960d4e8bd9ff245afc49f89f4b
8be6d2a1d36240d2e22d4b1937ff6529d36240a7c5a3633c69f1e6ca0f49
8bdd650e5aec6a3f7b1fee97f867d1e292a5362d2e5aeaa4c5e79fb06971
e260b49837cb814b8f549e3b2d369e645a5c7f926971ef496f5adcb4243e
2da20f418b35362deeab1c8416cbe7c4c8eda9fff5e168f0e3954c839755
c6a14163ae63dd6a2a07a7c18b2b874383812ed43872d6fff7baf32c23b2
83d6d3bbeeff68970cbf56bb2b2c43c511110e8c637aee9e61fef636d0ca
78d60bc2591e74ecea33bc36e62e01d16747a6e41133cc676f8bbd4bc0fb
be87312e78d70d7adfd88893aebb04c2ea2e01fbae31014ffd1486a77a91
f91fb7f15d028b729d7709dc94083d65bda80177423e3f181e13f9d744e8
1bebe839ea11ae8f1c0e5c197940de67a5ee1c3b18c86a5b4afddf1e2a36
bf5ceebc6be0addeb3f78d5c82d8c3acb666eaeb6060535b23ea5645ef0d
e0bb064017b8674cdd23a1f417756f157c83adb9e87b4ba42b3796b7e8f6
f06bdd39b09d495d2aaf0c352231df839d9971e2f3b2657c9e5cbbda02b9
978bcc2b6e430c864fcb39f4c589fdf1a9589456af5c33ce39f4c58f3393
f9667afb01f3cd38ce8ce852eab8469939f5369573162fe7d0881d433cd3
730e8d68cc9db88b2d5460ee13f74d2f3247dec6797c76cea11d07e58c0d
8b8ea3dd39e81aa7c2358e21c7a95d64fe791fe2c29cf70eea6bdd1c70f6
dd12b0d718b58bbc723a256fa873f306a6b5d1d1d82f010bd18e808568e7
e7fb40cb1b087736c8f37ea3679ea2a4650da675d118a446a22977fc1162
fc9df0acd7e0c988a8bbab74ba4eeae5f3e6a91338f7c7467e7602f10357
46147c27257c8788d6bf1f320ea8e767e4f3c7c3e322e8e36f2daa06dc46
ea3b2b72bc0234b629f238e127e406b106d523e5be4f30bfb28fef5af974
97aae3b62972c312552b7453a4a9627cdb35e8a3627334bf90f312457e55
9db1ba305a6f54c41ffd458b3ffaa53f1a7ff427e223ff457037fdd2cf79
0b61bf889142be6a3e3e4bfce29ec3e602bf88e9127dd7169acd89b63de5
8fd407625644fb4ed9be91db8bf74345e65d09f6fbbfa0f71f0d711d8b67
e81c5071b9d0399bee9db0f041e24b2da25ee9969bf4fbfbdcf51afe27c4
f954a2fe268d87bb1a7187df6b224f85f3ac5e47ee8e8cbbe927790eb51c
385729d0c273021ea7b4cc9c1cfa9a63ac44beef03e335d038e817fbcb79
7ae96da37238ff49c42aa8781d3aa7800fc847cca3ff7dc6f15fe4a7f4fd
f96f6817f577ca389746c311a3c1b551d70afefb1fb91c172372e5c21caf
f1ad5c8ea171c40775721ccdb20a7e9f73c6a4efbad3c7b10774a6bc3552
9e2d74aefc2607dfe9792edf57f9007dde45b8039c05ee0267574a1c3f44
e70ffe5738edf7c06fe48c2017f6726a532e713c9a472272d0d22399023e
8ed7d2fb03af6ea9e03847dccf34eb8490cbde0e1e1de588ef53f273f312
dcf7b89164e70dd4f786b6238d81ae6a6a1bbd2fb2d628e5bb2c255feb5e
643e5d8b38528ee7db853ddbcddf6fcee1b838ac11eee5c13be2ae4ffa7d
848f73ef82027f10d3c4b976f982362f41ee59ddedf7945b07fd9c5fc439
4976dc13c741f89c798432775de5e8a936fabb5c9b56cf2394fb2df7163a
c94f9678ec35e2c3641f37687bbd2d4783af538e25e1e4f80c1d26993bd5
29c794f175ca07833b36118fe693f0dd29f0687de4c59c5819c151eba622
51bb9b352382bace07492e688c910b2649b960f242e68553790ff3cacc55
b5f6bdad9e676ca3c7d9d76874c5c4e7cbb353d4bf9067dd8690cc7d2be0
b557f78489bb6b63625f0d256f6879fd4654dec8a77307b1aa8b63f2da3d
e0ab70c2a7cb9ec7be2073ca254c7c876e86800772e750ce6586655c0c2c
38ab1df08719061fc1807309ef7fe517a0992b450de346f0053a6f4ec9f8
379ce945048fa8074ee76f910e4bd879de1f41fc259dc9fdd4ff525feae9
43c4eb5113d9d9c6758687d7d97205c9fa7c07658e181ff20562990f129e
34129ed477d97202e4e8493d383351f37b63e45b5d98c37a3a47ae8c04cb
cb4b514bbcf00eac75d1ddb8b3d9875a6c22c726b945f01c5f9ae03975e5
8803b4e72eef8313e776139dc7be64c3f28f32acc03ea394d66cffe89f9f
bdef20f807c9d33897cb2117be3ddeaceec6f85b22df5f6cdfd9368d786d
b3ac25cb77c86e8dd40b5b40b6ed5b08a3266cb6777c568065d149225ece
88c698713e269f2f4f2e3644ad6ff4db40fd0b3a97322cdf63bb39723617
7c7c6b94c741d65775b0239accaf6af5800ff1d9e5b363722af8d93159b7
47c9cd9eb57bc4d9b555f01eb41f81f7c5b3b5d1677a1feaac6ca1398a38
1f7ac73bf7ce171be723e112713e32c740afe1f33dc4f9a87856b99ec762
f4187f577de7843671d720f181c6f084b64384332a874ce9c6e057ac1f67
47fef079ae83873bff984eb39cb230f13d27dd5da9e9c91335997c14f3bd
8e1c73d41770efdc46beef8ff6b431bc85cefc2d1cf78a1abe920e1df444
bcd5c90f36087a9a46f47418fa16e80ff220f1df20c962b45729c473160a
9f19cdab91e67588e6f5d3c5f0916d90f73f6f8bdac5a2363179d7f14182
e9d26ed0dd46516bff07c7f17d5be4b1c56c2ffa2ef09ff8ca258f821e36
123d6e12f7384669f2054593136369b28169f208f1e88788b68ea8bb0fe5
5ab4d05a34135e317d6e15bc6124d1672ad1a76f34d16926d1e951a334e5
39a6d5e9ff25ed88349f4381ed11d8d5c234ceee6a6157ab5376b5bf3f4e
fc373434bb5a5f20a9e5d874c32a26b8a98f3158d363771ba5c2de36c5b0
70ff8cb2cdbce8b2b7bde0f79baff8fda5c79ea5e713e95dcdfef622f5b5
d2979af222fdfefc448e91d8b9d8b6c76d5eacd9e3661a566fab6d8f9bbf
d8658f3bdfb09ebd50b3c7555fecb02bfd24a4ec4a5c6bf4dd19b02bf9cc
2789ef1e9bce75ba845d2ed7683f3a85efc8ebc80959c84b5473fbe12bac
275dfb0adfa917a6cf5e750748aeb4cb6584acebcb8c03ead919f94cd8e5
e6731f22efd3875a863911d8b0109bd371b16195d07edc2964c3bca8cdee
8090c7d9177b50b7dd9519e2de9717fce25ed3baa2b5979a2fc08e7e57a8
94ede895d226e633bfd4390c1b5e59c82a2c15752cadc2794e5bde8d21dc
8510b24684d8a6b739a4d9f4e6862cdf6cb1f6adc61ac3b1f69f08c5b1e9
cdb46d7a95a161d8f402895d0f928cf000f19bc3c40b0e8549d6826d2f0c
7b4c5604b4887860d4d33b44fb7b38cc7783f4d27a26e24e07d28b7a0289
2d27e8ef24ee8e275caa1dc777ffb04cb0519c29f8f3d15f23e8a7addc3a
84bc8385e5565f2ed71ae803ff086f88f01da9578ab306f904aaa6856857
bf84db7d7b89f5bbc552b61777805e29ee896821beda4c3cabd9308e173d
5c6541d6c11dceaca34f96bc774ca48178fe9fca60f3020fda24c6c49915
90f222f84c4b2fcb6ec9e21e9331e2de0825531612ef0c8adc3ca36b39fd
dfeac85b73d9500a6c1b8aca4f5baec6d86d8fd1526144efa740de81de27
7440afbb299033eab89742e4c49d6706935cf13fb456cd624df99c3c1c80
0eb351dc7b0f7e0fbb21db16d7442a48375a4abad1ca74c35a36d6b0568c
372ce8b990c956104e0b9dc618633e4863bd7ea8cabaaf0cb2c1dac843d4
df11d91fce2ae8b6f524cb410f868cf8109d8d47e86c6c21b9b5997837ea
f437907ef0e532ceb9e27b5232b43b6432c45905d9e0a88a699671d68fe3
de53e456e07e179a3b781aebc41bc573d83e3e59c63533585ed924ec9ed1
fc0629fb40becf93e7ba23ff41ea4b58db0c1a176b853e0e52ff0f4a3beb
619ae721614f65596e7319cead8d918f2d663b0dc673c7a5b9cf07c83aee
bb856a17b973ed91631d68c6bd4be2ce257a073132c0e5db1731df462d10
c4c53d5391d376db44ed2e2595374d7cfdc64bd1ef521abba219772579dd
9779877b6c2d9653c47ffd30369653dcefd291091944dcf15aff05f6b38c
35e41d5e3296b309ed652ca7c0d37b2aad31b4562f80567b8610cba9c12a
60391a1bd32c60c91bc7b074cf306ffd821dd3cc394d4badbf5e2ac7f48d
1b3ca6599b3fee2d832c23fa4bc2f7404bafbcfff5d54042cb49d48ca4cf
e6706ea448d62178ec1267ad05a7cc98da85da4ea772e92c06ade686acde
02c3ea2ea1be8be92cdee5ac45807aafc6e8da3223b3b64cd9bfc4331f3d
4bac2dd3fd94afbdcc676bf70d86f575fade4de7f311faec55355977c9f3
b524647d8b6054cfcec86767161816fa08b6c85ae1e21e0e826bb1617d97
d6affb12ea6731c9ac74fe8b3aa732e7f2e27d7cf784b817037ce29e726b
32707415b5bd82e6f4a0d1debbc9b046d033d4373d7105cdf941826593b8
cbdd1ab988f3e55007f5e42e6ab39bdafc9cda5c6358751897daf4509b13
d4a6e277342f6a379f9e57ff37c98af7122cdb081692c37f349efa475dd8
ddd4ffcfa9ff6b64cdd56df4f955c33a4cfb8fbaabafee37ac372e91b557
e9fdbe0765ed556ad77744d65ea5f67dbb7cedbd8f19d6748c497d4d002c
0f122c47b06ee5ed6bff40cf1fa3b31bcf515f55fbadf731c8f6b67d187e
65517bf715a31d31b517627d9ea2b9dee853355917d68a3a8233cce523b4
bab5f7f944dddaafd2fb9f04ccaf84da5fbb01756b459d6dc287710b9bee
1db7f041c18349f70c6f8c5bb7f6096adf7d0b8df9055adf249adb970ceb
10f0e01682f90bb46649e5ed27bf447b72a3613d7889dc931b694feea536
f7519b05d4e63b24c362bed4a687da9ca0367f7c89d681da75112fecf219
075edd8ff5a6dfefa5dfefa37e1750bfdf11f2504bfd63feaea68accb67b
d4fad33b7d8d72fde9ddbe67e4fa539bbe2fd178cf1bd67fa27f6adf4efd
773752bfcf50bf5f2a6f7fe7f7f4fcf990f5a47cfe275affb768fddfa4f5
7f83d6fff45321abffc6f276f57e2fbddb775f793bece5b0611c0c8c9735
70c78b7a958f902cf15d92131e0e8f59f8502043d4ed413eef113a6f5b02
a317229fe5546392d9fd3fb41e7f475d8ba4d2de804fd4d38e571357f0a6
da29cc9b428bcc83b7106d15c8f8f2dd23cc5f614fa8cf42c2dd7a82613a
3e893f4c159fbeae29f4493cc3d4cf0f774ddc267f6c4d5c553b1bcf3c6b
e68097cabab8c93863f1ff96aa68dd5cfd77bd6eae7b3e9fbc254edd5c9a
9bd0bd0b62ebde38eae66af56e9ed0eae63eefcaa979e403674e8d380b7e
16e72c08c9b3c02834ff76abeb2cf87195f5e9327916d40ce12c708ff9eb
3863d6ca31f30acd97dd63aeaeb236a8311b863726de1577006877d3f85f
e2bb1b8df1c4b317f1b9afdfcff0b7dfcadf2f08596f2c623d63c0f3fde5
78e7bb9c53a8d06cba95cff7a75db91a5ee7fb4435d79e7873f53edfbde6
fafc6fedb9b67bccf5196dae8f7acd55eb3f68b04ed62761615aa85d574e
7acd6df419a0bfdf2e203dc6675c24705eea287f2d95320dc187f3f54ca9
535e52efbde27aafbfd42d57416f1e41ebee6358b250732737124c609c8f
07d3f708a66ebf1326c4bafc1ce365d9f2de7f95720d2092d50f8047e0ae
f983240b739c82888f16fbf33d21ef2da33df039e0c71e7d57ef93d6b2bd
9465cd19aa4fa2f5838d8688e546ce8beaf37e579f3174d3a3e198a41b35
eefda5a819a7d1cbe72aadbb1629792d6bf834fa6afcb1fec53dd69a4aeb
936aacfc218ca5d14e3dee28a1bdbb9ada0bb98bdaec2c95e71af2143289
0fd2da0588c79f4a9563867745f49c22b691ed8ae834a162e6eb04fe1c6d
52fa80d205a0df0087d92f928b98fa85f567cf1e37ea4ac57d8b677ecf77
ff4246852da6fa0f4c23e0e1caa6029c68a0b607a96dc108dbd6023b0bf4
05a52b28581ed26051cf5a3c9e3deaf1acd64f7c7c04f1f125a1d2870916
eff8f7842ee41b3f23759ca9a5b0878f91b5b9e3c43274b2bfa455cbc1e1
67b61e5e1f88c631b41aa12cf0b3d6fcda42b3e366c4dd8c96b1451e7d37
7af4ade9f81c63345ac41889beab65dff5856633fa46deb7c86718eb51bb
dca3efb00b6e9229a270d7cabe3b0acdaf09b827c8be33e3fa9ef4be75df
13db0f32636bf15478c0e4f63d056cdf536322c742c226276c8575a305ee
354066429e5e79b239a5dc30ef32607b5b1379923e5b1365ed04dce349ba
34db7cd644108371083529bf5d691d22b96b0bedfde361db6e21ee04a536
513d1d3e70599b413d13ebd42dd7a9bbd05c4eeb04bf12623d9a51fb01f6
81f03851ebec08c9e22d81c911f613111da0cdf8aa687e32c985911db8bf
04763001336c0e1b844dab9174fd43a4fba386c56192213906769c39a714
f3843dea4aa7cd21b081e084bf5cd8c0b5dc900dc2b723e2cf441ee044e1
5b39426d5bc2f05dc3d78cfb41370b3f6afd6e1fc13d316aeb820d9bf30b
abac0b2f812d65b3e88fef00dc12295908f8d97f049f8a57feb97e1ee1fc
167c25cbc9574e7cc0e7beaaef7619f1965301d8343966b2278d6db04d92
97747772adbe53749ee1ee9213015fe9924caed5974c6b891cbda444d759
a1f136713703eac9511f078167dc6fe4988ff97793762ff1dc8b8d03793e
b63936cadc1b9c7922861332299d9b19b2169e8fd6e888cc73c46fafd13b
afd373d8b75691aeb42211722fec9a8951bb66afb46dfe6a01d786403f6f
5cccf614377ffceb8258be87b85595f3049e96b1305e6ce42427bd06b66b
fc6bb2cd0734fcaebb09f1643b22b009258bfa5c39b13e9eb0b3df96f076
cd679a2b63b17223fd0b802b3b448e930f7ec935d926d657e4003e546509
da3c54657d73416cae938a5b184abe939be7bf96c0318f2237ae27d91c4b
fc0236bd3f2e60b949e1a9bea6377c609f1fea59e46cecb3d7ce0a5bc8ba
e8f9a9e1ba8cd714b8f538addffdb42fc01f9ce79d7e558794f044ca64a8
29099c6c802c7c4f39cbbc4515963fdf301b71af5f5db975fd4279eea7f1
9de7e7119e089d89e829aa134a9ded209df78d01e4cae2eeed9d91934413
2789be8e5c2c735ba57d498c33bbdc523282f3ff1d91bf9672ad469d96d4
fcb18e5fbd381627f1fcae38cfc3da73473eb7b03de646268d655970de58
a7ad11b0dd521abfbe68b7b09b19d6c8b1b67c8c3982cf13ff1c134fbe52
e3622ddecf881d739d7bcc386ddff2685b36c4b6af78b49d3b405bd12e00
fb8a611dcfe0f53a9521e74dfdf4523f27653fa467cbf9c7b11586fd5dd1
3c45f85c89ef1fa233e7713a076023c1395c43f227fc3506d3ebf1ddc785
8fe5f8eda172cb24381b71f738e18aca8740fc08c7ad8c8f8d9324b9c0c9
2fd8273c85f8c54192cd76b96adba1b68de37d3abba2ef93acb02b26a6c4
f93eee83079ff3139f3b48e71adebf2a18b2fe6521ceffadd2c6be45de4b
bd2352e433d63557e4b4bdb900f7bdede0d8057a5e2864a1495a8c32ce4e
c459ec889ca0770fc12e8fffe5198c7b6dc309b08ffb5bd62dc4b98d77f9
fcd4cf62f7f9c97704b35f18e3c2befe1dd17e7b0439217c4ffc0e2dc660
671bfc88b1e7ae37ae2df5c0b5bb170e0d4fe779b4fdfc006d453b6a3f43
e2682843e64150fb5ed93e3c84f659b2fd051eedaf1d42fb24d93ecfa37d
b5abbde2557ff3386bffbe40d192f3f9a938cf5f1be2739d8f79fa02e003
c0ba2f70eafaaabf971678f35435ff1334f76b4a62e72e6878d212eb8305
b13c225e3f578e89d3cfe625d61b83f4a3e3d2f3779fbdcf8d4b0716c4e7
efc2666384ac1186b4cff80c87ce1ceffd24ed7d5fbe51ea3e0780176751
a32343e4b67d2de8334e2b5b216a21438edb63b07e8fba40d0b195fdb346
da3f7df23dc8b7a7d260a7e43cb953b003a519ed88314a26de59a83d1367
3ef6382dd41e6fbed069e3cd177ed3b3f40ece3dc8cee80bfed078ebd076
96d71bfde4bad76118e3e2ef4efafd4ebf61c5fa9d103f3e9ef8d6a408f8
5e23f1b843748e40d6456e1d72da0f4bddfb20c9634bfa9658b8475cc880
6f2cb19023ffd87cf8eab745900fdfc039f82df5224e2d479e29933d64db
09e0f95a1e0de7da25d01e1da2330d717e130c95fbb255dc4df7ec02ce2b
41ecd9417ad648631da2710f8bbb0a7744f6cf874eb65df0f73c0372e70e
f1bd01754e94dce9e6b9f4bfa0938061ef858b8e3a12234ff9b8c676ab71
5105fc610750b304b21b70ea2712f7d4efc0cf31daffaf2e603bd089796a
3ebb22cbe773fded2f2f60db6413fa0b1ad6efe5ffe8238aa3018edff9c5
3c294b12de887c061503b58f63a07c4670bf4e8bc29fdc19a0b99c477309
98b88b11b5cd4fcc31acde12c33ab9c0b05ebdc4b01ea0b57d82f6fd4ec8
db45a9267cf1e27b798a095f95f8ee9b23eaa93ec0f514842cdc574cb015
f01d9b0f88fddf26ce5e9cf5f02d14fa8cd23b7fbf6f1d62e1414785a38d
f63d32a7a052e8d4892d8549b5eb4ed2ffc7126bd7bd4e9fadb42e80bbef
12a2c902fa23fa443ccf29dc594b7b88ba3de03922ff6e5fb688ef0a263a
e31be62c40bcd79608eacff467f15defb8d7bd9be4f691b4c6a9230d2b25
1df7e81aeff4657d6722c90fef9ca24fc4b281e6e183dd23f547b4eba7f6
b0f128ff6b0bd103f424e8b178e724e901901fbae7f03dbba772217bf9ba
fa912b41f4017d0b341016b55312cc9b09bebe1921eb09213f80562fa73d
0b98f162c4ba53394e0a78001a7d97e6382ed9b08a8cda76f8c7d47dc085
091cd7b413fdcb9c4611d3247cd1e35a9247e13e422d27d11c2d7312ed78
a23c23f7375ef144229e29e08a671a15e2f82582a54a8e398efaef1811b2
c6d23abae38cbc7236d5bc7a699c9334cfa4fb0d6bc4b748e7fe3aedb769
5862ae7719e2ee76c4db097d8bd6be42c68d9e49e2788f33f3d956f92551
9f9edf1138cafcda427c97ff30f5d36058e3ee92716cb59966341f93f4f6
090b642c95b43bbc4bfb0bdbc3bb847b47ff8375af63dfe03343c456dd4d
fc7409eb311fcc67ba050c37814e69cc17ae4a1039631d5f217cf3d5b683
5649c7de0fdc5131687f99cffa604c0c5a33e1fd5d5a0c5acd78118336f6
5b04bbc9b658057748aded1062d02eaa4930f39a69cfeed7e2cf687d7f3b
5fd0546b3079a9a560fbe97c961bc08300d7b887990f2d9bc7b169c1bb34
5c3a3a3106974ae679c7a679e2d2c3a1282c8fcf97b844fdfb0f8768cf54
fd9e49a68e530fcff7ee5fdf9baf535fc7ee96b16f77c7c6befd23e8edb6
f943a4b7b5b9ff307abb66fee0f4a6684dd099b29f491d14f3808f49e88b
01b64341de840cabe22e552ef4336320e355342367d92b0649f8538cf77e
01bac0fb58bfdfce637a009e4056838d0377274156bb469e9789d28f7286
e0cd9b67dbd27ab218bfe3c52645fd813e8e21f497874a2ffd35fb3206f0
ffd405ff6afb7ffa7c2c1f62beb522f776b629ce94f264d34767ca9fe609
df4f5d51c3b0fd4c7541cbd3175c27fd0c75f0336cfd17872fb8ce48afb4
7ea1c63c7a0e63fa2abcc7ec966376179a65ee31a7565a4fa8317de3873f
666245fcf5ec3e9fd7b387d7f3dfd538f9838f23e4a6ba724bd7970286a6
2fb9e148ae88ebd74bbcc19e33c335d3bc49c1523e4458ce841cb0b03f3f
c9547e81cdf362f54e8e7fb3dfb922de3bd5c1e83bcbe6e97e3dc86d23e9
bd80097f6a039d230703b206df5af8e9722385fe3b396f93ce0ed0026cc2
97cd431c2cdb6221a3a6f820e7842ce427ae28878d77e6dde05fb03f1f96
6d5be85dc85888e7143216c989af5f641c3845320a7ec33bb0832713af59
91cc7e78c8917fc43bc5da3bc4ef9247d33ba3e99d4c7a87e4cc5fe39d39
da3b99f4ce047a6702bd333924e2db7e8a774ab47726d36ff9b0814e8c3c
7711ecf35b058cb0d1e3f755f986553cadb67da52f753ffc1eaa6e20e453
f0b11fcce5bbc690777090e4afe5c2973749d42e54750b0d3fd72d3c081b
0d6a69c04e43efdb7934db853e83dfdcb5ab4729daea08326d19e3ccef7d
1af72148dd076d483ef7d31c3e7311f3353537cca1b8a8b67d15c13e8b3e
fb69df57fa46ee5fe90b957e9ce4e599b3e919e162117d1a7bf746c04b6f
a73ede20bcec4fe55a91e8e708f5f7f1bdb32233e7d2fbc4778be6caf789
d7de84f7890f43fe55ef63fc55f4feac79b5eda703292d9fa031678befc1
966b7ca3f65f43e3efa7f18b4b795dfb895f1795f2ba3a708364e86af44f
3cfa74b6b3fffd8423c565b23dc94e45651eed495f5843edfb7359be079e
02b7808f9c27b823f2fe2dab89ef0764cd4efb0c53f709c1b7bee822be87
c81819b24ad5f7b1216bbefa3e296495a8ef7921eb828b5896299ccabe77
e0c9dcb9ec7f5771128abe44ecc504f6c32b7c09f9185fe0dfc03ec06620
74b644bb9ea6e03b90ff51cb52eedf18e07612eb056a8f46e9cfe41a636d
92f4e765f673df45aef33700de904a6be237517f8679c3e448a111829c61
e525307dbe5b02ffcdf608f434c897c104925982f40ee9407923993edf54
efcc91ef906e54984eef907e9437163c253b7252be03fba878672cbd339e
de194fef4c029d6647fea0de09cb7726d16f79f86d52e457d1dfb6139c3b
22c13c3aa3a672cd52f11960fbc2cf2e405c3afb8a44cd51d77ee469fb51
1fa55ffcbe8bf903b57b88f0e7088d053aae261c072fcb97fbd324fc2bbb
22ddc4d7dc349d6ec83bb488a66b444cfb38f387d7730d54d01a6cb9cdd4
f74882e736a2eb72c27183f6e773258abeb74bfade316cfabea744a7ef1d
92beb7c7a5efda129dbe7748fadbfe0fa3ef3d253a7ddbfd0f95be37cbfd
861e8c9846e8ffefdfb28af057d274ccd9962d72321df84bb8b98cfa015e
0227f212b99f4b4b60e3d9266ae13a7099ce918bf17e897c9fcea8423a8f
2ed4dfd7f19ace96f34be01f47fe24bd9fc97938d3f5f7751c273a9882f7
8906c4fb843f85744e4d94ef0b5c275a9c50c2767ff10ee149219d55a34b
601fdb1e71e23ce79fa403e7e18f10e7c64ec46b33ce0718e79b848fd8c6
fb5a596f17b87c50eccb0ec2cb6d11bd266fbde455faef4c173b852f3738
8a6943d1c512f035bc2b6a05cb77245f031f91b9240eda78f73ae4e36d13
f8de1fe03bed56d299b784e68c5cb9272f340ecc1a0c4ebf0d27c674c3ea
49c3f45e23bd3f541afee975a0e16dd49f9289626978ff85fa194d73a2bd
02ed46e9a8c8838e664b3a70d1f2b72e943c3c15eb47fb4f74615e883d66
de88318ae7cab62ebabe1b6dd3381e4bb5bdcdd5f61f41dfd7611cd8c588
be155ded71c338043adf897e248dab7e365e08dadfe93cc3b5380ec8d938
afe097c8333aca8806caf212e833813e83f419a4cf91f439b2b6ac90684a
9d15d02dc567069fdd4be6d0d8d26e32dcb3a21f7c93da091e8a78bcd112
cf021e674560687876e1757c568027c3068f7d74e3d93b73a58e9bc4e383
dfaf2a824dc16849a577568befc92d41828564f6d23db49fab08b796d35f
e1de3d91e09ee2c82ac297e573b5ffe769ede7c5b65f4e38b08afef2f69e
5e64ec695ab41cfb5a86fffbc5ff7acc8acadf44eea6c89727de2c6205d3
60bf657c2c4cb0f7fa0f73d9e6d62c7931ec1285c48b15effda5fe3bf1de
42d20b0a89f72a5efb13fd77e2b585a4131412af55bcb553ff9d7041f1d3
1f42bea7f515f890e5c48ba7cf67dc3e577e0adc3895eaac71aef353f53b
cec7283fcdf4e6a7b03dc7f0d3246f7e7af0535cd7fc14c71e8938089d9f
5e35d7c94f3de174f15337ac9e78aef8e910f1fc268213780b3c073fc55a
bbf17c81c473cc1d73eaa7bd5a2d7868b2e05b9779f053e039eac2afa4cf
e0de8f4714ff5b427df5cbb82df407fc17efcd75beb7d0f5deea79da781e
7c123421fa113c32657f0a7464e8ca89367e17b8c72e936dcae2b7193757
f1bfcae81da49a0da36e77688e89f5f18adf45cc5643456e1be2da8246eb
984223784db95fe53a928e9ec8fe909946c72f8246ed18c46b3555e4b41d
94f634e80df89f6b21ec6c33128dd1dd5946fb448f7d1cf129dc6fb9ab0d
b88038b15338c73684c0e7af69903e52d84d1ae89d3ec9af5a08f7564ee3
bb07847e843b0fa87fbfcc1de9ce0ab57bc5c025a0de4d5e8939479fb74b
af6b08d0bc69ee8d72eecb69ee3e95ab82790576b505138debfb02c19958
67af39757d52ce2949ce2935764eb06dd239d0d6277538c79cb4fa046a4e
4ebb27ee8f90771cd3baed413e79fe0526ecfaf04f89cf2cf929e31c850d
acb2dc0afa7c267c657d33d82e35d760ff5f5f52edbaa2f78c7784cd99d6
e15882dccb80d42351a381daf6860df314c9417b69cca27d3426c965cdb0
6151dff81d39b2fd24339f2a91eff45c801807fe0e182f91dfcbe79aa716
f31dbfc9795c53eb2e1fec4fc92d09e586f938c9a3f06b0a3f9884499c59
a9ec47c1fdc9f6ddc9b69f14731135174a2b70eff22f843d8eda238eb0cf
65935b3fdb8e67db3d0779ef86c53677b649d7485b22e2495b70fff4d109
26ceb5e5ef7fe75850c285f7145c0dae387991e7dfe313be41f88da2cf6a
fc8e676ef81b6053d375101a67da05b61d1be3e83ab4570c0a6c13991778
c776c41b63e410c78889ef48e57339da17f56fcde11800d8fe144f7a670e
9fa322c7c0a35f2587a9dfdc3656c802a764ac9e971cf0bb391cc78639d8
fd3b63367a6618edf0ddee4b92f92a3342edcb1323f355ae1aee35e84b63
3f31e19138c7449e23f1972cf9fd987c0e3e07f906bfe18c2a8cfded66fc
96ecfd1b648628cfa2b1893f4898b2f8f764e23fc4335249a668cf50cf21
f302a7d9173f26f87ef52f896fb537c938139c9fdd324684c6813cd22ee3
3bc7e0bbcc956b074fd6f753e463141b3c26c1bac248bea66f8ed1de2c79
bac80d9d23db1787da4fcda1bf5c43c1784d93e217b9a1f63d729e59f27f
f0cb067536d0799d5b6394a6abdf925dbfcd356e4e56bf8d76fd36415b2f
82617990d70bb20afed7f9f225124e3c3b95e4bb3099d69178633be6015b
08e925edc41bdb957f1d6b45724a7bf2789afbb4172616d1fad0d99a427c
1477e6b4abb961acd3b457fdd9a1f6d3a9467b7f2065a6ba937e71b2e0c5
62ee13b5b91f557348e5f68534ff31dafc637ea73548d1d620e6776d1df0
5ce337c783e5094edea2c7b932ddb4139db6836e40df7941a6d75173b8ee
0768d64d37519e42ef1a73bcfd1f03f5fdeef9f1fb76c7e17af6417dbf7a
3efb197116e525b38cfff2f903e7d3297e813e8957883e450c48d0eee3a7
5e7dfcff814f24ff3f3e31289f48febf994f8c70cb25c7833d1ecf6a921c
cfa2bc0039703fb3f31a1c779a65d8f2e54ac897592c5f225f41c8989047
039323c7e45d91025ff721efc510f2296c93aafd4e83e36844fe7d3662f7
b83d62ce8f25dafa86884343db404eb4ed8d4ab6f568db17b0f145f851a4
8c0b5d8d047eb3b1117958399195f4bd857476c8b690217579b5d950f2aa
cf9c773ec7c4f5c9febb259d4565583967417b222e0bfe25effbe9a40c7b
3c7873ac0cdba4ee492478f7c95a16ed3307955d8faf3c9a3d2cd9d5139e
5b63e12994f9d82257b57a2474a0e3a8fbbbf493761d2f7328f0f5fc03e0
db3784f54a5f625d3b14787c9386098f1ddf381c3f7978f6d0fde44f1b71
fce4a46f4d9eedf26fbbfde4a48f8d9dedf26fbbfde4a4a7a5e29d0503f8
c9497ff3e39d4bbcfce413227f17f7406f11f67bd8c8b8b6d5c4c8731f3f
7b9f7a9febfe6da5f94e8cc4f39fbf51f4cff79d73ed9d20e32ce9edbd1f
f7f69d1f9ee5f29d87b70eee5b0b68f678c2cf27a88f3708b7fa854eb435
d6779eaad9e089df35e37dd8b7d2ecf787ed3bcf88637b277e6ca27f3ea3
1cfd3b7c6bd9716ceec4cbf6a13df1d4d3b91ebef74cd97e06b5cfb4db9f
2a90ed8b0deb396a7fba80d663063d2f661b9eca7374fae0ed9854b78d4a
f9e0b7cd423c36d1d4c890b5597d1f1bb236a8ef9342d63af53d2f645d31
4be6c3d39ae77e5cd6129231f8c1696cc35d5dc4767dc6c19d9121fbe4a5
4ddfcb272f703fcdf6c9cf9ec57e163c577b5fa83fd37cf253f4e79a4f7e
d22cf6f388e799f6f38fcf72e681e28e8cf76f19457231f1a770b6e04f27
4a5c7a3be85fac13d1c0026f5f3d68d92fdf41de91a7af9ee8da2a96ef84
b77afbea89dedf56ef045cbe7aa2f753d1dfb60b3fbde02344ff8fed9577
d8c34744fc3399f64bd4eb9fc6fefb3f16fe837cf7928f083bf51c0f7fcc
9cb876ea56c9535ac153fe6bafe6bb173ebd58bfdf97e5ddee2d62bd86e8
bb77f197fb8b35fea27cf7d45f3cfe62166bfc45f9d6e9fd7f147fb9b958
e32f5aff43e52f7b8b6dfe8233cbd17e08fce561893ffd88dd9f21e47e4b
d5c37fff96cb48d70b789fdb84972716b8e882cebc4aea0fb9007a0c4059
316a0cc6c600e01c2c2db6cf41e5879aabbfef886d9918995d2c6b0b6b31
00d3f4f71d712e1323f9c55acc80f4534d90ef73bc4b7664bc78679b2306
20bd98791f68ac7b8fa425113332c9454b9323a985ff809880c020310181
0f11135012f5613968ee9d3dc83dd762024a9c3eac47677ac404b8e1f48a
090878c404ccf1f0610d91373cbf0732d1c031015f9ca9c91e8161c604b8
78c401ea4bd54650feaa7b664a7f7bc01513e0e21777cce41835e85aaaed
adaeb6ff08be71cd4c3e77a1132a3adbed867108fc630bfa411db25cbb9f
b53359b68df633043ef2efd4c6cd43547fd06bd8c7a6c9289aeffa5c620c
845c42eb6d5d2de51299af0fda14b981f29c9b3ae3c39f7322b6eadce30e
1cb83c768f7dce89b8030f7fec2f8becb88326197700ffed278a909362b4
cc2218ae2d52f929a3f61711dedc4578f309c2e1bdf4974cb898bc6756e4
1384977be76affcfd3dacf8b6dbf9770ed13a5c0e53716197b9a17ed259c
b9a60cff9f16ffafcae4f6c2a79a69fb54c167ec33c3f6a3eab51aa2f109
699ce3eae597788ce62dea90c4894f38a2ffee119fd0a8ffee119ff0effa
ef5a7cc2d78ba49c4bf8f351854fb2e683ceeb6197a99bfee1783dee8f3f
953640bc82fcddc1ebe3c42b78f2fa246f5eff2f9817625db3bde315e617
b9e215bce074c72bb8603dc77805079cab094ef8f011cb188fd7a71669f1
0a699c3378aef10ae3a82f9173983670bcc248d77bff887885ff29748d3d
8478857eb449d5da64ca361ef4a8dacc2d52fc37b6be888871387ea1f941
a1778c83f0f577e6b49d90f13af77f8c74ffce9d6da84317547c7443a85d
c43e489f3df827dee95631d75aecc104e018fda6ecdcfbfcb66d12e719ce
17f02bf823f4b809d8daa37113a2069a6d7b0f261aa3fb861ad7503bdfb4
0ae3c435a02e401a8d43f3ed9531e73534df831ef35daecd17fcff441a72
cbe47cb5b88434d77c551b215fc0464e7b29f64ed9daf7ce8c78c632b8e0
54b6dbd28f71fd7d775c4230e01d97d0586174219ff12ed4c99b5b6179d9
6b5718767cc1b70b078b2fd06074f9bb613384fd0ef022ef0b7608e47e21
6ee4e1e789ce256c880181af3b85f48864d2a38321e4cec7faeac197f51c
32f411af26c340637f6518630fa7df9ba8dfd352b744bfc2a74fefe6c32e
41ef14134dce845faddc28fdfcf3a8ffe6b48d46fdfaa15029e088e7a72b
a6b373267c74f45ebcfe3ff6bc777e5d0fd109687adf88a86fac3df87ee0
fa02dd4750c9350a627c76491e3ebb24e9b34bf2f0d925499f5d9287cf2e
49faec92341f5412fd6f48b8a44f2f680546d3beb7a7aa6734cfe064635d
b215b83e38f73b5bf15bd41f17903c2120fd71e1587f9cf0c54502d70fc5
1747635f7fccc30f373e9e1faed2281dede587cae035cdf50de08b1bed6b
d37d71859ebeb8c299d8db8b355f1cd661487eb8d11fc20f47630ec90f57
39881f6eb4efa601fd70da1ab8fc7022cfd3e57313b98a5e3e3747eea146
bf22b66bf4d2981ab922b7b2fb3cc82075f9c614f395abb9565ede51678d
5c31a6ac912b7213efa9b4d642bf405cd7bebcc16be4eabc44e4978e9663
4e359fbd9af9f8cb3f3b7b9f88471775d889e625cf15b6f79011cd3d9c31
237e4d1e31cfcc38f3ecc8e331eb4bccc3729ecbba069f67969a67c3f0e6
2960991c0716239f61e928316f93b054bf3c382c67a64b587a86008bc63f
052cd396c6e4ddf25e8c95b04c37775dedca41fde952ebb76accfcfc61d5
96156316c5997fb59c7f7789b944ce7fffa9c1e7ffb882a53c1e2cdafc35
7f338f9925f7bfd09c86315345bd6791775c23f38e73f13c4d3e0fc9e7b5
85e60409a38a0b7cb880fdc60fbd6d9fa76c7336ba5a48d753f524c51cee
af14bad13ef4a5d5e83c413ad667a673bde3a7a89fd332fe58f814b2241d
d05c4e93ee85dc86532226d3b0443f7955d647a7830e6cfff060f9c7623f
4a97c6cd3fde7093bdf7d5e21eeb05e666b5de4707df7b35fe9e9b626b19
0e0853597c982e70c374dd7cb3244a03438769c0f1cbe38f9fee1ebf7e9e
99a1c6f74d19561e3ac7d7c61febaf37bac64a5f6846a629da3b87b156d8
631d73e6bcb71adb97008f5af3af5c62bda2c6281fc2187abd2d7a1731a2
f164c2bffc7818b2a61bf6cbe2c25e670497310d8c5c66b52ad86b86b73e
5e75197674c83aec2343d615d36263bef45afeef779fcdd2f51201f31609
3362be745e573f85f948f52233e963cc773265dcc97ac3ae797790f413f0
0cc8da9cff5f69dda4e677549b9fd24306d041043c3be29d3d0592af2d32
7b3fea7de78d17efdda060e989b7d603ece747e39d3d1296fa4566c7475d
67cf7b95d6c228fe170cffecb9568e89b80c7dcc5a3966c722b3f1a32c7b
8c3638e7fa6081d1155dff6f5759e3a3f8a58d9f6aeb8103cef9b371e6dc
21c7ef5e6486dd73fe7195f5f7a94ade18c29c5df195a03f3146de3839c6
0cf3c9abe4b92a6d5ffa3d160c4fa65c8f19e691abb88e5bbfacddb502b1
17f4e7335284fda93091cfaebd53078eabecf680e3c05576bc8f7ebfd4a0
7cecd6f83cf3cff9762d7cb17e6f575a47d4faf50c6ffd70d7a04ee3bfea
647ee0be9b79eb54679dc47dd4e6366a13a636eff538eff810f0df11070f
3816aa0eb1503e271eb41a9172eb66358ffca9c3e7fd77c55fb3d335ae73
c6283277aab1ca8730961e5795aae11cc9f22cd3979913d45e8b38a8dcc8
14ea3f98605c9f27754a714f10d17eb9b8677a91390aefa7ba707434e387
78d790ef12cff25fc5f967b035c02e80f8a0902f753f62837c1a8e761430
8e220ecb4f7bb7806018adc6ae95fd110f78ab26fed8688b67b0dbce986a
fb26e2c699c9f56098a7f218b41ebfae71aec71f0b065e8f17bc604af65e
8f1fd50c6d3d3ee75a8fbf1478af47cb0063ebebd15b10673d5c7cc0bd16
5fabb1f9c0b7e53ad4fbbcd7e14b35de3c63a407dc9f8bf3ee50f9a67bec
3d35f1f9a67b0f76d40c8d6f66170cce37dd702c8b33af987e5cb9cb2a1f
b617f69f40428b883724dc43cdf04b5deb0ebc449e6a4f0cfeef8ce037e0
cbd5d466a47a3723febbc08ded0a37529d7771e87fc226277d62a8a9e7c9
5f02635b8241f62d0547f2fd4dc174ae07e7be2bf2cc94d8faaee0cd1803
fc19e384c784c458b78f0b59774c0c8931ff789678b6e6af3b93aa628926
47eaabe90c20fd2b85e6b9dc75b7367c642b512b1477f922fe98ebb6b6c0
17ab9f234b9ee5bb5eeff407f78bfa21b47f4f4de1fb5c1177f9b8fa9e19
b21e55df2787acefaaef34c691297c770de2dd847f97f6f2a15cf6efb6c4
f3ef6afeab5a2dfe4ce47e6771bead8a41831fc5511b2655facbb238164d
cc11f2f2debd913ba748bf79925d2726ac3fd362d26ed59f6b3169374ee1
baefb0a30397ee9812ffee9dfacedc36ec4759b58c45e9dcd5e6a8292af7
433f875127f8763f6a8c327d548873598f6fe35a1eb8c3a8d0e01841c4b6
5d3985630039b66d5ba410ba0afcb14143e80588c35925dfe1d8367a6724
e36461ba21eafa20f666897a272cdf194befc02f3bde10f57e10db561aed
671bbf33c910f57f107773e114aed581d8b6422db6edbd5d03c7b6cd9038
319498c421c7b69578f8fc4bbc7d9ab532cfb55ce6b966550f1edbf69bfc
73886d4b72d6b2782ddfa32e8d1edbe6aa5ff1fb7c8fba34c38d6d1ba06e
c5b3f91e7569dcb16d03d4abf85ebe5daf027e4cecffeeefa18ec94e5177
24652c7c9f29fb915b9b3c568b4b9961c77bff355fc6b7c9f859d4a7f18c
6fd3684de49e9af165c725dfb365c710f6ba7a96f9731ae72e91eb3b3c39
558cf5f5f86335e7dab27d35c6baa9ca7a5c8dd53084b15c79dba0f12df9
762dae8df9762daef5f9762dae35f9762daecbf2657c04c9089325ed719e
9a8c0326dc5b99f3cfafcd559c1f5b9b6b7abe776daebc7cefda5c13e55c
ba1ee578088537f8ed6a3967a73dc1fb4cfcc34e8f33f185a19d899fa471
6ae90cde47e7ef6dcf864a6fe9883d1bdfceb3cfc637f3ecb3b13fcf3e1b
5fcfb3cfc69379b167e3ab93ffbf391b8fe6c59e8d4fe7799f8d4fe6799f
8dad79ceb3f14779ceb3d1ebfe7af8e8451dd82459873899f7eb3ada2b71
5f8f6b9fb04677a6b03c75e7791cd77ee7188e23bb731cc7ffdc49fb437b
d276e77fd267454edb72d06b7959f44efa3f115cfdd27605d9b19760c53d
3087033bdb9a2b76b68157bd2b6285903335ae65d528c20d3a535ef413ee
909eb8d2576abe38c2b0a6fb8c315f1267b57d577df72bf2aefa61d69a3d
9ee7ac351b536776007dffa567bcf5fd9d794e7d5f6ff3cddf3af57dc1d3
1a62f57d712e764b1da8becc4c74eae06f1be955d6ad7992b7f9a67d28bb
c50371e6316b80797ce525e73cdc7d9a71facc1aa0cfedbf1bb8cfcfc5e9
d33f409f337f1fb3dec783873dd7fbb8519f81f53e9e9f37dd6cae76acf7
71e3822a2b9fd7fb7851fe50d6db8ed914b223f12a3146b71ca37abaf9df
3bf80e692fb94bf19abc24e635a2ad3196dbd64e377fb60379453ba3b175
baaea9f266443dce695aecadcc8502ed0a1b3cc11ec9657bb2b847c22774
c9e3469e1ca77ebaf9188da362745326491902b17e93645f32d6a97d9271
a047e6b6e0be33273c2c03024eaf9c293166c75439b732f31b726e7d726e
2a676a732ecb7dee1a346e7b8a7b9d6f93eb0c1e097d56c0a6ad716d82f7
1a7f66876d83d1f568c4aa80a747d733c0eb7990e073afdfee1d900142f6
7a25f17a5d3bc9ae1312637b70db89dd394a19b1735c31045caa1fe13dcf
8b355c422ca7aea38bfca20ce4e5ed8aac9ac6f173e0a72ba7d9e758d0e7
8d3b5377d8f7e64571274dc31d2923cc9c24efe294f290737ca93f64c4ea
0f5eb893a4e18e682371e7851cbb06b73387c9c51b9ae3f0866ab9d6ddd3
cc83bb6279c3c45cc91bca87c01b347c15633e1ceb7770cfeb8e5dde7e07
31feb12aeb6f3972fc9a6983fb1d3439578cff68ac1fca8d5f1fdde5f443
5d10c70f552defc6fd8d8267dfb4c1fd50ee3d7822ce1e68385b1eb30795
56bb1ab36178e7a118b33dce983a3ebbc79cb5ccfab61af3e810c6d4ed6d
01ae97e39ed7a6edb60d51dca5e2b4213af664f5765bbf10b1fc52c7081a
241be35e1b1fd7e0f9428e5db711f6d822d22f40875e34bb80fa0c4ee27c
457caafaf9e5d9c601e475bd217311c10f00a3824f8fb9e6583d8dc65c71
81ee394fdcce7cd6714fb0c77cd3b72b5bc6ae889aa7f2c956e4c4f2de04
3517c967d2b3791da047613c35569e036e6fbbb49245a0bbe9fac8a61f4a
99648453267979b25326f1ba7b232a83076c195cc8d84952c64e9532769a
94b133a48cdd2964ebe3c1a3b66c3d3ec7bea741dc85457b7592f6ea70e7
ce3625537bdedb3077babcb7c1be7363c14be7264bbf3f79f8b2f4bb939d
eb1988b39e77fd6faca7efd2e87afe78f239aee7f5c531eb69fcf6dcd6b3
f91cd6f3a06b3d1f79da7b3de7fd6fac67b9bd9ed79deb7a3e7a41cc7abe
f0eb735bcf0de7b09e97bbd6735b9cf5ec99f4bfb09efbecf59c74aeebf9
cebc98f5bcec57e7b69ebe61aca738639f8b77ae4f97b2d5a5e6aa1dae33
f6c75556e724a5774d1ff48cd575bf5d2f78e87e3f8b034348c2602c3667
7ac07050c15033380c8e38423aef1ac41d731d6579466d5930142a2d0c19
a5b027a2fd3727c1e6ba4be4b7416e856fc048e773db54bfa5cadfa4bf00
72d4dd9354eefe2e91af5734163539688c91b565c9bef2d222c3576a4c0b
897b047d45b877c6b0fc35e5a5271618edd5ed67ef13f5531133b820d45e
2ffb98399574c442920baaa9ed059cf3386912db95a3e35c40e3cce33a23
be52c03539e2ef292f3d5891d3b6b21db9a73b84cd1e353aa3fd5e44fd2e
a47ebba9df10dae646464c625f46b3f4252487482fa824396629e169f992
d260c85feaa865a3af69006b3a39664d451c44680cf6b1359f64e784ad74
fecf623f87f80c0b1dbcd5a896ef744f35ffbe856de43d9266447c1ac915
fe49ecefecf647fdccad46ad6c674c33dfdc82bbd677441e927ab6b21bea
f210d648c94490bb70172dfca2f9d4f738d567bdec336f9af9d210fac49e
e87da2ee0ff4a1919358bf117d76c83e43d3cc4eeaf32199f7d612e61c31
e044ea05d0c746ee177544a1d3112e265f20753ae4c448bd56f4d72dfbab
9e663eb225be8f5bd909a063a584a4be974dfd86a4be9725fb3332b8bfda
69e6bfa33f59d318774e3b628dc2ae7a464e5a6e0dfeda9396699fa6cb35
5d2ce4598d965b8dd555d623d982965b8b1a8640cbee317f17674cd20b19
ef2e15f2ac7bccafa9318f0e857fd8fa9994971d787df91685d7b931f85c
057ca6bd56f23470f98a6c89cb3e6f5cbe780be87697a815e425179fe781
abb30769e3858b79b24d938809d1f02d353ebe656c913698406c2c03f862
14b7d262712b41b54d73b66539df5bff1439a1c49be76473dc0578f12cf5
9d786f51b6bc8794782bf82a78ea1f9e9071a0c4337f3651fe4e3c12fc11
bcf197ea77e27dcf4df4ae0de8110fe4d8d7aecdce78a0df4fe43d0dc5e1
4fcf6d1e3c4609bce88389d1981ec7fe3e3184f6e03b6f4d1c3ca6c76dc7
4df9beb71db76e627c3bee7ffce46c96feff0b3f19d856fc4ebbf718370e
3046d24f63e485d6608f775cb1a0eb3d95c83569cdff48a5f56f13257dfb
669c533c9c7bbf37b8f67be720fbbdc26bbf9263f7fbb638fb5d3a84f6d8
ef4fc7db6fa74da935f8aaa74d89685bf2e6d062f3f8d621db945a11db5c
aed6387fc6706d4aadc153f1ce0a7b0d1fdaeae2db6d55d6543566f910f6
d53de69b71c6d4d6fdabee31df5e6a25a9316bce61cc77e29d4f364ffdb4
7bcc0baaacfe0972cc7dc31bb3db03771fd864c79fb54e8889d773acf9bf
6f1a305ecfb1567571de1d0cc61e51af94e5eda7276875638d81ebc6a2cd
c31306e1d7d29e1fc8e2da72dd491c37e6657f37a4df18f81dbd1739660e
de3c54ecedfb71f6b663863cf3160b79d6b1b7a4bbdca0f6b667087babc7
40a4f25db36aedae9dc07e66a1abd0391e8d83221afc98fa2d4dfe9640bf
0543e27ef55d139053cfe73ed7ead5e9d4f69301b626e12b438e08cbf6c9
e5a1d222e84ba364cec8689933d2102a3d9165b4cf7e52cba7ca822eb333
82f167921e5544fa52613db51dcf309e1a6fd73bc33b45e365fd41e848f9
5247ca675d26eb495b47625d46f63b89facda37ef3489729e4f9fd72bc36
bf42775d0f87adbf359858199363c1724b21ef61fd62f3ee2db139167bc4
fe2fb3d45da7626fefa9b4de1baf7862e1b0722c042cc995def8542d61e9
586c5eedc6a759cbac57d498e5f1c61c803f65c619b3568ed9bdd85ce91e
f32355d6b36acc86e18d19cddb21fc01ee006f3ef59894c7082f6ac64b79
0dbe25c201ecffd5ea77dadf2de3078fbf057d34caf7400ff5ea3be1fffd
9eed13badefb547af3fbb78ca63e124cd404ea411c96973e6b48fe573bd5
5cb391f8df0c99e7574cb2efecdaf65373088fe8b3af04f61dc4c4640bda
996924ef6f096747423ea6a115e592861618d62de3b59a45e16da266a731
9a6b927d663cd7e18cfea6ea782e26fac76f8bb5df32d9e6101ac5368715
3e6973a89036872ab6391cac18df564132f01b1521eb7455c86aaed8dca6
fa583dcdb0561519d68a1a6a3b17f4343e72360b75633647a2e3cc553687
09d2e63041da1c26b6cd7e02faed96c811d445abd86af73b8ffa2da57e7b
a8df728eb13c45fdb6a02ea5a879b52d32b3dcb0522a43d6cc4ab6391496
fb4b454e489e58f3bafcfaa9e65f36c8ba5f88a1237d05779e43773e82ba
a1a437a3ae24d61bba6e1ead3572ee91772efa09c97e4867ebd9a074b6c9
11659310ef54cb77e8dc7c0963c93a353d22570e3e9ce4fdaf6449fd2d10
3d43ebe4195a8733f4456af726e1c5db7342d62381ed91ef06764410bff7
4649c83a12de2e6201743bc2c3bef4fd0ffbd2f6d7fbcedb8fd841d80160
03b0ed0a3b23dd052c2fbe4b63e7a831ebe59874163ffc61c6cc8d33a6b4
65fc2e2b6acba893fa631df4c73a1a531f4f1f0b75b4504f0bbc7c94b06d
a453ff69f4779eb4718cd26c1cb8432a75bf87ada34eca497590933eb3e1
43db3aeaa43e5a077db47a437c5b47adcc372f97f9e61be85dcc49c4620e
90a391416b85fbe2debf656df37b9f5a433c2621a63627623be3f017c251
095fc73473a1c4d13ee247e2b344cea15abed33dcd9cb38179d069ac37ed
457f09cf47cd25cf48dd8fb863ec2be3af9c5badecc3986ee6501fb08d05
692ffa881fe1b3293091e9a15ebe9737dd1c4befbd21ea066f8d609f9b55
6c1ed1b21a0ffc4ef73d1e94f4adde87cd6d24ed09f6c8e1a3c45d9d6b60
13cce64fa26bde03397e68ba79e64ae22de2ceb8ed8ef1bd7c9e7cbf1c8f
975a4de355db358680e7a236513ead7bbe511abc8eef4a149f8a0f74cb71
aba79bbfb992eb1a47e73b402c6275301ad351277daa75f0a93e477dbc41
fbf416edd3c3c453b057a7659d667d0ef7107dd4126d301f607a441e08fa
163942055c8b371a4794a1c51165c93822a2a1d7c6d1392a73d1a55fb94e
fa62ebe08b6d2078540dbe682c48ae160b92cd72f4831924f3644b1ac9f5
8e23026f72c7828c8df28ba9720dcaccdb69ccd334ef3769deb081f6d17a
f417c37fbd23721ef5fb2c9df788d3ae11fc80f36e168fd3784f5ea6ec6b
86793df58578e8c1e811f7cf9f3f4ef8a245cd06a6ad12b346b63f9114bf
8fbc718a96f55aa2764c6d543e0ec7918f93a47c9c2ae5e35ca3fda324cb
f4cbf82ed41211726cd8433ea67dcd1fc775129be43b908f93699d8b48e6
75f814b2e4f99e2dcff7cec96dab304e16c7b93675ee688b8ee3f229a01e
6ad23865fbe79ac6c974befbea7da6d1e033d53a02e7ff3b93df53f906be
6abf69d4f8cddf64b25f245efe8797ccf7e7565be63b99196bc3eb6fb56d
781877209f4eb7e2ed1aef3cb55ef2ce8c589e79623de37e8f8c8d8beaae
24a3d50b5d279647fe7a3d78640ef3c86cd9a7c61b7f46bff7cb3baad16f
0fd192ea173286b2c3f6c077433ca95efa14c007a3f10e88ad5bc3bcc8cd
fb9e588f3c8c1d11d57f4cac04da5e17f5a938f8d703eb3987a359c688e8
31773aefca4bf4e65ddfa0f6a7a5eed5227d336a7c155bad6af7354bdf59
9427a5324f7a2653d2a0c6836ad773de6394e7a431cfb97b8c8cc54bf3b0
2b64010f741f84568b337ac64b998164f4abd7cb981cdc3f315bfa9e543c
0ee1e3b732513f776704f2f637d47792afef55df359cac6c65df14e4e205
ea77cdae5ca67e27f9764e74beb6ecba14387941d44fe09047cb24be36a9
dc754d0e9dbf9efbd5edfb8a3f2eca6459b4daef2d8bce58cffea653e25e
c65de25e3de7feb1dca7f0688c876c396e987d78c98a89b20fd51ee70eec
1971e5bfa458f9efccba38799452f68bca7a19b1b2deabaa6d86abadc027
cd3ee0d48feb824595f1eccd75c64555b037d3fcaaac0fc60a7db8aea8bc
68b83a785d70f60063bcb18cc738b3cc7a558d5133bc31944efcc7b103eb
ce0296799ef600c2a922a9f71ae6b20daefcf397965a3f52b0359c1b6c4f
79c0065fc0bf36c7f800ea82657160ec9030d61be664378c3faeb2beae60
ec19028c9add4d9c5f691c1fe8552b0576af4f3deab47b817789f3d6a0f3
16f5f5658c01ce97e2b19cab13f5b593beefa37535f6196670049fb7beb1
ea4cf5ae0fa2f929888fa44b5a2d308bd739fd1417513fb53a5faf96ef86
0accbc7503e6ecd39ea79bf9c877a82e3033d7f15dace0edc9536bdb53e9
2f84daba7b9b1789fc876ef96e478199b26ee07c7635c76319ce7cf6c563
51afd1658f95f1c23fcc18dcafe55513e6a5efda35615ecc18dc76ccf106
cc9b32254eaa5c22c4db24a7876e4e1e6ddcec0b19a27e9b9acbd733d47e
e93e98115def7d6a5cf3fbb764111e259af5e1719186c0b8983809b17ef5
69bc7eb553ccefaf3d7b5f436023c7db87374660576a0e6445c4f915cee2
f32b309eed1c24b334072644745b87e8af43f6573fc57c602d6c269b23c9
b3906b3a417e8e8f887b587037bc8ff362b1660da4cb71fd9fecb6efb742
efd9127938bc25f290d0f9b6469a2bb6b5417e5949723aec59ab694d5625
1a96b26721f7f5860cd88b64eeeb28611b25fc90f0744c316f5b2bcf41d8
6c2e607947bc63481cea9e62de4cef20efb245d62b3e1890b58ae9dc76cb
2da1918cdfd0235ac29b09ce4df4dec6883a53c499b04dea46159276ab24
edde67b4d78a796e8c3c12d814f96e18f3dd1e51b6b153f785dafbb685ac
95beb4fd2b4937e37967c6ccbbfb0ac39a47f3eebf8268641b749a0d9199
34f73ca2691ffd45f591f5869542ef9d586fbf9757ee337df49740cff10c
f243f726c3fa2cfd7f7a13bfd742ef899ab9e586959abfa47455bebf34aa
03eeb275c0a640a6880fbe3b1df7046ce01c825d4ebd8df14dae756d8199
436bddbf0bfc6883d0991b699cd302f736443e21c618b9ff1a996b50e40b
ddbcc267dcecd6f7505792f14ef65b5f6006d7425fa7750d635d3747a0f7
36d13a1fa1756e817d90d6399de0f24f81de9bb61fbaef3e5a5fb56f906f
9e19c3742fface937d1b05e63b6b801f1b092f79af5b688cee195a1c4d89
8ca329d6e21a1648d9a240e24296c4856c890b8b8df6f71f213d5de6fd9e
5a4c7b5fc03a6acc7ecf31acf631ac1fc2f6d23f87efb040def9c769dfa3
36a84b341bd4621a1ff5c003c6e39853dfe25034ef47c0912ae1203df10f
8083780f6aca9d223d11eff65fe20107c93af78d611b316a7182dec04371
8f056cc379c4230ce20d7989f499585be613f93a1b894f6d6a7eef531be9
6c1911a3d7723c570ed36448ae399d2d07d6c8b870199775ff18297bca3b
dec4fbd5f27d3a5fee5c033eb62b9acb1e8383daf972eb1a8e93818d2565
2aaf1df2e271d644ed1172cf1e19c3f7ae236714fc41e55d433f6b1ac335
ce915b8a3c69f7d9b45b8e033d66a0b3297f0cebbaea6cfa26fd3f85e688
b6f1f6ec93ae3d53e378edd94ceaaf5fdc6bce73d6798582c1d060009ddd
286901cf1cbab67686897ba257c4fab4987e664a9dc2307fbd8e7d5ab5ef
3b6b368a1cd152ae1b16429b7b2aad2a1a97ef739e392c9f9680e5b25859
8d61299272bd617e6f9d2b27fd2355627dc49835f1c6f496d5c4986b2b63
621df87c9163d2d9fdf575ce588787e2c43a0878ba2bad110a9e7d33078f
7570efc78638fba1e1e5f5ebbcebb879ed47ef68094bc310f643a36b01cb
16090bd1d19e111a2c1a2d5e0e583224edd46748fa9f6e2e5fe7aca13926
8dd7ee9e77782d0b087655435ad8b7025c4ff308d1650bf113d4ee867e5b
8efebeb92c5a47b37134dfff78bec1364b91b708b99b681ebe0935efc36a
de47b57967c9790b3dcedbfe24e6bd43db03579d82eef3ec3a0562acf1cb
acbbd5583d43c03ff75835f170be58eae53ef3af6b5d383f6b9975ad1ad3
573cac982531e6de383866489aef30cc97d632ff066e09bcfa2cfbafbd70
6ca582a53c1e2cf1eb45b9cf8d1157d87a7bfa68796604bccf8cbf5feead
e3bb71f49dcbb95e53f47c90399fd346730c3cce8329f45dd46c4e0a3974
825f1ee1b6e0c5cfa5eb7a85bebeda79a8e4534d46efba5cda17b3e57c35
79fb45c096cdba0f62668b84fcce7627befb9073c1143c8f1c91762382a7
81e071cbcb4f5e6edb8ddc72f223f49b9eff15d7b627736a451cb3b0f3ee
8840c671c8c8194edde92eac5306afd32d0497f84eb2e94fd371c6ee8ae0
7f87ef81e4ce374649db5d56acedce2dc3d55ece3653c0122ffe5487e7a3
47387717f06c4ab7efb1d7634e215fedf149f92acdb9ef1b8e70dd0cb4af
4a5767e98eb8766b659ba84bf7d21bb5da1a32e6083535faeb991726d3dc
0bcbcb4b517b660ff4445ff1dd80af8874d96482b59ff68564f716e1bff1
196651a261228f5bafa391936ed7d1c84eb7eb688c4fb7eb6864a6db7534
c6004e5acfdecba4cd53acede4684d8df451e75e5303768dd36903d4d448
623f4e7f9a565323c03535de4863990c7ba76a6abcae3fd36a6af4e8cfb5
9a1a7f489377530542967e076291dc1be1c7cd40de8dbb0e9533ef5ff8d2
a4fe6d24d067027d06e933489f23395f239847b8abddd3f4d5cb06bea7e9
fb233f7ccd26a173a46af7342579d46c4af2aed9542def38cd97779cb65c
a6ddd394ea7d4fd3de34c67ffc2e6aa644ef680a6a7734a578ded1b40277
32edb5ef688afe3f4f6b3f2fb6bdbaa329843b9af6da7734293b12d67b62
3df3c27e69c31aeebd4dfaddd549f55c3b2599e8b01f7783a8bb76717792
0fbcd830416fb803a2d69fbcdfe733c6a0c6f41b0f3b6d8e8a0f7c256df0
d823b1177c9e1dc779567559dcf3ecb83ccf8ee33c2b5338863d56b9b492
ff5d97669f69d77ac1a0d72310ba9bccfbd6e0987699ae8bed72eb620e58
265ea6ee0cdc1571e731476b55101d5d96c6f56354ec05db3b53844f3aaa
9311cd55a4d97e4ca9931d97b2ef71c8be1facc69eef127b8e31ddb51795
3ef4f479cac6e65d2fc06bfd5f5f3db4f57f7975fcf54fd7d67f94c7fac3
4ebde60127ceec416edb673de5401ab758ca3b3ef3862b1c72a0c86d3b7d
9e90bd8e17350c410ed47353e4dea3cea2b23144f5550f9bf5b3741ee23e
51dc0f473c42eaabbb62f555daf3cf9f27cffc34dbc6803d833ce1696370
dbae5d71aca8e9083ed948f0867d36aca899c4754108570956ecfb378fb0
0d77c779ccb31cfd5620ae6624e17e80e3f64a62e36a983fa6f15e937c76
95da6b19b3873baa45ccde1c15b397236da2d9d2269a2d6da293da3e4bb0
f4206e23bc35f290886bd91669aed8de863318b8df129ee461139d1c39ff
3c75bfe10e65133d2e65bce390f1ca562b9be8646913cd611a36248e92ac
77d16ad8bc86767e77a42a9b28f1d2397caf6154ce53b6140f9c28a3f921
86e8bb343fd8eb74fc804cab6ca0b84fd10b4fce908c011940c8bf338847
7bd940893fbc40efe1bc56ef291b68e728ae05266ca074c65e44eb765ada
7a10a7017cf3b481e66a7130057c76af482559b4c03b7645ac6dbd5cdb5a
a2ff55346fdc435bc0324ea3a87945ed68cca1da40c746cf62d96f7d81f9
3cf50bfbe09b7370d71c9dc71277068a79b96d94d4494a40ebab89d7c5d6
f913fce5e638fca55af2973c9fb9ed72177f595d65fd7294e42f4787c05f
dc63ee936306ecda288ccb72cc6a9f79a9d4e14e14083df3b8d03393846e
296aa33ca6c6f7cdb2c70fc8f103039fafe06d51f9dea5d7ed68b2f5ba2b
46c5d1eb5cf7c3b979c3b655b6ac27784286e4092e9d6d4993adb35d344a
e86c0e7a5eb1caa1b339e878c9aaa1e96cb426519d4ddc1598a1d1b0cbcf
95a3cd1d72bef84e3454334af26d774c06d1c7be14a9aba57ac459a4c5af
cb23f0e08e78b8972ccfd471e6d397b96c1c6f948bb5127b9f3febdc7cb0
81f83ed8f35a3c7cb0010f1f2cadf78b23b51c8191ae1c0887eecfb5c2dc
7bd8b572f0fa4eb529eafecc9d7161ee69769dc1b25698176fbd7f24f3d6
2619ab158fb77e7a24f356f59ee2ad9f18296356246f7d7924f356bd3e99
276fcdd6fc4b22cfbbf6177f4e467d5bf6cdb96367ddbcf58b2b656c14ec
f21a6f45ccd25079eb280fde7add4aefba64178ed4eb9279dbc92183b8f7
74fbca81eb9285243d4267d2696ff183ecefc63ecda5b1c5775ae3db464a
dad36b93495bc1c1e461d41b73d541edf1807db682dda37e695426907100
aa3665e168c699d752d9eecab577b5d8d2801103f76792b9de95182be08c
1910b921bcefadd8f7e04aedfe18fd4c4d1dfa992af7bd55ee7b2bf6fdcf
2be87c49937917a9764db1c753f59ae571edf1adc1bb2a63ea7bb9c7f8f2
6aeffa5e21bc4767987fa4e063ad45e51a1f1b427d2f31fe973dfd13ad72
3f5bb19fd7ae76fa27fe2dbe7f42e41dfd3155c253336b70ff841b1e330e
3cf5b3240dfbcc152e78b60c02cff7153cfb86008f7b7fbee569cb6e35ba
253cf53e73daeab8fe925675ef8d82e53e05cbd178678ef75d1002968638
b0e4cd9667bdcff4af76d8d55b35bb7a0c2c9f51b0f8660fd797d61a6cf6
3c735b8d6a094bb7cf7c6595e3cc6d35c62eb336a931cbe38d1957de6b0d
3e1a674c8dce9f758f39bed2ba38baffc31bd32b86e7f5c3760ccfef5206
b6c178b5ffadd6fe8541da8b393f11df57f456d0e12b6a353e51659d4d91
736d18de5c55ae6a6ed0fb2c18ee3cefd7e6f955394fd438e8f69a734c1c
fbe4c840f16d4f3de8ceebdc11f18a6f038ddf90023bcd8e88aa87a3c7b7
e972ca72f91ecb2abb22be90cf34484e59229f0bd8494e794cfe8f98518c
496359c1bc25a58579fe5237dfbc6639c9dd53d92f834fa1cbd31aff6712
c93a520681ac837e62f2648887e979326e3cbf72b9acdfaee417eae3e374
7e5d23ce48f8514237236ea190ceb14163e1b57d9ba3ed5bbeb66f9f4e11
7a85637e256a7e01c69d3a9ad729898f0efc3192f70f864302d77f1887be
3b244f31fce68b2b5d3ae47be5d61285f33de782f321ebf5e481e950d58f
5897c2f5bee6e03387e85fb60b069d75245e4df6a8f735841adb716b681f
449dafc96d774e448c464ee4ce1ce0680e72ac8f07cbfdd1ba5f39295cc3
50afa18d7c8bc384630f68f5b3fb695cc8eb45846b2ff80d2b1971a8ef4c
335f18615809c2ee6cd7ceb60e9c63fdaf9441ea7f79e4c9df1afce7e6c9
9f09d835d5b08f3f4ce67cff60a273ff3eebb57f1ef5da50430d6b807de0
7b9e693f1afc26f6f0dd4072cb7c5a87bb5240e73991bbce437d7efa7f0c
f2a0c45df462cf1ea5b1a2bc4cabd3de3858bd73921f50efbca8b9b63d81
6462bd665b2dadefb9ecd981e4a1d76c53b433de8b76e2d4faef5ee651eb
fff0d06afddf90ccb4b70630ba6afcff4fd0f64d9e09fe1ff6de06bea922
fb1b9f7b53da82885541511123a202f29296520a8bd8f4bd5068694a2988
84b449db489ad624859645ad88882e2a282a8b8855d10544655d44645945
9655d6655dd61fbea38b0858151595655169f37c67e62499a469519ffd3c
cffff3fc73f5dbefc9cc993367cebcde7bd3127a37f94d62e8dde45789a1
77935f2476fc1bff47bbfddff91bffbb133bfe8dff3f2746ff1bff7f4a8c
fe37fe5f480cff1bff7f498cf237fe7fc2df1be4fd342f37e26ffc3f11f1
37fe13a2fc3dc2c7e4dff417e35f3304d7a31f12e5d856ff0ee14ffa5bfe
c9e9626c0fc45a749bf85bfea1b13d60f92f5b8f3e4cfc79ebd14183b6e1
bfb5061d3fabffc9d09edb7b83061f74f85679a7ff41c6f87a6b5e7f3c21
f3645773e7ec6873e7969f3677d626769c3343943973a53267062a73e652
65cef48f32672ef9bf34677e4ce838674e24449f33c712a2cf99cf13c2e7
ccc984287386ee4d4f20be81775ad1e6cc869c883913e897b33afe0dcf41
fc9c630bcd91e4443a33d11ce1cf3ebadca797c7897dfa56312fb2e418c6
7c1e7fc72f9b17e79f6e5e443907897bc961e6e07d41a2217cff7c22217c
ff5c8832b9f7f17f172d7c8ed5f0df9ff9770edac5ff4d1cf90c643dc6ce
6e3afb89df03e13ab68b976b66b6fc69de67680bd76bc5fce4e3cc46bfa3
c463783d5f3b1e1d8139d67d433ece8089b0cb7fbf9feb059e853c1af97b
11e167d065896f757ebfb5d71f3a7b1af9b97459fcf2c713c4d973d9e047
879ff6ecd9d93a70c1a2d3ac0309a175e0ac1cb90e04bed3c3ff3dab7c31
de86887520f09d1eb906f4d830f862b67cf03737de2bfece0162c8cf20b8
c7782eb0363c9cd0716db82c21b4361813426bc3c509a1b5e1c284d0da70
7e42c7b5a16fdcffe6da90d0f5f77b3aac0df4fd9ee3f134df95eff77cad
a6296bc3676abab2367c124fdfefe1639bd23e8aa7eff6d07a7134fe97ef
b16bb2fd0f46ed3ffa4e16af3311fdd61dfd16b97ef07113fcf7b9e43932
702fb029518b0bae2b1725745c57c4df003edd7dc0d9e729eb4b68dfb52d
fc65eb8b3ffe67ac2f11e7f3b7e2a39fcfef8affd9e7f34d743ec7da1bf7
b3cee788c52f3b9f9b2f92e7f30b6ef9af9dcf37fe6fc4726127b11cfb7f
3096737f692c6f30fed76339fd74b1440c8e1719d607dfcfa21d838e67de
cbe7da0e7ae7cbdfb71d3f57fefe05ffb745cf8e97cfe7d7c6f1b9c736f0
3d8aafbb7c5ec7435fec478843204d7dffc1db74bc28abb3779ccb120f87
f6a525b4e7f174f659c6f78fe11cf67537da872e1d11751fd2507767ef33
8fcb77cfcb181b219fedec885bbe3d2bf4dd51d1ef81b5ea515aab123adf
6b065fca96f3efd7f37d46fc0e39c6c3dddde4fddbd26e32ee81e7147cfd
e2df771367097a47cabf6fb3a21b1f97a1e7f281efd245fa796f56c45a4a
fe057c0bf814fc5b9ef0a1f97ae729b9bebdb26ee7cc8ee792414972ad35
f696ef67b7748bf8ddcb248ce9de2cec8c1ffcae1fcafc4ef8fecabaa8fd
f859e7e78b958688e7b9fbb2beff4da05fcdd1fbb58be769cb12bf89fa3c
6d199b4df13b10b7fc444ec4f3f2e3e6efdd813a6ff905757edf79fbf8ef
f7849d9f5aba2db704ea7ae5f4759d98f627cc11d485befacea06f388ef9
f56f94990b5b6f67262dd76127d33472f98e4cb69c8ff7ad988798ef2fbe
ac27ce799db15223c629efb3e345e6f527a6fd59f4cfdf91cea2a48be791
7db25f7ce49796bd20fbc59b51f6c06b8f5c1899cf6ded46fbf81a73d28a
356b9abe3eb0d67c6730a05d3adaa56de06ba2386b3f9f21fe1d253ee7e6
e1f37f1ea3b6b68c5e7ec070fe06ded61bd1d6d678f1f77536af1b9f6459
d2bfefc89afe6ce489cbd860c47b39aff306e8f0bfd7fcaf787603cecda5
9dc5ed7a356e9a6c3b3f0b15f067accff3f358c6f7d768895fdca2b3d2c0
ba75625ae6fa93567370fdaaa5d87cebf79fafc6f2a9367f69a1df5f1a19
a356e8e5c6897f53b2e4161e1b83fecf5375fafa1faa0db08bbd685a37d4
83f3f0af1310a304c4281e31eab6e1a4210e71326cf80f62f63d62f64364
ccb0b6fd1a9f7ffdb81ab38b44cc4ca8af06edaad1d9e641d724595a11b3
dd88d90f976983d5189ebc4c1ffcf1656c79067c33c6c9f7d391b1e0bf77
38057e5b13d80db71858a917f95e25b6b329b6e7f23a11db6b0c8973fe06
bd3d71ac34101f3f627115d28606d2109f7f05e213a5ce1dd04d459d97a0
4e5b7ce7fd897114eccf2181fe8c622f43e4b1de67eab2efa2e96806dee7
79e88b5cf4490efa261b7d94b5fe545d66f0efa084f5f7297fe9c6b628fd
1dad7ee8fd05bebec6d80abfc180fe8f87ed04d49188babaa3ce1ee8ff33
d68b7bc240ff8e60dff3f563d00599fcbde6e8417dd8f313f899e145713f
b879c8053ace003df8da363abf377bfe52fefb474b93f97cb8f70fa8abe5
5cb6b937e3cf7690be57a63f8df403e7b0cd3f622c89f48c1491fe3ba49f
0aa46d96698f216d09d26ace669bff1dc84b1d29f21ee2f693d8e6ef8365
64fafd06f13b669b4f06d2135345fa3d483722fd3f81f474997e07d267f7
629b7f08a437cbf45bb91dfef77fce649b45fa1e997e234fefc9367f27d7
d965ec78ea7291bf75d4f205c863c8e36bcb77e2f7d59adfcc445fdfcccb
e0ecd50cde6138f9c277e23b15e76d5821d2cfdd206c7647b95bb5f5978a
b3e3b91b3e41fe1ca45fc2cefdc226c7cc9bf2dff9e379bd37cc365cf376
8b26e37882ffae0bcfc7dcd3f9dfc405fa212f0edc0c3d7e3ee2f969e013
b79ad7f371dda25ff3368f694b376adf8e51e2bbf4fa8ee6126edf887219
716cf371e16b9f0d1f238d214dfade7b03bfafe5e78a9106b699b7e100ec
71dd0ce83ca233e1f3c79ff07f17fedc0d7a5c7389c108b0473de23b9ffc
9d9bc652c59e664e5ade03679aee67e3fef929b69edfcf097f4e8d5a7e00
e5278b18f509d6c7dbcad798c067fe775e06527c2f00f3bff555c0f73c65
ec5faaf1793511637c02c67a01c67c3ec67e1ee615ee310df23b97ed3a3f
57bcbc5ef4e9f611b24f5da6e597812bb79a96ef1c84f5163a26c68e25bd
91f73dd32f795bc86f2af2db8afcbe227fa4c80715f988227faec85f29f2
b78a7c42917f907231fc4bc2b93b28c72b722f453e4791cf53e40b15b9bf
220f50e46f15b95d9175b352af22f750e45e8a7c8e225f680eb5655b7648
7e5d91df54e4838afcb9229f50e41f14b95d91e37342720f45eeafc84314
394d9173157982229729728522bb1579be222f54e4c58abc4a911f53e427
15f919457e4e91b728f236457e4991772af2eb8afc8622bfa9c86f2bf211
45fe5c91bf52e4138aace72a3157e4fe8a3c40915314394d91c72af27845
ce54e45c459ea0c89315b94c916728f22c45ae50e42a45762bb24791172a
f26245be5391ef56e47b15f901455ea3c88f29f2938afc8c223fa7c8db14
f92545dea9c8af2af2eb8afc8622bfa9c86f2bf2fb8afc91221f54e4238a
fcb922ffa0c83d94f5ea3c45eeafc85728f210451eabc8b98a5ca2c8b314
f97a45f628f24d8abc5091ef54e4bb15f95e457e40911f53e4e71479a7b2
0ebf9115923f52e4838a7c44915394b57482b2364e56e412452e53e4198a
3c4b91ab14f97a454e53ea1aabc8e3153953917315d9add8f128f25c459e
afc83729f242455eacc8772af206457e46919f53e4971479a722bfaac8af
2bf21b8a3c4169cbdb4afafb8afc91221f54e423eabe9619927b29f2b74a
9f9e50e41f14b95d91f5ec901cafc8bd14f91c45eeafc80314f90a451eae
c8298a9ca6c843149f872b728a22a729f258451eafc8998a3c5989ede74a
1bbf52e45c457f82229728729962678622cf52e40a5556ca5629f2f58aec
56648f22cf55e4f98a7c93222f54e4c58a7ca722dfadc8f72af2038abc4a
8da7d2174f2ae91b14f91945dea2c82f29f24e457e55915f57e43714f94d
457e5b91df57e48fd478aa673f25fd8422ffa0c8ed8aac2bfd1eafc83d14
b997229fa3c8e729f2858adc5f91dd8a6f1e459eabc8f315798d223fa6c8
1b14f93945dea6c82f29f24e457e55915f57e43714f94d75cd51e4f715f9
23453ea8c847d473b8b2fe0c51e4e1eadaaec89f2b65bf52d77c2586e315
3953ca26b1cf2a72a6727ece55e4098ace64452e51e432459ea1c8b314b9
4291ab14f97a45762bb24791e72af27c45be4991172af26245be5391ef56
e47b15f901455ea5c86b14f931457e52913728f2338afc9c226f51e46d8a
3c4189f364452e51e432459ea1c8b314f925c5e64e457e55915f9732c365
e6dfff6cccf85ea45f21c7929119f70520f2179c26bff934f98b4e93bfe4
34f94b4f93bfec34f92b4e93bff234f9ab4f93df729afcb5a7c95f779afc
8da7c9df749afccda7c9df7a9afceda7c9df719afc5d9de7ebafcd61cc52
cd2cb6268b370fa2171fc4270b3ee9eb45aed59ce963960a9163913fad4d
f53e7036f49aeab9e60869472b1ac7783e52aeab654c98d1b3a464cd1396
b599bf620ca9578b547c2ee49fb98d8b022963790ad42d1548ed23522b50
e2479790849dca62ee75a5d95acf6b7d0f05ca27954acfc9a93ce1a76c8a
d9ec939fd0084b0adae063da5b6365cb792a72f56e4e58d73f153f9b1cfc
e71976fef3ad1a64a6e3479efeba9dfba59fc175cc994d6633ffa90f4544
ace6aca6d0ff13f52418c83317e6e9d75471dddcbc3cfd6a61ed3fdc501e
1cc8cbb39a53260a417f0c8928f414af559ad0cfafe6da636a78ca44d479
09ec4ca993dca417d8b9ef7979e6fc3cae3f273f2f0f7698fe8aa8e357bc
947eb1f0d2dca46757f28fbd78336ea8e6cd30c86664d7507599a2464715
6f86b929f4ff44518f6846a323d08cb9c29a295a333ea816cd38649715f3
ba8b85bb9eea4033ca1db219e522c00b2b43cd30079b81fa986e156df846
54766b05ff390946f44d55bc019995a201b756530b270484471dbc0d994d
a1ff27eab755521b360bbf72e0e873c2a0ab3a4a1bce976d30daa98bd1bf
4b85afcf5405dab0c22edbb04204fba50a6a03fe87fe9c3cde06a6ff8b57
61d5b7f2117c9fe8cbcb455b5eb0f19fb7c0987e888f117d6e8568cb0b55
b233f49b02c25b76de96eca6d0ff93f417b9b279729edeca8da1ca3cfd88
30d852a5b665926ccb4424a250a9d01526f41dc2e783a23727a1dadd95b2
2dbb8573dfdaa82d05795cbfb6400e2ba63b45c07e9ccd7ffe0585f541c2
f76d36e1fb8f22404f8bae7e59982e68d2cfb3771c4e3fd8a82b064b97e0
e395c2fd8f1d51ba82c71d85eeaf080d274db87f9923d015ddc9fdeec2fd
9101f773e570c270f5317daa4df4442e48ef2e7cbc88e699ee4131abbed4
26c676e0ff1cdd22dc84070b45b3c7f14990a7df285a3f3accd31c2130fd
9bd9a28ed741fa13221ae70bd3c9c2744ee0ff6c9dff9233f74fbf5298fe
b852981e204cefb7074d33fd9d0a5e5ed80d0d66b3be5594cfcad33f1571
7b54963f68e51f5607ca33fdc5d9c198f1b0ddc947e18d81a21b45d12a59
f477a2a84d146514df4fc4cfa9c283bad9c1c1c3ffcfd2d384999c3cdd21
cc5c22cdcc16662eb4abc1c9e2ae30fdefa27157524bf4f1a2e1b383e30d
bd986593bd98252cd65a652fea33adbc2634db3e896f064c375484cf2314
4d944599fe9a70e06361c12034ee971a47664be347841b49641cd69e9ec5
13aab9fff874bb352c62e57cb44cb452c4e68bb2a915a2a90da2dc884ad9
54a64fa292ba5d54be5838d95756eea4ca9dc2c07db3a8650b67891df0cf
42b541789b10a81f21fa7505f53a86e8bfb8234344f1b5b365712ba96d9e
cd67d8443e556c2821829e2d722a44307a56ca69a27baf93021c6a950332
4f7f47f4c734318de0a14fcc747dfa2ce1b607e6682b1306a1a7bb45c939
39a26ba7ebcf8af2d37959b31b7ede739d58d778c1e4642b8678937e7466
703498475a254659f5fb67d2ec5b208429426ee541358f46732cd5d200b4
f5732ae8403078244c592c70454b4be5ad1ec53d9676b9d1306727c2a389
4aa5623efd4ef837458e8f8a60ac79dd3d6db40fa20febf90cfea3e8e151
d640b8a55a8e3518ee6f6787c28d9cef84ed876d14eeb899c17037cda670
d758a385fbf39922dc0694a4a1270cf270fbad61e1ceb02ae1869f465e87
7e8e4d09f78dd7460df715d7d2f03cf35a0a37e4a6eba285fbf1d914ee6d
c932dc594dda6b29d1c2ad3a1b25dcfa949972567d2c4e53570967df1283
f2f6d961b15f660dc5fe38c2ae5f2362f9e275e1b1ffeb75c1d8cfb586c5
7e9eb07de96c8afd9219c1d8b7cda2d81fbd2e5aecddd78ad8f3791f19fb
5b6785c57ed775e1b15fcbebd01fb02ab1d766448dfd86e914fbe5d343b1
6fbb365aecafb452ecc79b82b19f98fc4b62ff16f7853b8b685e2062fe94
7078ea2c72a6dfacd052d38cb6e97fe31ee93933033197dd31756630e6fa
ac50cc916310fa62fde431ef3d3d18f33baea39837ce8c16f31fa68b989f
8b92b4a309833ce6675d1716f3e2994acce1a789d7a10f98a5c4fcaef2a8
314f2ba78de6e2728a39e43b66448bf91faea398bf3e5cc6dcdca4bd3322
5acc55673bc61cfb7fb9d8ff0f96f3fd5f8ce0d1c2e18f036bdd3a12f819
ac27647d9ae8937fce08c43c47a87d3c83d73e89c7eaee9914f35c91738f
b037464469529ede324d0a88661f611a25e2c4c09a2e0e76a1982f2e1731
7f045ab4870b83d0d31f12056af3782df84fff4044c92a825e0f47ff384d
f4332f99cc1b9b8f7d6d5a28e8a3ac12a3adfa2b65f294a0af138245c872
5c8c417b78d065f7e4e9e36752d0a70e0b0ef48ae1bcd9a329e8a378d047
5bc3bc9d048f2629958a35fdd7d344d45dd3f8fda75807ccd752bcb70ad7
1f4383f42fcbc53e3f9d22ad4f0ae8f8a607837de9b5618bca005164cfb5
14ec9165c160af1321c2f9edc1e951828dda5e16fdfaa898212385131773
276a84453e3ea413bb67d028fdba3c38cb56cf2027e4d47c5894cebb9666
d9335383b3ec3251381bfbe3f40eb38ce98e321195f1657cfe0b3f2cc252
9bf0ec663e1c74db54d90c187b5b0cac463e33f59d62ca4ce439640f36ce
14a565bbcca2f465a274163f94e9bf13e983cbe57adf9de7e817d1a70fb8
27fa6d42234194fcac549644bdb344bd4cd43b41d49b2f6cf27af93e20e7
0f591a2cc2779548fbd3b4d0faf64f51dfaf45fa30518f28472bd8e37c3a
7e259ca89916bea1344e0b86fdf2e9617d7f85d0df4b6b9a3eba3418f68d
e5b4b83d342ddae276f15431d1d2a677dc5052cac31637efb4f00dc5522a
d6dfe9cae2b6c91275719b6ea1353cc312da50364e8db6b8bd5d4ef3eccb
c1c179f6c3909fbda130bd4fa9184f5ff1673a7f15fdf0b81811d7899f23
f8301b2b56051141dc7a4dd0ef151366026fa0fe2a9f9d83450be7584439
d83017e5e95345dfbd5612bae9617a81b069103fdf42be7ea08c9e0d8d10
699f89cef923cf79b54cd669e6a3c69ca7f717758a0ed14b789dcf8bdafe
5322ca2181df777e2cfcb004ea84d63bc2a273aa1c67ef099ffe2cd2a64e
0d8d33a7b0f594b0c5e725bf29b85fd84a2891774ef788bc5b785e26b734
4fe47e3645da7d740aff7499b0729b905fb6d002f095484c12551e2ce5eb
d55471f769a916eb479efe175e839e308dbab3ff20d19dfa789ea00d1acc
6fd2769689218c6ec322c5b45f2191d601fd7c11b7c165545b8b70f34e1e
c0b744c545a5e13715d6d2e0c4e8594613433c22d2cf14fa2f94d1c4e83f
253831ee9b4a136361699489c1f4fb84274f4ca5b1db4ff810cf7d98226c
fecd1258167f1fd079d71274e3b6a9e48678e0a62f16a54d01371e2c0eba
d1732a2d8b3f5a3abac1f4cb45df26085fe4387848fcace503bbb1548ea6
2cde0e7381be57982810a3298e7b5a2d7a6d7db1288704fe10e63ee14ab7
6275045f23f45e2c0de8e1fe4ec823c44f8dd7d5b3347cb6d82da1d9b2b2
54ac1e7a86a828852a1a222a5a5d14ac48df542cee20c7881ace15b6ff2e
62f90854f50d1659033fb360dbd6755143bea8218d8fb1df0af31f148972
bc4aec727f119e8f0e56c274afd07a6b32ff79d614ea99f1426db6a82c85
5776b5453cd2c078bd95374cefc35dd3a795d278755f2ec7ebdd3c416bbc
828fd7734a03e3b590c7cc2b6a785ad4e6173ebd27e41f45b3ff8e0af577
4b0295f417956ce26eeadf5aa892ee54895867b47345254f5ba812143f5b
44e8d6293c7d9485cf51debe734523fe2d7e568bbc0b785e96ecc906e1c9
d7c2877f0a9d2ca1f3ef127e92e29d70559198dd8dec06bb15ab84bffbfc
6fdafd9cdb05ebbfe2edd29ebe5cae0139c2d29522edb7978bbda2a4889e
5e8c117997c9f12434e6490d93d4b0eae78b185dca632d4a2488cf675b84
6d7fc2ea5e7ed4a8690331f3077abdc929057687dbe7ac72da2a5c8e62ae
b15868f813da05ebf3a60acdd15975b5154eb72339ada8c2ebf0cce5ea45
15d73b2a7dc5d0fd485afdb3b43ada32cf59e59b5a905ae674cc13360f86
d9d4fe15ae37d25c5f5fccb4fb2f43aaf694f8f90aff69c14da1f63f5cd2
5f29e7a99f883cfe6f5bf0c7fb9548ffac90c7c03050b6ae7b6eaea8a7fb
4782f50f2685d6d1d12266055342bb3e1f47fa49111e4f51f8aebfb028b8
aa8c9812b6eb9b84fefbb4a6e9e6c2e0aab2a59816b7278aa2edfa574e92
bd9b3789e6c74b62e8b608e7e60b3955fc8c2fe2e3b0387cea3b8b4253ff
e16239f5730a45bba6c8a93f4238f6e8c4d0d47fbe904f856918bfff5348
754e10350c1575ae99cc0769717160902e16eaf9228ee7e48b7e7a47f442
83182929a3721aeb3d0eafd7899e47943c1e5b53a1d3e7f0d85cc5c8b74c
e7fdfb7abeece7cc02ce2835a6a8dee7ac735b1c3e310ec617c8fc2d81fc
6413b2ccae6a4785c7c6bba3bb70ea8f45bc857cd77d45b4f15cf1f34bf1
f32c31db3e4614f5a393c51346ccf514b194ece28dd7e38b69ae5f7ca99c
eb57f304edca01dcf22b4572aee3fc3d91dbf9adb0f94711bbbbb8cd95c2
66366c7e24568efa8962fdbc41e8dd27f41c5caf5ee865416f8b98dcfa3d
4554ed934659edab3c41db7429af7682ac96e9bf17890f89c4512211fbab
f06484f8d95dd47395a8a70db29e186ce364e1cf8109fce780406563a8b2
e9c26e96b0fbe1643962d1939926c66ec08a93990c365959660a7af562a1
f502d742052f4ce075f1ef6337e95f4c9627964f842f530b024f2e1f12f3
a896fbd32886b1ae090f3f113f2f16daaf09b9800f22fdaa023915302b5a
44d14c5e4a5f2a86e1049e13ba6b7844944b165e5cc4235b25cc1d9818d8
ea5f0d4c982f27f24939818fd5559344e8986e13a51f12a57384fc9a1804
fc7724c47b03abde5f78b04338d6437850c073a4074c1f2db22f10659f12
51b89fb7f380303923e84586f002a79bea89c1a5a1f724ead58b84f25f84
a53c51ff60517f9668e1e109e2fda1febcc8bf5294cf14deff4ad47739af
af5e98f87c42f0a9b35524bc2713f8fda2181937081b9f4c102f1245ddff
c917f30156f5a1a2c89313023e8b78ebe345914d1382c1bbae50f6fcc322
09d34cbf56f8f1743e357197b07344f443e304b1bdfcb5403e9ffeabd0fc
2e8f9e4f1fcc0b3d79e7711015fe5dfcfcd744b2963641ac33c2b8f282e3
fc7c7ac1912b4c32b170e9e63cb19f875631dc0765d39b8e2772795e1d6f
e99b13c428ac1435354ca401b2a780d774248f85bf88783a8f5e44ec17a1
7a6082a8e91d616d79584d59e238c3f4c7851737c29cced76cd4b45ca45c
26ca7c09037ab19887077345ee1f84e10f73037df5891c0f2280a3855353
229dea1b702a4f94d5a45399a282531394f73b370b2bdfe4732b67e4d1ee
25ffcfd4dfcc15ab559eae092b7f1433563f95c33f6c095a8147bfcf9763
f0afb92cf0f6427f1869fab25c7a75f1b268615381bc4b7994f4f446ae34
8794987e8770b0922796c9b6df2eca990bc4ee265ea2f3d7e4bcce3fd142
4c2979cc5299d7d484acc6024775be07679387024bb5e722ba7b2b100735
f5fdbb55960b4be335d5a5a44cb614588ad2d34cc9d9369f23b7ce536bf3
613fca62ba216045bed3cff4c96f02e435a9eff9b95ddcea7a51b57ebd38
255beca2057a2a3f43326dd4c54cb9fee5f72710c713c781da3f929f399f
c14f2a941e2d3f51b173ecac367fb3c658a9cde9f256da5c0e737101cfee
3750a68f4b6ef36fc26757669bbf1e5c58d4e64f42fa461b3e838b174bb7
5e84dd3f7ec47753c692186b662c4367756dfe65c051c0447acba1f320e9
c18fe636bfdfd00f790b91d61d698bc03dc04be87322959b8ecf0d11f64b
e7b5f90f00a6c6367feb6d522f193ad322ecef435e26d292b8ffe0b3c1bb
495fc3e7891176b36f6ef3ef0306a1f43ad27bef43bfffca08bb2b90770e
f9d93be037e9af87fe531f86db9d7d7b9bff1850b8a4cd5f437ab740e7f6
0fc3ed9622af9cf26d51ec2cbda7cddf6f19e20fa493de98287606226f09
d2ba216ddfca367f06e7556d7eecd56ceb43889baef4fb249bdb56edf004
86590dcaf504bb898f6f47acd1df49afcaf2fbff86f2e005ff90e3a3147a
678237ed93764d67b40bbd0587dbfccc80f87f28c75bf937527fefbf695c
9d2df55a7e6cf3b780077c28c7e932adddbf039c7d8ecc3f07e97f06bf01
fe2bcf47bc5f06e7631cef01f73a80f107de09c6819cf5ffd8ef9fc2db01
be1abc063c9a9707635ab10b0ffafd583dd84c30661eab07f3f6ac3a28db
db021e037e9338ee13bf7f0eda5f73c8eff781df3eecf7df049efca9df5f
0d7ea615e313dcef73bfff5ee8af03dfc2dbf385df8f3d9d5d0fe6f3b8f9
0b697f31f152f058f00efafc2af83cf0dbe04ad84bf9d2efbf1e9f1f00f7
e576c165e0935f4afdf62fa57eafaffc7e9ca7d820702fb0e92b999f06ae
e5eda96d17f37777bd8ce7bd48bf838fdbaffd7e3e84ee0563d961c7be96
fa65c7fcfeebc01bc155e09edff8fdb3c155e03e601fb81ff84ef02030dd
42b1eddfc87a777e23e3fa3638990fa86f65ba199dd1f3bcc02833f0a1c1
4621ed6be8719ef7bee4bd274ef193bfd0722d646c30d2f6f50995e36bda
c5487b0fe538ef813ee777890f29e537a2fcd9485ba194e739dd22ea89bb
95b1efc761cd8bf0ef4ba435a11e9517f46e0f962b44391bd20a95727c0c
ff1d69b5d0e77cfe07921714b70b5e42bc82b8a538646f01ec9d8db48111
f66e44dad5b0c779da27924f1e6a171c7758721271bfc3217b1b61ef06a4
1d8b889f0369ff46ff721e416cfaa25df0b82f42e58fa27ca925db31d759
e90858488ae004e8fafdfe9b35fa1c607eb52b9f43e946d616d5cea57a3b
ec4c743455d6d89c6e8bafcee360164b7eb1a7aecae972307025eefe4a1c
de06978f65d5d5d6dadcf69206b71b6b977431abceedf3d4b918eee627d5
d91d2e4a2ea99bc77896c3ede3cf03a8bec8f50f85649f1e93f3f85db017
9c8db80f075bad594cbd4a1c36bbd35d2d6f2fbd6cf264cb044bd1e48854
e5cacab5f83cc86293035289a38a59700ecead6b70db6dbc00d7fb068bc2
81deb2cc0ef4d7c03efc10c8d8c748ff063e717ef758a88f4e628c0f43da
46a5ccb1de32f762a4db8f858fd7f5486b567477f56662acff16e90fc23e
e7a3dfb40beefd6da8ec3294bd0b69d94ad92554f646a4df86b22ad72bf5
eee3e31069894ad942c87c58da90ee441995bb13f7fcbc5d7036b18f781d
f17ee2a42f24a77f29d945dc42fc2e71d25792f3894b89edc43ee245c42b
88777d156acb925b651bdefe5aaeb71f81a7834df0791893eb275f8febc1
9783ef069f0b5e059e01d6699d74bdd1ee5fc60d4df68b75f924f2f9d38e
dedfc873caf16d72ddb64f97f9e52fc8cf6b67c8cfdbff203f1fba567eee
f9acfc3cf03af9f9a363729f33c21effa66b19d8ccfb11cc47f21e5ac70f
7e23f767ce7c2e1e055fc8fdfa56b62f91ff0109705f703a78c2b7f2dc53
08c6a1962dfd56ee1707bf957e1ffd56ee53e3be939f73bf93fbdfccefa4
3d3b1877146c1d381b7ce43b593fe72bc1f1c7657de71d97e58dc765bcae
382ecf5943287dcf2979ae19b84eb677e0716967dd09b9cfed592fd3fb1d
97edda8bf3070ed9ccb751a673fb7cfc65bc25cf23cb9e95e9bd917e0e2f
ff5dbb7f36ba3c159ff9b08d7b09e762f0ca3f48bd14f263f7b7b2be539b
657ac696903f67f171715cc60b0b56bdcde3f4d6b96905c38ad1210d5777
1c56c69d1d9a2703cf9673ecfb34cc219c0d3867633c733ef565685cd6e3
d07139d29852b63549e6f6e1bfd47f34a4bbeb166953bdb0c639ebbccc59
5f53e77680f817edd4abb2ae76b8cf63ab747886473d3afa0289c36cf5ce
61731c4d11f66b7cbe7aefd81123903b3ca83b1c5679ca88b92911ea1dd6
e711b5d814867bf96943e44f753b1aeb1d953e87ddd564ace24ba8d1ed74
19e7d560af3036b8e7796cf5f558648d36b751aec6369771aecdd5e060b9
361f6487c753e761990e9bc7e131327383afa6cee39c1f5c86198abb9c95
e2f388ebd143cc5c59e9a8f705fd3bf260cb91fb977cba6a9111374ec6c3
f7dd7578db0ac64536d6c8ec62e319c14678ea1a7c0eb10fd8ec731d1e9f
d3ebb097c834879b3fc20e7caaaf1c664a66be46feb3b656fcaca8e7e472
ba1b1a998c3c6ba86870fb1a44fd9e06f720eb58eb589fb3d60113630747
c46f4483d733c25587088ea870ba4704431eccafabf78da8a9ab7554781c
f3a2a88c308702e01d11ec8de188cb08da4dbd2326d92a8b2ca1ccb0feb3
5c3d7050a5dca58dc3e61a83d68d29e347203e23dc0d2e9771c102a3cfd3
e018fc2be3b5c6618dc6ce9c365e67bce20a234c76a61028df79a342263a
d751bde8a2fea8657e41b842567f416151afdb386060a965000c21908e46
a7cf989c32fa57321173980d4b55c7ab3154734171e47c6b7de6a5c36b6f
3ff2dca34756df71f89e673f5db1eef0ea4d871f6e0ee41bab1d3ea34dcc
816172544776a4b7c15e1772a94b75168ca3d75bc3a0cac254d9e197fff4
e9fd4f189d4596a07ff50e4fadd3eb45848c7687dbe9b0333ef2ed461460
adcffef1f03d0f1c5efbfbd6cd4fb023ab371c7ee68ed6c76f33661516f0
03a4b175cb6d471edc2244641eb97bc991876f657cd8b12a9bcbeb60bcb9
cf3cfae9b2c56c581dcbb4f92a6bf8f1f1ea26877a80e367b64a5f7e9dd7
87136a568da3720e5697abc96d77f05819bcd06f6e2c4fa5727a5e3d2a32
dfe2f0604130bb9c731d05e8610fd6a6ab47b261f52c83e2ed4500870d0b
8bcbd54af9aea31fb5301243e5bb302d2ec4de7868eb5d8757af93b1695d
7aebe187368be82e79e1c8039b3a8c9f675f687de9bec3b73da18c32be1c
4ea49de0c8d38fc396ec29a1e276f80e363f192cef934923868d908ba737
d2be189f87973cd8fae8ba232ddb0f6fbf87afc07fb8bff5d9c587973cc5
02850edfb3fcd3bb3719119fc3f76c0a76ac2cfcf5f6a5615e840580fbe2
b433b7add6c16ad0cb42c086d8e09ee3ae9be7c6fa6de72f9f5085cbe6f5
591c0e77b87f95b2bf1df6d2bac07dc8e1976e3b72c75347eeb9871d7ee1
39aa938d109e4987d8e125b71fb9ebb1c0c015bec9243532f23a72c78b9f
dd7ecf91fbee3af4a7d5879f597a64c9b288fcbbd7b5deb5ecb3dbeefaf4
4fcfa03aec4698c22c342768d8f33b20ecbfde39c60cec544a79b1018d35
ca8d2623d9641ade3836253535d5b8f305a3d896c61ae5ee13c84b614756
2d441f5053ec0eef1c5f5d3d56fc7a84d383b382d3e6ae76392a6cf66ac7
704763a5cb562b16b85a9b670eef4f39586888180f2fbb5b8e2bb59fd9e1
dbd67d76eb3a63d1e4a0949b4bfeca06aaad0e8f87a5a102c3c928b657cf
27cdb788f681455b8ca8e5d0d66ddcdcd7db1f923b6d300d95c9116ec311
61def04a6c3773e661e30eb7df71941f7af9e1c34faf3cfce2162aee6872
700cf762c0d4303833af4eb43cb27cc40338ba3e7b68f1a1ad4fcbe17b78
d92219167edc085f290f36af603c28f0dac8bbcac8861a99656ae6e49c52
6349d1d452fe2e5f5c568ccaca068fc7e1ae6c1a61f3d4a6a5f2935a3dce
6bb5b6ca3aaf3c5939f94a54851180db5da7b7d865f355d5796a8b3c6536
de9bbe404299c3c31762b3afd081b98059629d2b53ac957c611c5ec9029a
29c6abaf3616179a4b738b4a26592799b3b0aa60cf1bd0103cbd19eb4975
009b93956b76f1cd1db7fe93f92e91959b8db35a96c761f339a6397d3599
4d68f264ccaffa26e4157beab029f89a0a9d5e5f488797889a99eba9ab2d
9f5448f9f2163c542c4b26048d6763b1e787464f539ec35726ce8d59b910
4b9bea1d05d941035153c816924a1c2e44c8c146589abc3e47ed88426785
0726b1a97b1c7c03e04b16e5514c87e32080907af8e30e7b43a58f92d9e5
f6e1e27ff12c20706d780df76480facc650d3eab3a8bf179e5fbe13a4bde
97cf8bf93d007f46dcfa21eed90e76846aa71465267c44ef16e81a02dbe3
90ae83877f145ec7c0883a7b477c8e8bf87cfcbdf0fade78d5ef3f1091b6
0d697b22d29e44dad688b47b91b6f6bd70fb2b223e2f8a28b30b3118fb6a
78fb26e0f3bb7ff1fb0780dffe8b2c1fc0f6c37effa6fd7e3f7fdeac9639
8fd70dddaf800b3f0cafe307a4c57f18eec756d851efc5783d0761b72aa2
be42e86520fd9903e1e9a9481f84f4070e84fb7105b7b3cbef5f8dfc7587
657ff3abf873bfff15f031bfdf7fec036e4b1363aa99b01f6977e1467c27
e477fd1df3b723bf16f98b908a6ad13e5d3c536c6e96f9ab913fe94a29df
0bd90c791978c507211f167dca9fd16bc28716dcd3b66e39e56f81117e9f
cfeb3a5ec758df2ac612dbdac533fbddd06b855e4b7bbbbf6fb7501b791e
6ee7fde3d0be95c8eba9e4f17700cb90f712cabdaba3ee6ed2b64e793ee4
3d8dbc43f17e512e90c76d9623ef11e4ed475e647de390b71c79fba85c30
ae4c6b3622ef56e4d5fcaa5dd4c72fdeb7fcf9037f8ecb93f8338c8168df
5eec27dbe3e53382405f2ef9b14dc4e5dd76bf3f9bdbd1dafd718a6fa770
e668465cb6f793ef383641ef0ae8adbbd42ff434a57d2b90d78fc78cf218
e5edc2cfc6f68efd7a08f3e1fecb19abc29849475f71bde2287adba1570b
bd37f62036a437288a1e9f6f175f013db0697fa8efb77ece9f9bc48bbedf
0e79637c9bdf1717f29d8978c5b3bdc8df83fcd4d653c1b2a7bbb67cce9f
ddc4b31528bbec2bbf3fe99150bd91cf3b0ab2c33fcbef924d73ba5c5935
38b8388a1b2ab012d7605fceacb337453d1a463912d6b971bf2e4e0aa7b9
df97bb7849f0f100ab15a7805adcea597c365f03f4c5038a062f3ca8aff3
f870c0b4a3d6061f8e57cc6aab77f223873570ecc56e5d58271e3d33ab57
942f753442cf5b53378f2b4a3de6ababc6918c596bc5e3718f6d9edcd9f8
a57e9f2ac7251c612501854002ae5c2c0af9efca3588bf4fde8abedfb603
6b21304349e763331b9f5d805b497f0ee9fa4e8cc97dd86394f455489fff
badf6f475a9592be10e977bee3f7f3fde187f742e9c57eb93fece7ebf8fb
a1f442a4f331b70b604afad548df84b48d40a2927e39d25722ed5eac9fdb
14fb7148e70b60c69bed226df23b81b1d453ac53fcdaf9b2dfff699b5ce3
b740fe88e40d90df21790de47d249740fe1bc926c87f2599db7995e4e190
77913c40d119a2949d00792fc97d21bf053993fcd3c9bbf488cfc315ff03
f34c47d947da647a6fe4af849c144d0f69b790de1b2fa19f201f7f3bdcfe
e7119f5b5e929f357ceec6e4dc7e0069398118413693fc2ae4f1247b205f
4df233240f7abba34f2fbde5f70f219f7cc8bf1cf2a67f86f402ebc92ce4
2521afa762835f6bdf09d7e5d70348fbe2944cb796fab292d3229f42a607
df2d759882fcf54f601191c7d0b175f235d0583195c7323b9d42e5f1706c
f8a4a589aace5ebba3cad6e0f205ee0ff85bb07c9bdbeee25f35a1174dcc
e976fac40f51691d7f483a96af1463f9c251e0aeaa1bcb9cde9c46476583
8f2f3fb9b061f615db7c353c9dbf3de3465cb60677658dd96d2f71f81a3c
ee1ce92ecec676de8cd2ba1cb7bda88a17e58f10cc9eea06be1878c7f24f
21d3534b0a450a962fb7dde6b1931525a5482c5e48aab1791c768b433ccd
615e97c3518f16f12725812721d01161c8e26b9e8f3ff971237641897fa1
532e92f36c4edf54b7cfe9ca69441cd8dcf48c6b4c382fbc25bfeb92889e
4da4be7d6e7fc73417ce6e2dc07e80e1bc9b0a34037b80c643d85781bd40
223f7b01f6569ca780ecff606f069a8195c0266037700038098c3be9f7cf
061a81dedf63ff036a8005474ff9b7b336ff8133dbfcbd2f69f39fbcaacd
3f1303df34afcd6fc4a45af2509b7ff5136dfec60d6dfe7ecf20ef0f6dfe
96edc8c782d017137e051692c4f7dafcaef7dbfc3507dafcbb3f69f3ef98
d4ee4fbabfddbff1b7edfed487dbfddb5bf07973bbdff47ebb3ff18376ff
ca0f91fecd297faadee61f74569b7f28eaed6b6af3cf4e6ef3a767c30626
643eea5fb1a0cdbff256f8b51875b4004fa2fea7dafc1b01fbb36dfefa17
dafcdbe1cb502c483ddf6cf32f821fd9fbdbfc71879057d4ee3f091f5663
111fb8a6ddbff6d176bffd79e9c301f8e0dbdfee5f013fd2bfc45efeed29
ffea53a7fc43118772f8b400fbff38c4e3547ff884789c1a01bbf0ed5d4c
fcbef06f2bfc1b04ff18e2b3093efae0e3dedbe01bfc74ad864f58c076af
6df3ef43dc963d0d5df8da7733e2097f57c05f1f62d7ba1b71fc479bffd0
3f918fc5d2f46e1bee23d056f89f81381a11c37e68830b87a616b4230eb1
cc405b96ac6ef7ef424c7b22a61968d38a3f4046bb4ad12eb65fee0bfc1d
1a7fbf9341632a8331f51e2d0e3a71222989e9062e1b998ef360dcd9c0a0
de8cf177761cc3ce9527947ad6f96510ab55a5beb2fb20b1b46e42d22e08
bd71f85aa631c35ab0516786549d692bc0ebc0fd506801900e2fb6c631ed
14b8349e9f3d9976289e195ac1f509cce04b605adf4466e88709b203bc07
9cdf9d190abb332da90733187b401fdcda8375db7f268b3b7626ecf46271
ae5e4cfc51fb441c649bcf62daf6b358f7de49ac4746123ba3058ddc0d1c
3b9b755b702eeb3914ed6d017af761baeb7c9c81cf472c068281389c2987
0235c0becb918e262e039206c37fe014e721f06d08f4ae625ae950e40d43
7b47b0844569d8074733bd7c347c004e42368e6771e9e3710e01de1dcfb4
7274cc0ee06406ca66b13377e7a26c3eebb5a38469472d086d2963838025
a54cdf0fae9f8a7ba1a92caeb48c69e9d7a16e603fd07b16ee016631cd35
0b319bc5f41d15ccb0bb826927c171952caebe12f61d4c1fe864867427eb
76d4c3f4a55ea6b578993ecec7b4d406c4b481755b329769bd1b99deefd7
ac9bbd19e77260e02decacd5b7b0a4edb731cdb78475db7e0fcade87d8af
60671ffa2dd3863e8cb8ac81fd352cae790dee93807e8f3096fd08d3e21e
65fabec799b66e2ddafe24d38e3fc9f4bdbf63dad6f588cb46f4e5d3f0f5
198c8b67995ebf098be0734c5fb69969c5cf33c3cce751760bcabec0f445
5b51f736a667ff8969a69798beee65a62dd8011baf30ad7527d31bff8278
bcca0cd9af327dfb6b1877bbd1977f85ceeb4cb7ef41ffff1d717c83693d
ff879d53fa1ed3f6bdc7ceddf701d36a3e64dd923e467b3e66dae68f9961
fbc7acdb9eaf586ff635eb33e86bdc377ecdcedb0f2e3e86581c435b4fb0
f35bbf67dafe1f9861dc8f685f1bd3fbfa99b6dacfe2b683f76a5adfddba
c6c61934663768daba6eda05f9891a5b9708f94cedc263676bdad23eda45
8b2ed0b4b88bb47e3d2fd1b4059768171fba4cd3d2afd0fa1fbb52d38e0f
d22e393658d36a866b867dc335cd67d28ca6144d4b1da95dba7794a62d1a
a7e99bc669038e8dd32eeb77b53670f678ed72d3359ad6334363cd19da15
1bc147cd1a5b9ba55db9374b63d9d9daa0fa6c8dadc8d1b45df99a7e2a5f
d3d64ed458fd644ddb3c5963bd8b347d65b196b86f9666d83f4b8b67564d
cb9ead25beebd1b4995e2dbed9ab619c40cfa7b125c0a979b0d9a8b11dcd
d8b36ed1d882459ab66c91a6f7bd5dd35c4b34b60748bf0375dca1b15660
e89d9a61dc9d9a6ebf53d3ecbfd1f4630f6806f6a0a68f5ba5692757697a
fd6a945fadb1b887356de0c31a5b09981e475c7e07fbeb343d6ea3c656ff
5ed3939ed70cc6e7d10e20718bc6cab76a897bffa825ac7d59d38fff0375
efd5f4259f6886959fe0747708b100961c81df9f6aacdf679abee8734ddb
fea5a60ffc5ad3f2bf410cbfd5b47dc7e1c7094d2b3f8918fca019d6fda0
e9db753da13e41d75774d7b5a13d757deb59baf6ee59ba9e9aa46ba5493a
3b00949ead6b6bcfd6f5fde7e986a3e7e96cf6f93adb07a4f6d5d90ec078
81aeadbc50677117e9ac1ed87791ae6defa7ebe38cbab671806ed83440d7
0f815b07e8dadecb757df395b0374437ac1b82ba86e8836baed2b51557e9
719bc03d87ea867e43757dd0303d6edc305d9b99aaeb7bb198c68dd2990b
380094a6e96c3bb01bd80fe48f461ad008ac067600bbc722ef57f83c5e67
4b33e16b36384f67ebf2746d51bece5af2d1be029dd927e8ec1490345167
03817a6009b00f185aa8b30c6029b07612ea2fd25933b00bd80f188ba10f
6c06f64cd1d90a0bec03db81bd165d6b050f9aaab3ad407999ce5a81c219
b07f2dea9fa5b36315a8c70e1b35a8a3066d75a20d4e5d335e8f3a807e73
503fb0128873e9ac2f600766d622af4e672620bb4ed7cac187c019f5f003
28bf010c947b742ddf0b7d6037b01f38c63ffb5027b01fc86fd0d946206e
aece6a80757375c35670fe3cf806e437a22c30ae090c24cdd7d982f9bab6
63be6ed80b39fbd73adb04ec588036dfa833df4dd8796f4639e0e8cdbae1
e4cd7a7c52337c6cd6e317816b162286b7210f285f8cb6ddae6b9beed40d
3bee441ffd46d71a7fa31b9680f780f7838d4b75836929e20f24dd0dff81
c265a80fc8588e3a81ec7b116360d37d68c30a5d5bf75bc467956e18ba0a
71068e3fa4b3930fa3ffd660fc00c52d2807ac7d147df4a86e487c4cd70a
1fd30d331f835d60c5e3180b6be11bd0f309f80b0c7c12fe02cd402b30f3
778831b0111b7cfa7a3060e4ffaa03b00318f82cdaf89cce7a6f464c8005
5ba0bf157df622ec03db01d336d8dca61b6683f701357f84de76e4017dff
8431f00aecfd193eec0203497fc1780656bc8a18bf06bb00db8db2c09ed7
d1ced7756df51e8ca537746ddf1b18d740f33f60732ff4fe8976fe133230
f04d3050f316c60030f36df80f1c7a07febc8bd800ebdec73cff00f1db8f
767d88d802191fa11ea0fc5f6020e300ec033b80a11fc31eb019307e027b
80f110c6c121f4c761f87e04e3fb539d2dfa54d7d23f471b3ed787ecf81c
f3fe4bddb0fa4bc4e22bb4ed2bfdaadd5f61cc1ed7f5ddc73177fead6bcb
4ea01d40fd7fe0eb7ff4a16b4fea868d27f5613bbed70dbbbfd787effe51
1f71a05d37f1afc1a503b38125003f97bdcb8f6bc538f7e15c36082806b0
941b5a80ddc03100cb972103c01434604819d0450634c79068600613500e
3403eb80bdc049c018c70cf9403db012d8013013d35bc149dd70b6001a81
75c001a06fbc7cf415f89ea5361f079ec6fe5a52cf4b7014c5b989df133d
839b5e5ce581836671cf8b93d6680feb2be218ff4d49fefdb171a43334a0
5318d2e117d7e35f19ca20bdd95a475b01bda540e9efa5dea6287506f436
f303f4c752cf177880574e7aab437afb817587a55e4b0fd29b497af7c7ad
ee467afc30ceef33f8658cebdcde50e895274bbd5ddd3ad72be5dffbae97
7af9f1213de31ac3c371f7c7af4e20bd05d0db3e57ea056f0eca83fe05ed
e1fcce96fe46ea05bfb911252e7ba0b792f40675d11fc7a1d773a9d4cbe8
c25e3ff8e4bb57ea6d8f8cb3123f6c63ecd8c352ef6417f6b04db09647a5
5e4b17edc53d0a6b5c4ff18bec0fa55e2c492cf5f754af21b25e83e811ae
8729cf166d917a891ded05ebed091bfbb649bd9a2eea4d855ecd2b526fab
16d2a3fe0dda9b09bd537f967aa7ba88cb22e895fe8de2dc85bd8dd03bfa
77a9b75a8fb4176aef3ee865bc73fafe3d05bd72d2eb6afe0e843893f4b2
bb98bf85101bdf957a7bbba8973fd7af7ffff4f5f206b93e3cbdde2e8887
7e82de51fe2e6991ffb47abdd1d1476fef5a2fdabac9e71c5f378f2d9365
7707cbf632f1a2f71956c4dddfed01d1a1dc2e7fd5b062b9d4ed1d886b69
af6255f7c18495e2b1149ff7fc417bf3bdfef0f56266af662db2c06fbbaf
eaf1d019ab7b52b98d40fe0a59aeaf21586e4757e5f8f38b43c0a00765b9
8181b664f7126160b12b76c5aeffdf5fc507f9cf8c5002ed9b81f571c975
f24df7e67f77adb79af4c66dd3bad4db28f48c115e189b355a911a67779d
bf62b6aca7d0aa0b5e49bc89f81471e96cc935c49b89f7d838178b759e5f
014e609a8e65f2e6408d5b9bc90faa7793e2176fcbba4a69ef28719c5d72
be3dbcfe95f4793ff171c74fab3ffd96f0faf788fa4d420ebce788169fd6
d3c42fce26e377f426e94ff6cd1427e21dc4439b2567102f255e748bf4ff
ec8efe8bdf0b0b5c2723fc5f660bf9dff1323607f4360a3da3d689e2fff1
4b3a12f2afb0227a3b74d233909eab13bdb57773858c5042c4fcd841f328
7d45d77a7b496fe369f48e93de8e87bad64b9c25f556ace95a6f20e9cd7c
a46bbd54d2db741abd6cd28b6be95aaf94f496adeb5acf4e7a07d677add7
487aa6a7bad65b4a7acd1bbbd66b21bd3dcf77adb73950ef96aef576915e
bf7f45d70b5cfb48affe64d7f65a492ffd87aef5e2ac34ae7eec5aaf1fe9
b5b677ad974e7a8d9aa14bbd42d23ba677ad3793f4deedd6b59e8ff40626
74adb794f48abb77adb7d61a3e9f03d2cc1eb27c0bf11335e1eb6f60fd08
acbfeb2aa49e3cc62735d3dd487337e278e204e244e2eec43d88cf20ee49
7c26712fe2b3889388cf263e87f85ce2dec47d88cf233e9fb82ff105c417
125f44dc8ff862e2fec497101b892f251e407c19f140e2cb89af20be9278
10f160e221c457110f251e463c9c7804b189389938857824712af128e234
e2d1c4e9c46388c712ff8a781cf1d5c4e389af09b4ffb5d078c848888bcf
a07433712671167136710e712e711e713e7101f104e289c485c493882713
171117134f212e21b61097124f252e239e465c4e3c9d7806f1b5c43389af
239e456c259e4d6c23ae20ae24b6133b88ab88ab896b889dc4d713cf2176
11d712bb89eb88eb896f20f6107b897dc40dc47389e71137123711cf27fe
35f102e21b896f22be99b899f816e285c4b7122f22be8d7831f1edc44b88
ef20be93f837c44b89ef22be9bf81ee265c4cb89ef25be8f7805f1fdc40f
103f48bc92f8b7c4ab881f225e4dfc30f11ae247885b881f257e8cf871e2
b5c44f103f49fc3be275c4eb8937103f45bc91f869e267889f25de44fc7b
e2e788ff40bc99f879e22dc42f106f257e91781bf11f89b713ff89f825e2
97897710bf42bc93f8cfc4bb88ff42fc2af16bc4bb89ff4afc3af1df88f7
10ff9df80de27f10ef25fe27f19bc4ff43bc8ff82de2b789df217e97f83d
e2f7893f20de4ffc21f147c4ff223e40fc31f141e24f880f111f263e42fc
29712bf167c49f137f417c94f84be2af88bf263e46fc0df1b7c4df111f27
fe37f109e2ff109f24fe9ef807e21f894f11b711b713fb89e58120a95923
d6890dc471c4dd88e38913881389bb13f7203e83b827f199c4bd88cf224e
223e9bf81ce273897b13f7213e8ff87ce2bec417105f487c11713fe28b89
fb135f426c24be947800f165c403892f27be82f84ae241c4838987105f45
3c947818f170e211c426e264e214e291c4a9c4a388d3884713a7138f211e
4bfc2be271c457138f27be863883d84c9c499c459c4d9c439c4b9c479c4f
5c403c8178227121f124e2c9c445c4c5c453884b882dc4a5c45389cb88a7
1197134f279e417c2df14ce2eb8867115b896713db02fdce2457d0e74a62
3bb183b88ab89ab886d8497c3df11c6217712db19bb88eb89ef806620fb1
97d847dc403c97781e71237113f17ce25f132f20be91f826e29b899b896f
215e487c2bf122e2db881713df4ebc84f80ee23b897f43bc94f82ee2bb89
ef215e46bc9cf85ee2fb885710df4ffc00f183c42b897f4bbc8af821e2d5
c40f13af217e84b885f851e2c7881f275e4bfc04f193c4bf235e47bc9e78
03f153c41b899f267e86f859e24dc4bf277e8ef80fc49b899f27de42fc02
71e07e6d2b7d7e91781bf11f89b713ff89f825e297897710bf42bc93f8cf
c4bb88ff42fc2af16bc4bb89ff4afc3af1df88f710ff9df80de27f10ef25
fe27f19bc4ff43bc8ff82de2b789df217e97f83de2f7893f20de4ffc21f1
47c4ff223e40fc31f141e24f880f111f263e42fc29712bf167c49f137f41
7c94f84be2af88bf263e46fc0df1b7c4df111f27fe37f109e2ff109f24fe
9ef807e21f894f11b711b713fb89e583c3247a3e80f300b181388eb81b71
3c710271227177e21ec46710f7243e93b817f159c449c467139f437c2e71
6fe23ec4e7119f4fdc97f802e20b892f22ee477c31717fe24b888dc49712
0f20be8c7820f1e5c457105f19f07f76e46f80c5aed815bb6257ec8a5db1
2b76c5aed815bb6257ec8a5db12b76c5aed815bb6257ec8a5db12b76c5ae
d815bb6257ec8a5db12b76c5aed815bb6257ec8a5dffef5fb7008308ea75
ac8a7fafaeabbf5a1a7e1999fc3bf8f57be4ef3726554b5e1bf1fb904b28
bf6f27f92d946fe9247f2be5577792bf97f26775927f29a567117b891712
3f48bc9a781bf19bc4fb89bf258eaf91dc9bf80ae274e289c4d389eb88e7
132f227e8078107daf7130f110e2ab8887120f231e4e3c82d8449c2c3843
fcbe511241bd64ff76fcfdf4fc1dd1d34f56738307123a64c4aed815bbfe
9fbb5a27cabff7716c32fd7d9362c9bb4a246f2e933cb39c3e5f2b79e34c
ceb3a358cc885a4fdf57c3ff4e48f1ecd0be932473c46a14bd74e81a49eb
5e8053041b9b830a625debf0cf2376b8368a5f604a62a3c8ceee57e5ba9c
da89dd83afc8bf1ba047d8e1bf27cb7f77de68fb79fb68e03a4a7e24cd91
71f5b9256faa93bcdb23b9ef3cc9a71a25af5c2079d18d7a27edcd08fbd4
f25a78fc6b6cb1efd3c7aed815bb6257ec8a5db12b76c5aed815bb6257ec
8a5db12b76c5aed815bb6257ec8a5db12b76c5aed815bb6257ec8a5db12b
76c5aed815bb6257ec8a5db12b76c5aed815bb6257ec8a5db12b76c5aed8
15bb6257ec8a5dff5fb88c00ff775533ba3396a607fecd6279755364fefb
8c26456619f18c35877e5f5053d377a8e97d19fff78a12ce0106e1733a78
16b004d8059c00d23496900bcc001603af023d749670a1cebae5028b8178
03ebd668609a1ec7b40cc0030cedc6b46f81c678a66d070e00572430ad0c
5809ec4e6009c780d44496b002e8dd9d250c0472813b819dc021a0670fa4
01ab801dc051a0f00c96b008d802f4ecc91226000f00df028bcf6409fb81
8c5e9081f781f167a14dc03e6048124b58006c07869ecd3437b0fa1ca6bd
0918cf857fc00920a337d280c43e48039e043e02ce3b8f695f01579ccfb4
b9c04120bd2fda03681730ed01e00430fc42a635035b810b2f62da73c051
20b71f7401fd62a69502db810bfb4306960107807e9730ad1cd808b40203
8d4c73013b805340f9a5a87300d35601ef010f5dc6b43660ec40a6cd07b6
011997c367a015c8b8027e018780215732ad1e380e2c1cc4b4fcc1f00d18
3884691b80de57316d06b005e83d14f101760349c39876277014481fceb4
45c0e7c02013e2001c04f29399b609e895021bc046a0df48f8099c02ca52
910ff41a055bc02ea0571ad366016b808f8041a3f119780078035896ceb4
3d408f314c9b00dc093c07f41fcbb42aa005d80d7c05ecf815d3da816de3
d0b6ab99963d1e3680d9d7400728ce407f9a21037d33a1031c072ab2602f
1b7d9bc3b4c540df5c8c5160601ed366020f006f0249f94c2b011e000e00
3d0a9896022c045e025a81a409f01738018c9bc8b4cd406a217c02f22721
2640e164cc0b603b700a3015a11e6031e762a62d01f600f95398e603d600
8d254c5b0bb402e516c414d80d9c00d24a313e8055c06e60e054a6fd1bd8
5e863e02fa4e431f01db8153c0f072c418289f8e7802fb80f819a80fb87b
06d3770343af65fa0fc0a2994cdf098cbd8ee90b80a340e12ca66f01fa59
99ee025601bb81b4d94cdf0bb403336d4cdf0ec45730bd05781748ac647a
3a500fac03fadb997e2730c0c1f42781e3404a15d35703f756337d690dd3
7b3a6107987d3dea04facd617ac91c66b81e58086c045e078e02bd5ccc30
1028071a8135c04b2e16b71f38019c57cbe2b281d9c042e049e0ef40bc9b
c50d02d2805ca014a800dcc002e04e6015b001d806bcee66ddde0716d5b1
6e4780b1f5acdb2aa0d70dacdb42e0260feb36dfcbbacdf5b16e2f01c77c
2c7e40038b9f0054018b8016605b03d6dfb92c6100900d94021b80ddc011
60c83cacbb408f469660041600eb807d405a134b780c781d289f8ff51058
07ec01de078e01f1bf6609fd8014c0036c05de064c0b58c2f5c003c09340
cf1b594205b003e879137c014a815620f16696d01728079e01f601c7809e
cdd833806c6036b000d802ec058e01ed40ef5bd036201db809d80d9816b2
841a20e3563090be8825ac01e26f6309e70125400db006d808ec044e0103
17b30437c06e670965c041207d09f60a601fd0fb0ef8013c069c73274b58
08ec044e0157fc8625b8808dc04740bfa58807f0245078174bd80464df8d
38dfc312e602172e63098dc0bbc080e5d83f8019800f6801f603a67b59c2
52e03850721ff627e018306805f61660d6fdf011287d003681c5c00ae031
60337004e8f920fa06a8011e0676036c25fa1d280696001b803701e36fd1
3e600df039d07b1574001fb019380a9cf710fa095806ec077257231f5807
ec003e027e00fa3dcc1266021b8143c0856bd08635aca70fd8029c04ca1f
613d77027a0beb3919980fd81f657dbe054c8fb13eab80b7815620ed71d6
e726e075a01d485fcbfacc055603cf006f03ad80fe04eb33167003b70039
4fb23e3d7fc7fa64001e602db01f60eb589f2b80c9eb98ee0336009f03e7
ad67fa0c6011f00c70723d8b336dc07ab281c5afd980330b90f41462fe14
63d681de26dfb432ce99ceb4542b894592475be639ab7c530b52cb9c8e79
93ea79923739a5c0ee70fb9c554e5b85cb1135b138a520db9c69b5e46385
402e3e452a94baa21673daa13b65fedcead21b78be255f9ab7e45ba69456
48694c8dcd5b53667335382cce905e2a4f4d75ba7d754ddeb47cc80e4fd9
7cab2f37909f3cd2eab1cdcb0f144df53a1c764b8a33a431856a9a92e270
d4399b2c158dd6465fee0c993b3aabaeb6c2e97624a71555781d9eb9dcd9
a28aeb1d953e59aaf3fc625356f298694e972babc6e6ae76143754b89cdc
397396d56c36e59a2840a3a47614c5806953b22964db6ca200765171725a
5d844d53a523774cd07028ca619d5c9c9a59676fe2eed932a57322215c87
2a0f4b338db2d6dae638b24ca973f131cde9ae6ff079d1c6646bd6e8a206
1fff54663627275bf33cb67ad90b654d8d7956a9925620f4cb42218f6a3c
b5d0e9f575a8a032e7f43554e69ca68ae4542bb7cb2bc8aa6b70fba8028b
d3522d0d38720316ac9d9848ad40a444b83a0677a4b9be9e068b92128ab6
7994a5d2e1764409b9d00b8fb82c7a9ada8a1b9b2aabb2c2d36525346753
46e534d67b1c5eaf13a326b3c9ecf1d89a0a9d3e87c7e6921ac963d4b41c
97a31673d56b4a1e1956ce9619188d5d594417daf8c76c53a3a9327b3419
9b32df6ef505bdb44c97f5a697d8e6c9193e5d1ab64c4ff75052a3a5da34
12f999a629f3c38a063582d981a078c714d5fb9c756e8b83a6ab92508c2a
2a22d3bca6ccd16657b5a3c263eb9819f24454941dee8737d904252a1c58
1b95a4e2c042169eda55e4a47e2062e1e502cba89aa6747b78467a659ddb
6773babd58dd421d901b4d7554831bcd6d6a6c7447cd4e4ec14aebf078b1
bc48b5e85a63bc4db5b50e9fc75999edacaa72781cee4a47a73631dfb082
f9e05bba941c766bc8cbe4d1b58eda0aac9b55a8b740e4fbccb99d58f238
6aebe63a9a42a5318573a2ab36d4db6d3e47ea3ca7af264c3dd71ddc1ac2
4b8ca9aaf3d44e15d169ea2c3a695ca7408d5053f408a58ce49a962851ea
d476b2b7a1c2e7b1c1acbbbab3c0a73bbd9606ec07be94ba2abe91456f49
b2c9e9cd767aafaf435f8a0074ad6a69a8e7ede9dae668a737a7b69e7762
70f285e53735de60b75add9596d2127030e24df860ce2af1cd7735743274
03ad0e4532b0a4259b0a6df39bca2c3e5be59cb2313697b3dacd6d8ef6d6
db2a11a3e4e47aa7dbedb0f305da3b9acf00649ab3b02f60ab18935fe771
cee7b3c2650e142cb326a764d5791c62137156628bcdcb75d5d97c65721f
482b16e62c959e3a978b6fb7f9a6b2c6a6f21cbe0474ead62477a759c211
b17d98cd932ac3d564253caf830525cb9a3cca5b5337cf5be0b63b2b6dbe
3a4f643353cd8d4e6fd14884b3cc8aae8beaac624f9431659b3afa63b5d4
d8ea1d420955421ce5f535b91c63aa70c4b0708957788335afd17a03df74
5373918ef074ac4d3114d930254bd88aee4a72165a088f2dcef98ea251de
5a9bcbd5644ec9aacd9d96d5b9de245b1779e16e245b1c950d1e47aed3e1
b2979953cca9a58e465f598977bec795634df5e1437a9d1b67af5a270fb2
39870fa6f4c2ba4a0cbff9181c98cceeea898ea632846174a6131de3ae2e
6bb258f29a9a2a3b4423acaeaefce862a8246330f9e8e457969c320f63b7
1e639e6f536210a0d3cdd62835775aaa716e7517aaa9f59e3a2e05aa309b
d2e5f9d361cf36958d9e260c79e0b035af2b3b918d9d8648d5cdcbf3d435
d497e1566094cfe9733992935d982d59ca88b6582cd508acec134b7563b4
98aaa6c2a6031ffe5122a1ea77e596e803798aead809d62c97b33e076b78
94b6a97972f14911f7547576dcfc605f8b3496c24797cd6d97d58ef138ea
5d623d4bb7d9ed4ebea7d0e4c6616a4c31b21c72ed8a3abbc36d4578169e
296ca65392b7a357c59eba6a7e4c11131413c3344aacf7e8f512af159383
cf86949cbca64a738e982d0d91ae84198874252cb38be99f223a20b3c1e9
b26398259b2ab894e9aaab9c832d1145b24c25f35db933c2cb58733db65a
47a1ada9aec157d631fed38abb508f7074a4d9dd24d629b1ea75c8c5cccf
b9a1c139d7e6e27d82e388afc183fe9a5b3da32bbd88e569a4355fec109d
78602db579e704bc2fe3ab2d6f4e9458456876a8a5accb5aca6c1ea70dfb
0a375e945aea7174686d6ace5c781fb0efe5b34d0c9e8eed8dd49cdc656e
d801a043ab5203eb0d2d25c1352779a4bdc96dab75564e92e74565fde547
8f3c6f4a6a89834e59d33c4e1fdfc2d10fc5365f4d963c9de46179703538
c3d7ad546b319f78eeea9f3a7e220b44462dac5752ca52e1b32339ddd188
f51e5b78b127e0637abdc789438aaf29cd5629a7bdc562b554d658eb2dd5
96cae2a6a6e9b6e9e64a7787391f59c169179cc80211036514e5d869253e
7dbebbeb7c9ade723f4bb1e594ccc720ce490f385082d524c2c3346baecb
d1f8b36671c722116e8d2ec39d048e4dcaf92f0d6b8b8f3fa1891cbfe9d9
8e2a5b83cb27f70339f5e1b33dc7d4a1dea8aa594d919d144d2d22ae5155
c2db10ede061ca4e1e29ee40eaeb5c363e6eca4c697c82b8edb9a6269c44
727f8185e491d202dd97fe6233a35cd240968d1fd17d4dc9e94e55413c7d
31e7589c568bb3c3b0fe695544c6304aa1e4915e215363c4b4fa49b5e1ae
56c86135e2ec69b2e799caa298284173ec7cd87bdc0e8fe8bfa264133f91
38dd0d750ddea8c7d6688522da14f5d6a5d3a11b557bb4cb61e32b541475
2b66a93c66a09b68c28eb66061b25577f4a46b65f7e9957f8a4e94e5023f
3a2c1229c9ea712674301aed76cc2bf0396a3bb4b5b302e18d4c498ebced
13f7933f514b797c14b9eca6a45003a7ba6d736dce60217eb61a5568ab70
b8ca9a02475d1c3c0b6a11d3b23c1cadcc79966a1cb9cc8113580e3f8199
f811cc6a4af33679d1d67c5372b2dde1adf438ebe9c068be7ecea44e6f55
2c16f3c4c8e1dba97be15dd6a91aefb51b4ce21897d3e1689292928f35db
e6a9ace10bb0729e4af7f145d9e669ead85b9d1519e375604ed97f5699c0
dafd13bd0a3baea4a45a33716caaf6f0892af243272cf74f5494e77731a2
a3b8919e59e7c1e9d661c7a1b8d6e94670331b7c3e0ca280ef638a3d4edc
7f3ae73a1cb93fbb7887bde834052206fa6994c32230d264cd71cf757aea
c4aa83a1c68f5d18749d04ecb4ea4ad83ab65b3cf8369b73526b6d4e7753
53f83d80f220247d6e60dfcf89182ea939762c5b4229d954135a36bbd01b
6973759defababef2abf0b67725179596a459d0be7e9a6dc8e5969d90e2f
d6f388353922cf1d254f2e11a95e2c0269f31cceea1a5f9a5da89bb33a79
fe653567a54d139afc515856c0baa5da971bc5e73471f39ed26136cadcd1
95365a93a266a7537667c5d36bb073b930ee3ac98f68b1583d934755a155
ca3cc44ac1ef154789299e23ee183b964aad82bd2673a5591ab65447d109
3e94093f04cacc68ae4cee98641d23ee4426e3a09a56010f5d0e711fc59f
5a5476ba5ee30ea02e7db22553e86759aabda634fe78c559596082a7916b
b9ac88b7bad2d254323ff2d65cbec2c2d4f9afbdc8ebd2fa7fe94d5ed43a
924d15c125d79a62c22845cf7b2db62a87d9e3b0f179e79de2e1b77afc29
52681a6273c63d6770c1e74fa8238644b082e48ad072d7246d71df460597
64b91c6254fdf78c4c299a34a5134395a12799300423a3e9d9668ea9a893
ca7fdedbcee836d2e6389a2aea6c1ebb05eba40f37aed631b581fb77ee46
e4130e34afc36dbeaf13fffe3bb63b8d999cd7dc50f4891dd4ab71b8ea85
5ed449f8cb0a75ee15363a1f0d05de113f71388eaae237b8a3e639edbe9a
b41ab144875e844cf174fa3ec36a9e631e13ba1fe8a42ba4f5746cf3d378
05a6514ebbc3e6ca359946d6da1a413969f9a24a537581c9545360fa8955
8faafb09758fae970f519a3a3575da726153bcf3773b9d38901e18743885
477d86c11f18ddd079d78ca97439eb45275ae5cb92e0c2332637f0d6842f
3ca6684bc5a8ac3a579da76c24ce591d363aca4badf6d83a1e79297354b5
c7e1e8b8c7526e1a6ed0dcd51db750ca1e5d27efce61dd628fe65617476e
d2081fc0914735520adf2029316c87a4bb9e64933cb3f03d32eaed3ae975
b21d536e44753231bc3a79dba5bef509de79c987dcc13b2c1cdb7153e5c8
ebe29eaa8393d27a841b74a7a7dee346464b3cf296cbfdbcd0b3a0d0be91
269f10451d473fb36ce4fa142a9f4e0f7783af18a509f14e45796fd0950b
3fcb44a42769724b2ca387a1a35c3c6ee24d48535365d4971f8112912ff1
828f53bb7a7b17e5755dc05e780706523b7f459796e5f4548a1b3779e0ec
34bfc39d592027a2464a0d1bba69f99dbd068f7cf31de5b967e76b63d4b8
e6477bb51d48ed220e163884bbb831d84f0a1dee6a5f4da7371cd8253ad4
4aa5236aa5d4f05874fa9580ffcd6f01448d46d417fd69a77dc73f3acb56
ef6d4037cacd419cf5a33cfbeb108760b9ce86535021fcc6f07f11773ff0
714df9fff83349daa45a150441578322286626ff261499fc6bda266d9a9b
a66995c96466924c3b9999ce9d34992a82a2280dba044550842d82a26c51
144111d46e97a2281b7489dd2e598adffbdcf76b2673cf4caaf6fbf93dd6
ee5bf29c73eebde79e73eeb9e7fe9918fe5857d0fc12f712b7537b8e14bf
9891f498de1949923614f958bfa1325fa0d4ee688e3c930d2d3646bde5e3
58a2c6cd6db586f3d8c4fba1f3b51b5f5a49ab8d36e925526b49b55f3bc2
a39b99ef42b58b7f5ba7c51cd37bdbce086bcf73d09544d035e246ca1dd2
ac39b20da99e221fc7afa7e11b68c3773e8d31773d0b7efb167081769790
6f2df23355fde9312a5d5f94a804ddf1552046d3c80b12c662a3eef50853
1e5db838b51b37fcf2a9d35896f7dfbc30a13438e28cc2511b974a3b9c30
f2515750d3ea8f7b1f332a21c46f0bc46c773883f49a4cbbd2a49bfd59cd
0dc57495cd8926639938aab5670526e39cea8a6ad7e256972aee4a04dd2d
2e5f6b507b9c40d7328a938f811197c86e0d78e88a8f3a87abcae7713b42
31aba051249b16a0d987cf68ca9fa90c2f5c2c962a35d62ace70858eb819
8b4ad36571e16d33591a7d81f29a9aaa72979d8e68ad7243da3b1834bb29
dbeb4ab8afeb92cdd41dc48b5c34b4d106cce6b66677d0250666976af53a
67badac46d1d35d27df7b26ceccacd661b1d8ee266da4ca53410f0056a7c
da8f904ad36b9b9faaa3d8588c2bbde8e5b4da32e536ba3d2efa6dae3bd8
2c1e078b3966b32d5e4571fe025b43c04d5716353e7e064d17ecc58a2f57
ab6fdcab8b59c86ce64768d4bdb527cebe16bf4fdc3d15936c25fe2279fc
b8893234edb53cb1d5c11f7be58f734aec41fb48c5cf9ba988e438e5e7c5
b2f36cad5ec7f0e3194fa8485b4b59c0d732bc1eb13b91555185c73425af
6c66bc8f69a29f2f3a74e480708bf72115ba028a5b24ca6ee16bbd9aa885
862f5ae2e4f768eff78b97ae8b83f18be6fafdfbe91a713fa3e774b169b1
cd86cfe3b69bab56290f0f3871d26687d39492e8d4d2111adb64a6a2bbb5
79305dc5a1cd15655f16b5cc5478d08ebfd43e561f8d22516b0a57a0b4ae
1cfa69b7b86875a295c5c043c3bad67f9ac5332bbaa228455ae44d43690d
c319725a838d96c8e03262366e14c5be2f354103acf6b676b822b45aa523
4f112f73fbbcc5b1fb225efab5385d1e5713359ab598f785066b5336c66a
950605d5554c674add682ac673abc92c5ed328c1d2e22d90e03cfb8cffe5
a66b5ab58d87f49565a136a5b3bd76fae7315b35bbbda2bda461dcc6e710
69f96c3a4a313928b6ab2ef1c6b757d56e8a8a31d31ea011c167a2aec372
ab3e2f95bdd513acd56e9d85862f40a5f56ab590dbaa52c1cc46ea97beb6
0a9faa8ad70be9b4212a2ddcb7c468abeb5b36a5216e49a3dfaa9737aee6
6ae79f2add02666364d74a869fce2a8a785372a65211278d264622698eea
0a889b1f0936c5e5d01e663b9d91df8b7dfe50a53de868a6b2463e146d15
a4fc8bc8d66030607538c4cddee10f141a2ddd0ee428f6d85535ead7a974
c51e703baae8d7365fc0c929da362ac40d6ad9b3bc584fb5f6be9ba845b6
368d60dab497f4e82ced0f4510a04252139345737a69621d7469d74d5a32
7d6ca302d039dd16087a851ccd8bd4e0229bd31e68736b1fa822b3f8d8d6
68777bf49f34b5da45c96d782cedf6b883211b9a9a32b8c4069c6e9a7fd0
5ed868e32e5b237de051432d09b64687c727cad5e8a35336fda019bf53fb
213e535d2e5ab431e8f2d016c5fbc73e1a785b5c2d0eb167f493a64f09b4
6be2764b824d551d766fa336911cf90b5b6216dd503cfc05ad62a3c3641c
fef65689b13a28e6d7467caf4b3cf42dc5dbb558a9f81a99b4d2c8caf493
fe7d58003363e48c14cb592bbefc4147a2dd13f57af1f0056a9cfcf2dbc2
51fb18fd8af07fb3a43ad292161b9d30a8f9b41775a83b50cbe6e3fde67c
955f4dd1eedddaf6fa3ea0c841d3fc72ed176d4fa7061dd51e42b1a7d55d
39ff7fb9f5a6ffe9d6d591b61ed54223f6205c02c749a025a8773b6cdaf1
2426e2f37d6254d13e6b519b1497389a34f9fc419beaf234829141041223
b20e56f15a256772f200a57529ad20b8e6576af8eb549669e29530ca1efe
a0a881bf0d4bb3aa7c6764be8437c79492c8771e82cec871409f2eb6294d
ed0e7e8f74985a8f55cad5d291bf91aae5984e87993a37727124be50c39f
675b6ce27567bab22e6d0fbac49d22ed1e15ed01b58b4a4542b94cf962ae
53ec73bae6d0e1aa3de4cb77ab56a578da34657a91df56d456e4360d9777
ba325be5c141994113a3709df0989327be24e47216a82e3ad96a356356c2
0595bf30bb303cb3a273ab2be010f5ad289149a2492b144ff85453ae7890
e26e12efc16973a8da909a4353784b2dc6045a20dedb768a22be84881723
795d4551efded1527e51222aa3b842c554cf6c0ad79b12fde2dfdeaa4989
ad2625bcb78a6ee578b732f24a245560d437a1f89399fc83da1ef5ac0c57
b9a27854ccdca9b222bfaa66a3b89fc18fc4a9d82e7b8b3846234ba9e6ec
626a735f0b66d07cf1eb8ece22e6d86a73a4f8c476876ace15b31ecaa5c6
2c38fc62805263328b47f5e1a3c128be53192a4303d7441d253625c8df5b
a503a6827f52ff363ac4dccc11acb4fb438a3d147952a6340ddff09b5157
3a03f3345a84aec0036a30b78d060f57f4b7f1e862ad6486783e30239235
4ff5896f089a1bc4aa87f34e15596dd692a03ebb323bd29fb5bb77d17336
6b11e78aff0552ded979d82dbbd9c24313cd7f8b5ac597f5a8d3f0c9504c
d94cb934e175b7b4b684df6c558d7936ad6353f7145f5c71879fa52bf65c
6d2626bec2ce0e5f725059a9094a23ddccaebdf75014592ea47d22ead1a1
fbfa5cb5ba94bf5417693e918f3a9b521eb90bc51fcd50a355a9538d4e8b
74f2e8d4122dd594c3fb5915f0057d0e5f7456c5ed70576a68c80bfa9a9a
3cae104683063e221a868f08377fe21e3e30dcbfddc5dd7bebcee14c1ed1
21b5ee358d86cc76ee635a8f16dd4bd72123fdc613ee91d17d11ed25d254
3fcd260b5aeced8af8854ae1a359b0b8e3c907bef806265d3dd1b995aa47
db9e12193eed2193893228c8203aaedba698f505892a47cc68e289e9d328
4e6488dea782c52988f8bb0deec8b58e47554d795a9589411847bce8cb54
77988fe68841a2c8187e3f8d7a8652592d520af87bb8568f87ab3bea6bc7
4a8dbeaa17a3fbabd26bd98a1af59c9710e917c11c2f0d8cd10d1319995a
b913b50e676e554df965ee7697537b81419c4a9ae80a005d74a9c947475a
7bf4d98bce2e165ceb5bbd219e18d7f88a8ca1903f54e7c10d44d59863a6
0b0da7c7dd6073abb3945a5c3f062b688e119c15d0be39e30de26367a931
244e24456de28c82ff711defdb97b417c6665587d38d2673f457c68bc36d
c3dfb92f35b65bcb86e726d25a4a47f822f0485963be081c37a3fc3de578
99e45e2da7c77e8f396eaee8ef06c7cbb02f5f3a8e5d6e9fbeaa1c6e155b
e48f92883b2c8a9bcaaa8dbb288fc9c603d354f13e554e53c0d746330537
1275cf97f844136766149961b47bcb46c8622d12cfc1238d1c93cec758bc
5957d4c81fef708f73ac8d9495e7fc74bce1a29dba7e195d79b7065c365b
8eb8c19e23eeefe7367aec4daa9a3bd345e3f42caa027e6d912ba9d66635
97d3319b37878ed46c335e0d1af93c50a57bcb5ddc4741b398f37453c4f8
5f8729a6a3ba9dced3bcf222ed5bc15173a1b2ffab358d3095dbb74d8cf4
cd9bdf586a9fbe6853a4fba20dad71e4412d7a040bb74a7e6442a49b0a69
1d8be72ab6227fb0a82dbc9b51170bcabceaa5caecc81ffba0d358f8ae19
373cfa127a895e33a381db6c18ee237fff47bc412b2e30a959a20ec67df9
531e0be59c51432d3fe50cff8d8976baa88b596f6ceea83f332196088f64
7b5b26fa44106713a5b17f83234e9e11fe02479cac91bff8119b16efec19
dd6a54d8f87ff2e2bf59d3defe24c67fb542dd1fecf8afd6d01e1e53a9e9
f4136a9a0d681d31e4e71f41fe117288fb0536553c0dd64e70dad1806f44
25f0e77cd8f0dc22fc5183abc9edb53a685ea6463ed266219cad3a7c8f23
5e12dff0e014872fe0d3bef368e5db92fca9786b93a8ddda0ddf1792d2f4
c5c117698be9c88ff311e52dc61d634ea3f1495f76973828a54237d10956
557d0e371d0ee2354ad138a22073dd416fd4a2ba6c35217f9cf452afb8ce
525d9534fab9abec218f4fdc9dd525d7d89b141a15e914c1c9b8a11d9d4b
14113782221f96f9022e7793576cb692ead5a9ddb98ea4e20659d427919a
104fb7e22c11498f9f262697b4a9e80ffd769a8e8b0fa36ac81c9581f72a
e8f3c659a358ac28546917399ce271c134aff6ba6a7bd0bc4fb9a64556aa
fda986e885d00835e2c415fe588cf974f269a5eb7ca92cbea8fe15d0f782
80aebbaa1e5f9baea78a9b942e3460bce68d4edf5b03b77a17797d6ddeb8
478f94165d1e1eac752d16a98536b7c753d34c1338ed4661099e1c18ada6
ecb9bec022f1cca54c4c6d30d7da5b06ef6f6488fbfdf7a8fcd9b37d4aad
b1284fd10a3acb94ddaa8abf8c24cec074cc88bfc210fe5ae9c80bc59452
4b37995abdaadfe5d05e758e3c2c9573e18acd67ca9fa50c3f42a17edbea
2a8ee42dcdb5ab21af23577c17c39fbdd8a7f2cc2f9fbfe72e1ee219ed26
5b83c956265ecca089b5b1445bb9f845ae9050a8ae2858b62f1bcd6bf2f8
1aec1eb13d6b437895c6a9e1bd8edc8471584d74daa35ee07296e28bf78a
c315b9ebe3283699f1455d6dbe64696cf56ae7364ad1eef92a0e87f633ea
355f4aa2a981dadae22ae03ffba05dfe78c3374b1dc5a836c75453beb86e
b68aea89dc49734c15ef5189271bb896764c359bed6d7637f5034fb54b7c
a74dbce8605717a9e28bfffb94078f671d53b911e8179a9315f987afaa1d
532dfa993e9de6a2561e3f31b2568b34f5a78fc2bb5899a736db03e2ebb0
95e107ee8eca4822d57ef812dc5125f55efa24b2c4f02c4dcd9da3dd1cc6
2d104755f882265bccabc41e6bdfe1a58bc5e1ba2f70ab98ed6a7f2e6fb1
adbdc5b6d8d6421b17cfafe7b917dbb84296ceb3d79506e7d9558b78c6c0
33f38031fc18f7ffd72d88aa0c9fb7873b9b4d6bd2b82962c80d2704c365
a253b81a0cf842b109c3b3f2e8349b3d7ac4d53ee1571a751f615ea0fb8c
7ea5832cc136ab687ab1adb8c2aa28b649b6e8f70e6292c4cb63516f17c4
a46b67e1984fa72bb3662a349c8ba26b3b1e93433448cc87556e7fec16a6
29b32c794693784ba64c9c4f83d469633295d1e5299d11698e26a7c50c36
b14569e6a7c3fcc8c925267d36ed1d3de4ac2cadb18673db6a82c574cd6b
d3de160c4fb974eb8b9b63925ae4a37965f88fd2db120e163f1329921336
7c934abfda5a9a6d18596dcddacb7a0963c47890b07f424f564e4e795a72
95f897882c4b5a72614efd464387a1645b6273167d9045091ca9993959c9
257559c9e3c4bf768f4a77666405dba7d44dde919895b532a9d7100c6e4b
76ae36ac3b6c9321276b8a67637207adc723fe55e2e949dc68989c9e9e9e
515865a1ffef1cbfda5098d5de332ea33dab23a9d9b2a06463d2eed1db12
bb0f5997983a2eabbe66b5c1d33e94b8c1d093bad250526fc932a66e494d
4e3626a77ab626761afa53d2d71f3c797279fa1a43a7a1396363e26603ad
74c5e8befdeaebdbbb533b0c5b68a3bb0c7de3fb53561b368fed30aca685
d626ee3494a46704b3b24afc6b0cfed586fafaf5863ec326437a7b47e256
c376437b97c1e3e934d4d4746b1f1b873f2e2c5c6da8abe8d43e1e37fcb1
3f6a25937f33f740521795aad053d265a8e948dc9db4c9d0378e2a27b99e
8a66e84999529895da79444e56b030185c4dd55bbf31a5db5053bfdab06c
836175f27243e6aec49a9a214330abc7b02ed1df3daa7e77d2ba51f57da9
3d861586aec4e5867ec3504a47d28a54ff40ea7283f85f9f614352a721b8
c7b02da97b94a7cbe05c6bd8283e5833aa3b7173f226434df3d6a4c98593
3727f6d31a6a829337256e489a1c9cbc3671ad81aabfa633b1d0b22379f2
842da34aea97276d9c903a696d626647faea03d327554cca0c06778f2edf
9356be7b74fa20ed577a7a0d356efa0a43bdc753529296e5c9a9df9dda35
3e6d5be2cea48d86a1c4cc6066b06bec5a436792bfb0a2c75093b9d2b027
a56beceed169c1607ff2d0e8ad29fd9925391b0d5b12571b3a8ea60f5724
af34ac481ea0b2f419fc856b12c56ffdf45bf44f91b229396d75dafa316b
93b71bf688da5d9992b980561eacdab01fada57ea581febf8b9ad599de4e
e5cbec485961d86848ef4a4cce49a6ce3860c8c8c828b44c9932a56267d2
9429858585e9f4418625bdbc7ccae46463a761f204e3e4e4712b13d3b718
7a93961bead61a3618ba0cf585f46b5d30a739186c1e97ee193769d2a415
a357276e1a3598d293b46df484ed8609eb0d9d89a25a2a322aead22bba12
fb92d24b324aaa4ab4df68cb9ba8437653e7dd397a6362d7e8fed49d496b
5226f41b26f4505fa89b54e749af18326c1239571a16ac34d00ead340c1a
d23de9f47fda993a67615aa7f8b44324947b4ad2829ecec44eaa13d25a43
72727246f9e4cea49aaed11ecfa6c4aea401430d65294913ff0bee4adc61
d89e488b525f080ed10e55f41a6aa2239816dc9ab83c39181c4cec306c35
94a4d152cead5af6e05a3ab49b83fe1d62e3c1fac29da97d293d89f52b92
fb939dceac60566a70351d6b850bd68dd99844394419870c1e2ae356c350
52564fd2605279d6726aa9e586d4608fa16ed7282a46d586c460fbb6a40d
864d89a24c6219b1f2c242cf948a5d89f46b5685e8ac25eb0d35599d49fd
869a05935724114a52699098dc9bb4937e5dcfd161a8ef352c28c9f0043d
7d86d4d589a91dc95da369281c5d979070942121212b9dff7b1ea7c00be0
5ab813be08de06f790c7d32f03f0fb5a7a47c22ef87be49f7208fbd8796c
3f5c056f802f98c7ebeb831f43fa16f87d38e150b6613ebb1cce9acfcbd7
c175485f005f052f8737c21be16fb0fc16f8c47338bd1f5e08a71dc6be1f
2e815f3f87f77f2dfc055c9f81ff5eca02cebf039ebb80d3271dce0ec0cb
8e605f83fc3be12d0bb87ce38e64a79f8bf2c067c3167821ec87ff782e2f
df05bf8af43570d279d85ff84c386302bbed3c5ebe107e1ae925f077703b
9c65636f826d36f417f80ea4ef82df8377c363ead9e97f4079e07278713d
afcf0f3f84f420bc13de001f61477d1d85fe67e7e52df02aa44f819f81cb
e12fe195f0210d681fd8da80f699c85e82f434786d03b76ff231ec34073b
039e002f8357c0abe1ebe08df03db0f158f6c70ede7e0f7ca893d377c2a7
3b397dca24763dd29be1dbe0bee3707cc383f0234ef487e3713c627d6b4f
608f7371fe9a2c7626dc07e7b850bf27b2cf43faea93d15f913e04df0eaf
9cccfe14f92d161cff8dec21380d9e5cc03e12ae8127c19d705123af7f0f
bc14e99629ec1be00df08670fa99ecbfc06be1afe14967e1bfabd4c4eb5f
0b9fdac4e903702dd26bce661fd68cf62f649b9bd13fad6c1576c2f7c3ed
f097f04af86437bb1bb6c31be0ebdda86ff825b8bc883d84fc1df0890b71
3cc30be0b4621c3f7039fcdc42de9f75d3717cc38533d8898bd81df078b8
072e58c4ebcbac40ff407a79357b135c0f7f0d6f837f5cc4e54f50d8133d
d85e0dfb2c78005ee0c1f6e6a07ee065701fbc094e6ae1f52f9b8bfe040f
ce675f0c972f4079e18146f6af2dbcfdf466ec9f973d017e0fce827f84ab
e0b13e762f5c0227bbd90eb80bbec1c7e54f5ec8fec887f2c3a7f8d9bb17
b197c1eb3c38bfc15bfd184f17a3fe17e3fc0eaf8567c1c901f67c780adc
b498cbe3846f8057c3cfc16be03df0c0128c27019c3f60373c08df0267b6
b13f8427c1f92a7b327c8d8af323fc7778573bc6f720ea2bc45e07575cc0
3ebc955d0faf6c45fb5ec1ee860be1f5b0077e095e0f9fb504e327fc24ec
5c81e3a50ded05bbe10557b237b7e17c0827b4737aef55ec52387835fb6e
783d9c146227af447f0a61fc86ef427ac92ae45fcae55bb99a7d30bc0b3e
76292f5ff1479c1f97f2f29be137e09d3763bc3e1fe3dd2decf361e3adec
77e05ef8c465ec356b70fe8077decdcebb80b7bffe3e9c4f2fc0f1d9c31e
84c73d84fe7b21c653f821b8fb61f6fe17a13cbd6c0f5cf308fb45d8f228
fa4f07c677b817ee84332fc6f807e7c0131e639f0997c0d32fe6f57be057
2fe6fdeb85bf47feccf5ece32fc17c1756e0c98fb32fbc84f36f821f8433
9f606f47fe0e38e55276ce93385f5dcae5d90337227de306f69b703f7ce4
729c2f9e623787fd34fbf1e5bcbe097fc67877197b085e0cfb37b2ff7a19
2f9ffa0cfadfe5e8fff02c78077ce5e5bc7ffe67d9afc09be1515760bef3
1cfb6c78031cba02e7c74dec8d482f7c9e9dbd02f36f78153c007f1df60b
eca957f2fa36be88f105eedacc3efa2a76da4bec1bafe2e57be097e101f8
7b38eb651c4f5763fe08d7c2e9afb0575ccdf9ebe127e04178e7d5983ff4
a1fd56727afbabec2be0e5f036780f7ce235f06beca5d7f0fafa5f676f85
d76dc1f8772d7bd21bec9e6bd19fe0f7e1c96fb2c7adc2f9029eb20af3e3
b7d87eb8135e8bfc83f056786d3f3bb913c7d7db38fe3ab1bd77d80fc075
f01eb81f9e791dfc2ec6ffeb305fdecafe09ee780fc7cbf5e8dff0dbd7f3
f29d7f61ff0af7c3a7dc80f9d75fd9f36ec0f917be12de033f85fce5dbd8
9fc3dbe00357637cfb1bbb6c35fac3fbec87610ffc33bc139ef147f803f6
cd7f447fd98ef1155efd217bee8d186f3f623f7b23ea1fde8df4953b30be
dc84fef0093b08af859fb889f77727bc19e9559fb277c0abe1cc2ef6e4cf
d8ce2e8c6ff07548efd8c97e010e7ec1fe179cf3771c5f37637ef00ff61c
780f7c79d8dfe27c0e2f18640fc0bbe0c36f417ffd8eedba05e7937fe3fc
0607e1afe0f5f0985bd9dbe1b9f04ef8855b79fdbb130d9a53d7707a5612
bb6a0de69bf042a46f861f407a72327b1bdc0e8fbe0dfb03cf841352d8b7
c0bbc7b0bf806bf6639b6fc778379ebd0cee855f83930f6067de81f902bc
141e82b7c2c134f6a9dd5cdec907b2edddb8bf7130fb19a46f868fbd13fd
0b5e7127fad721ecefe0b5f0fcbbb07df88ebb78f9c143d96fc0cec3d8bb
efe2feb7123ef56ef4af0cb607ae3f1cf50ff7c30377e37c36813d662dd2
e1f3e0cd47b19f84fd47b3d3ee417ed80d671ccf7e0bde0417dc8bf9d309
ecbbe1fa2cf6b8fbd0dfe0f9f7617e7b22fbbefb787fd79dc2fe18f9279f
c63eb207fb9fcd9e0baf856f80c759d81fc19df049f7b3d30bd84beee7ed
75c16b915e7f3afb2f70c6141c0f0fe07e0a7c3a3ce14cf6f970c659eca7
e1c1b3d93fc39d45ec923fe1f88757c1ab8bd9efff89cb37041fb80ef3d9
1276055c57c6be021e805f80174c651ff420fadf34d43f9c31837d2fbca0
92fd3d3c61267bfa43e81ff057f036f88687717d5fc5de006f83fff130b6
379b3da917f357b8a197d35754b307e13a853df511f60ef8ae4778f99c1a
f417a4f7c0931fe5f4adf06c38bd961d7c94f36f998bfa42fa103c88744f
1dfbacc770fd0cdb1fc3fc6c1eca03d7cf67ff1d5e0f9bd6e3f838877dd1
7acc4fe03be1750bd82fc2bbe02fe149e7b20f789cd7b7dc86fd791cf37d
f881c7b9bc5be03790ded5c0de036f87273e81eb39077bda1338be9decfd
9e427f0d607d7fc678afb28fdbc8ce8243704590fdc146d4277cef73f085
387e5ee0fc0957b07b5f085f2fb30f79916d81abe0e5f02d700f9cba397c
bdcc7ef325dc6f58c1ee7a853d6925fb09786035ce0ff0da2e76461fe62f
7008eeb9855df63aaee76f65df0ad7c06fbdcef5db0ca76f41ff81af87fb
e143dfc078092f8587e067dee0f58d5bc39ef0267b357cd69b389fc317be
89fe791bda03e95be0ccb7d869b7b35d6ff1fa6ae00fdfc2f91476f6633e
06ff1d1e82cf7d1be3f71dec77dfc6f90c4e7807e7ffb518afe18c3fb19f
7d17f30ff8a0ad987fad6337c3ce87d8cfc3990fa3bfbc87e3b5977d19bc
015ebc0de7fb4770be862be04f3ec0f8f324fbb0ede1eb598c27f0caa7d8
5787d3e197e0294fb377c22be0091fb28d7f66d77d88fe0cdf07af855fdc
81eb978decf19fe0fcfd12fb9a4f311f7c15e93b397f39ecfe1cd77b70df
17a8cf2d389e06d07e6fb1777c89f1f15df6c2af71ff6127f60fae878fdb
85f317fcf43f301ffa9c5df92dce5f5fb03f1bc4feff1de5fd27e6733fb0
cff817ee3fc0a7efc6783fc42efd37bbf74776dbf7bc7cc9cfec077f60af
fb85fdf510caf32bfb941fd1df121235fb7e42fbc08fec61f7c19fff8ce3
d1c09ef02bbb22897d0efd5b3bdfc3b71bd89b92d99f24b28da3d89392d9
7ef89c51ec6da3d9b78c662f4b617f98c2ae4865678e616f841dfbb1f7c0
b78c653bf763ff6d1c3b752cca3f9edd0fdb0e60178e63df95c6ee800f3a
08fb339ebdfc602c0fff92cede7928d20f65771dc93e3003e5fd03fbdec3
917e14fbec23d9ab27b2b74d60a767b217d3e0a18da7f05bf08e63d9ee89
ec8449ece44cf602b8045e06371dcd4e3d0ecb1f8374f8de6378fb5be093
8e65279fccee3d96f3a7c3ff8057c07993d87be020bc6032fb677800761e
c7de742afb4678f269ece7e12e7807bc073ef678035fff1bd995c7737957
c05be035f0ec13d8bdf013f066f8c713787d3be1a3b3d09f72d8e766f1f6
77c1d7c13db9ec7ee4df084f3a91bd358fdd7122af7f1bdc038fcb477991
3f0ddeef24f624f8ec93787b55f052d862617786d3e17be166f80db8034e
3e19f50f57c243f055704e01fb4dd80f1f3199bd0ebe041e82bf81b79fc1
ce3f859d31857d055c03f7c1abe1b453d95be17a38fd4cf6dd7016fc77b8
10369ec6ae83db603ffc38bc021e6b447dc0d3e1adf0f9f084b3d80fc14e
789c89dd0dd7c05be04be17e78139c7036fb5bb8133edeccde08cf84b7c1
d7c0a985ec97e11c7810b6c029d9ec12b811aeb262ff6027bc053616613c
c8c1f853cc76e5e0f82861af45fa46784c2ea7d797b203704619fb03b817
2ec943ff9fca7e300fe583df47fa56786c3ec68b72b6022f8797c343f09f
c2f9a7613c8157c3a758509fd3d98be065f02d168cf7f05fe141f857e44f
9ec13ea100e73bf80a7819fc12dc0d279f8ef1082e8107e0267870268e4f
38b90af5155ebe1ae311bcbe96fd2f78411dfbd033907e0ebb005eb780bd
005e762efbc23378ff569ec7ee3a83c7af4936f467d8027f8ce52be05153
70fe834f867be1d9f01eb86d0ac6877af6d5486f861f81d7c37f85b7d871
be99c2e559ed601f7326a7f7c033e05d70104e76b26f83cbe197e12ef85b
783b2cee8308ef76b1ad67f1f63736e17c0bf7c3d7c13be1a7b0fc10fc01
9cd68cfd390bc7831be3efd9381ee13970c7421c6f6763f94538bfc2412f
fb69b8d7c7fe08ee0bb0130b71bcb6613c82f7b4637c84bb96b1bdf0f20b
d8d7c3e51762bc8577c1dbe1928bd84956b42f7c12bc099e6dc5f1db81f1
07e985f04a7825fc18bcfc628c1f56aeef924bd90945ec3a38b308f50727
95e0fcb91ceb2f65ef865f2e43fecbd0dfa7221df696e3f8bf82bda61ce3
13fc3cd207e1ffc0c92bd8274ec3f9129e390dfb03df8cf42e781b9c7c25
7bf4749cefe049f05678063cf92a8cff7027dc391df35d785c05fa1b9c56
89f55fcd5e07ef810f9a89f495ec6be141f863d8790dfbc35948873fa8c2
f9eb5a6c6f3697672d7c1a3c003f598df11efe1cf6acc2f1a2e0fc0927d4
603edac9fe021eba0ee7bf39ec35d7b3cb6a31dfb801e31dec8787e0f4d5
ecf973d17ef04678027c4c1d3b13bea18ef7c7023f0a77c0c7cdc3f80c97
c0536e64bf3b1fed07ff00f7dc8cf1f61c94ef167605dc01fbcfc1f1762b
7b155c771b8eff7371bcdd8efe7b1eae5fe01df03638a31ef50b57d5e3fc
7307db0777c33d768c47f02bf06e38c181e3a39b3d112e87eb9c98efc197
c35b60830bfde92ef63238e36ed4171c5c8bf36123ca0fbf0037dfc3ae6d
427f81af833df7b23f8377c00b9ad1ffee63bfd7cce5efec61ef86b7c3b9
0b319eddcf5eba88bd03be199efc00c6370f9687277a71fdfd27f659f032
f8221f965fc7deec477f8377c25be049012cff20bb59c57c161e15c478fe
10eaa315e76fd8bd84dd07a7b4a1ff3fcaee8557c3abdbd9edebd9e610ea
1bbe2884f23dcebe034e7b829d773e3b137e7d19ea03fe1a0ec2975e88f1
197e0c1e80132ec2fcf64976135cb101e7577813fc1a9cf314c677b8072e
ebc0f24fa37fc01d7000ee81af83d3fe8cf68297c3132fc6f90756e0ad1b
b1ff70fd33ecc32e413a5c0b973fcbbe0aee813f87d35f61575fca9ed2c7
7e0edebd05e3015cf706ce47cb517ff00478273c1fae7b937df572f447b8
ee0a5cafc11357e07c039f03afed67df04ef84bf850bdfc6f9e24aecdf5f
d9a6abd05edbd8c957231d3e6025c68fbf613cb986bd19fe08def83efba8
6b71bef8801d84d7c05be13ddbd96b56a1fe3ec278b08af77fc2c7ecf44e
6c6f07dbd289f9efa7389e6ec0fae08937707ad6e7ecefff88eb39f8de1b
515ff03370c517285f381dbeec269c5fbe645bbb30dff80ae301bc1cbe08
de0a1b6f668fdb85f317dc01cf8387e05d70ff3758df2d68ff6fd907dd8a
f16490fd385cfe1ddbb106e32d3c0837ff13fde936d437fc34dcf12ff6af
e174f8ecdbb1fc6ef605700ffc3c3c007f06d7fc9bfd13dc092fba83bd1d
de0397ffc0bea61bf507df03970fb1b774637e09ef8237c267dd89f1fa3f
184fef447dc2dd48b7fcc8de14ce0f7f0b1b7f621f7317da17b6dd85f908
7c113ce567761f3cee17f6217763fc81a7df8df2c28fc303f07bb03f2149
f3996b713fccc0be1f6e875f8537c2c17b70bcc0d7c17589ecf5f7e07a19
3ee85eccc76133dc9dccbe0a5e3e8afd05bc0d1e7d1f8ed7d1ec62b81f5e
0e4f4a61af859be1cfc3cba7b24feac1fc129e0f0fc24b7a387fd518f68d
70c27eecb1f763be051f0577c339f7f3fa36c08df0a4b1ec1be02ef809cd
342e8e636fc1fab6c0df237d2b7cd00368cffdd9a73dc0e983f002a40f1e
c05e0aa71ecc7e48e44f121d8ffd119c09ef810be1c3ffc4ae87a7c01df0
2cb81b3e1fde04df09ef809f82138e657f0867c2bfc285f091ebb07df80c
b8033e07ee8697c19be02e7807bc114e98c47e0fce84ff0117c2fb3f88ed
c3270a27d37806cf8457c036b813f6c237c217c1b7c33df003f093702ffc
32fc04fc57f859f82bb80f1eff10bb1f3e03fe0b5c0ebf0ffbe19df05a78
305c3ff08ff0d10fb3c71dc70ec147c197c3c7c00fc193e14f610bfc4ff8
2c38b9975d06e7c055f00cf83cb801f6c04be1a5f0fdf025f0d3f055f0f7
8fb2671ecfb63ccece3801f5f3247b1bfcc953ec7bb3d8876e64379cc8b6
3ec37e199ef52cd677123bfd39762dfc2e7c2dfcf226f6a770c20ba8bf93
d97f84cbe1152f627fe117e015f0a59bd92fc0d7bdc4de038f7e95dd7c0a
fb962dec8f4ec578df8ffa36623c7d17fb67625ff157f6946cb6fd6fe87f
70d207ecea1cf6d9dbd977c18fc29be09df09bf0911fb2b7c3e33e427de6
b2cf828f87df84cf82cff814dbcbc378fb197b7c3e3b65273b0bceff1cc7
37dc0c5f0bbf0ddf0b7bbec0f1073f006f83f7c05fc04d03ec1a0bc62778
3e5cf4158e4778e06bf6c2029cafff81fa851ffe06fb7b3a8ea76fd96be0
f2efd8c967b06ffa27bb11fe185e0617fc8b7d0bdc076f86b7c22fc39fc1
5be059bbd95be1e7e1ed70dabfd95fc10fc1a3a7a03f7c8ff101fe162e83
cffe01c72bec816be02be1667833ec87f386d8edf022f842f806780dfc39
bc163ef83f18afe153e18df0c5f066f85d780bfc0bfc0e9cf1238e777806
3c00b7c2dfc0f7c0bbc3f5050f85cb0bff12de1e9c7c26dbf4137b3fd809
a7c12a7c28fc2c3c09def033c62338d390a83907fe7b22bb0fb625b3a79c
c5de0d7be08151ec207cd068f65278227c213c0dbe1dae83d7c237c3ebe0
cfe0f5f01e78337c760a7b0bbc06de0a3f097f017f057f0f1f33865d7536
fb35f842b8683f7637fc2afc327cdc58f6fb70d338765e21c65ff874f862
f82cf85ab8085e0397c1f7c3d3e141b80ebe667ff632780b7c2dfce978f6
36b8e700f6a156f6ba34ac0f5e7e207b0dfc0ff869f8d083d82fc033e1ad
f04bf0207ce0c1ec8422f6397006fc877476355c082f80fd87a07fc0a143
d989c5ec4d703afce461e89ff0980cb4277c29bc06fe1bbc0e7ee970f610
7cc71168af126c0f2e83ab8f647be175f0e570c20476175c0adf0bcf871f
85af8637c3b7c15be087e1adf01ef80bf8a43fb0f7c053e1b452760b3c19
be052e829f806be03db0131e7314bb192e8003b05d78149d7fe1f3e115f0
1570277c1ddc05df0677c37f867be097e05ef82d7803fc01bc09fe12ee83
13270ad3f5277c363c00af8407e19d1379f921f8cc4c4e4f28635f0fa7c2
df6672fe3a78dcd1ec7a38176e86cf8137c037c29be00fe1b4a9ec1fe10c
f8d863501ff0a9e4f1549e0db017de04f71ec3e5ed833fc6f203f077f020
9c742c2f3f0457c209e518af8fe5fca9b078ef4aac3f0d9e3209e585674d
e2e533e17be12cf8572c6f840b8ee3e52df0b9c7717a217ccd71bc7c39fc
265c051f783ce7af83a71f8ff6806b8fe7fccd7037ec8777217f3b7c7f16
fa37ec3909fd1b3e6e32fa379c762afa37fcf269e8dfe1f519d1bfe15613
da13decf8cfe01df026f826767a37fc3d539ec7ef835781b7c6d2e7b07fc
243c004fcb43fbc3c7e4a3ffc3a34e67274c631bce44fbc3330ad15fe193
8ad1fe7076193b137e602a3b0bde5dce36c2df4e43fbc3a5d3d98570235c
0eaf84abe09933703cc23eb81e1e809be11767b2fdf0e7b3d0fef0e15568
fff0fecf46fbc347c39db00a77c15fc3dd704635da1f9e07f786f74fc1f1
0cdf0e6f82b72968ff707dcf41fbc3edb5687f78e95cb43f7c431dda1fbe
721eda1fbe7c3eda1f5e760eda7f3afb413815fe0a4e83ab16a0bde16be1
2cf88073d1def04ed802a79d87e31d2e86db6137bc015e05ef80df803366
607c819b61b30dcbc3361beaa382dd578ffa80bfb4a33ee0390de83f9538
1fc06be0c7e13e781b9c3c939dec407f86cd70da2c760d9c011738519ff0
a370169ce2427dc28b600bdc0b17c27734e2f881df6bc4f8097b9ad975f0
a885387ee08be066f8be85183fe18145ec76f8e416764778fd5ef60af861
1fbb131ef4b3bbe0ec00bb1b5655760ffc7810c70fdcd98af1133e7a09c6
cff0fae13ef89a361c3ff0dfe06df00ff00ef8a876f417b81d1e841f8387
e02fe0842a943f84e307be1a4e833b96a2fde1a9e7a3fde136380b362f43
fbc32db005de0c17c2632e40fbc34fc155f0b91762fc0c9717ae873f859b
e1e32ec2f80937c0edf08d70077c2fbc02de7211da1f3eaa03ed0f073a30
7ec217c13df043c8df0b7f8cf40df0911763fc849d701ffcf0c5687ff81d
a46f834fbf84bd035e7b09da1fde080fc2c75e8af6874b2fc5fc6936fb36
3815fe01f9d3e0f1cbd1fef08ce5983fc157c159f01bc86f84132f43fbc3
27c0cd7039bc1676c3fdf065c2a974bcd8d8abe12df03a7810fe114eab67
4fbb9c5d02376816efbdb097c3edf03a7835fc3adc0b0fc25be08c2bd803
70219c6c6737c399f055703dfc28dc0cbf0777c23fc1ebe02357b0fbe069
f020bc14ce6860dfb382f7bf107e08ae80df803df067f01af87bb8073ef8
4a6aeffda8bf38d9657026bc1cb6c04fc055f09770337ce855b4fefde878
8415b80b5e02f7c277c17d703fbc03fe8e3c7e1cfde24279af6677c367c0
bdf07c78137c113c00df07a735b2df8233e11f60237cf84af632780abc16
6e8037c197908f1a47fd1dbe5338ad23615d337b13bc09fe502c7f704242
899bbd47389d8e7bf8f06bc88750fa4276be7006f5ef0eb68d7c1479057c
39d2bbe07b90de03bf88f40df0009c76317bff6b397f266cba96d32df03c
b813be18f9bbe11ea46f80fb91de07ff80f46df0c4559c3e0097ade2f421
d803575dc2be1ef9ebe12791de0eff15e92be0ef3553ff83cd9dec6ed80b
f7c06be15e783bbc01deff3af626b814ee83dbe17eb807de06ef8277c047
5dcf1e806be141f84a78087e164eb814c7079c0a8bf72685d3601b9c015f
0817c2ab6fe0fa335e81f327d2ebe01745fa04d171d9bbe17258bc67397e
229dbf9e6717938fcaa4f3c50b38dfc316d80d17c2ad70397c255c05df00
d7c177c0f5f0637033fc0aec87df85dbe1efe00ef8803fb257c05970275c
0977c18be0ee70f9e11ef82ab8175e0d6f80ef8737c16fc37df087703ffc
35bc0d4ebe91bd033e041e804be141780e3c04bbe08417d9213815be114e
839f8333e0cfe14c38f3267616dc041be1e5b0057e102e8437c0e5f0cb70
15bc0dae83ff09d787b7df85f68767c27eb81e6e87af853be087e115f00b
7027fc2bdc051f7b33da1f9e0df7c0e7c2bdf011b7a2fde10fd7a0fdc3f5
7d3bda1f5ed08df6878fbf0bed0f1fb816ed0fbf720fda1f7ee05eb43fbc
e43eb43f3cb607edbf997d2b9c0a57df8ff6879507d0fef0eb7026bcea4f
687f78036c84a7af43fbc3c73e88f6871d70395cd68bf6878b1e43fbc32b
9f40fbc38b9e42fbc37337a2fde1a9cfa1fde1aa17d0fef02b2fa2fde103
5f42fbc3e35e46fbc30d70377c29dc03df0ff786cbf70ada3f5c7e78133c
aa0fed0fef780ded0f276e41fbc379f00ef8a837d0fef059f020dc090fc1
a96fa2fd5f62e7c2a9f012380dbef42db43f7cc73b687ff8bb77d1fef0d9
efa1fde15bfe82f687fff357b43ffcd336b43f9cfe3eda1fdeef03b43f3c
663bda3f9cff43b43f5cf611da1f2efe18ed0f37ee40fbc3cd9fa0fde1f3
3e45fbc3abe02e780bdc1d2ecf67687fb81aee8537c01b60eb4eb43facc2
7df0ed703fbc1dde069ffb39da1f367f81f6879be041783d3c04ef80135e
46fff93bda1fae84d3e056f2f84cbafe806f42ba1f7e04e9edf0bb5a3acd
bfe0dd701f7ce800ca0767c343b0174e78857df500af3f157e7080d79709
bf89f46ef83b78084eff92f3a7f6e1f8f912fd173efc6bf45ff8ae5de8bf
f0d86fd07fe1d26fd17fe1c641f45ff8a2efd07fe1f1ff44ff8597c2f5f0
cd7033fc30ec87b7c2edf07fe00ed8f22ff4df7079e04e7839dc05af87bb
e1bfc03df09f77a3ffc2cffd1bfd173ee77bf4df70f9e03ef8f41fd07fe1
55f0b6707d0ea1ffc23e7800de040fc2a3fe83fe115e3f9cf02afbc41fd1
7fe1b9701abc12ce805f8033e1efe12cf8b09fd0fef075b0057e0a2e84bf
83cbe1897bd0feb01dae83bf82ebe10b7f46fb87d70ffbe1b1bfa0fde12f
e00eb8ed57b43f9c9e90c4ed0f7f0677c17f36b0bb61f19eaed6feb02189
dd0b7f0e6f804dc9ec4de1fd83fbe03eb81ffe01de069f3c8abd039e0f0f
c0edf0207c073c04bf0327bcc69e3c9a9d0aaf85d3e04138033e39859d09
9f0767c1b7c146f8a454b6052e820be1fc31ec72f817b80a9eb81fbb0e2e
85ebe156b8197e0cf6c3deb1ec7638771cbb03f6c32be057e04ed8ba3fda
1f4e1f8ff60f97ef00b43f7c601ada1ffe06de009f7a20da1f5e0ef7c1af
c2fdf08907a1fde1bfc13be00b0e46fbc3a7a4a3fde12fe121f85738e175
f6f187a0fde1d3e134f8433803befa50b43f9c7118da1fbe0236c2dfc216
d89c81f68757c3e5f0db70157ce8e1687f783a5c0f5f0537c3eb603fbc11
6e87b7c21df08ff00a38e508b43f5c0c77c18d70377c21dc03df09f7c22f
c21be0f7e14df00147a2fde193e17ef85c781b7c09bc037e181e80b7c083
e1fa173e9acee7f03113d8a95bd873e00cf86af2f86312128cf0d770213c
e10fec72b812ae8203701ddc0ffbe182a3d82be047e06ef8a889ec0df04a
b81ffe1ede019f9cc9ae7f83adc03be0f3c3e96f62fc0ea7c3df86d3df62
4f3a1ae9b002d7f763bc81fdf04d7007fc34dc09ff074e7b1bfb770cd2e1
6238ed1df6e2703a7c6738fd5df6e6703afcf770fa56b6f8cf671d60484b
10ff68c78f669ae7e0efb14ce0cf1313f0cf4cc98f4bfe51f2e106bde748
5e22f921c91f493e3851ef32c95ec997495e23f95dc9d4bc3ae74b6e947c
a3e43f4b4e4dd67b92e429926b24fb25af64a784bd913d2aec7f4be9e2d9
125721ff73bce4b347e997b749be43f24ec905a3f55e2879b5e4cd927f91
6c49d1fb09c939a97a3f2af92f92bf959c3a465f3f199273c6e8ebe775c9
5f48de7f3fbdb324b74bbe4df217920d63a5f549ae92ec91bc42f26ec969
e3f4b648f64abe59f227927fd65c1871f9fed2fe4b5e2df919c97f93bcdf
78bd6b25ab92bb257f22f917c9271ca0f73992af927c9fe49724ff43f2d8
34bd4f94ac485e2c7995e4c7247f28f927797b074aed29f935c95f1ea86f
cfe907e97dbee45b0ed22fffb4e4f725ffe160a93f4b5e2cf936c97d92bf
957c50badeb992db243f2bf9e843a4fe267995e47724a71caaf74992eb24
5f2179bde44f248f3a4cef22c9aae49b253f27f99f92afcbd07b83e46f24
1f7db8de73242f97fc80e477258f3d42efe992cf97dc23f93dc9c9474af5
25b946729be42ec98f4b7e43f23f251f3141efd325cf977c91e45b243f21
f91dc9d97fd07bb664bfe44ec9bd92374bfe51f25147e97d86e459921b24
bf2ef92bc93f4b9e3f51ef67242764ea3d51b255f21d92938ed6db29f97e
c9ff947cfc317a2f94fcb2e4e38fd57ba6e44b256f94fc2fc9b32749fd53
f2a8e3a4ed49be56f256c98392f73f5eef93254f97bc48f235921f95fc8a
e40f24279da0f7d192f3244f97dc23f919c93b24ef966ccc928e2fc98f49
fe51f2e413f55e26f97ac9eb256f95fc8de4e493f43e5cf272c9b748de28
f947c96927eb7d9ce4eb25f7487e4d72e264bd8f957cbae4d992174b5e29
f96ec94f4b1e905c758a40e170fd9fa24f7f5df2a7920f3c55ef1cc93592
5b245f2639f134bd8f945c28799ee4a5926f638f0bfb59c91f4b3ec0a877
8964a7e4ab2477b323d75b8f487e41f26b92df91fca1e4cfd9c3d7f3267d
fa0cc9f325bb255f2df94f929f97fcaae47725ff5bf2fe66bd5d92fd926f
97bc5ef26b92df31ebeb23355bef1ac9374a7e46f2f66cfdfaff29f9d81c
bde7496e91bc5ef26b92b74bfe46f2bf2527e4ea3d56f2a1928f966c95ec
94ac4aee96fc8ce477257f20797c9ede05929b255f2bf901c92f4b1e903c
2879284fdfbea7e4ebd3db245f217995e48725bf2ff91f927f923cc6a2f7
61928f939c2dd92af93cc98b249f2ff912c9d7b00f097b9de44f24ff2a39
b540efd3242b9243926f90dc2bf92dc99f4afe5af2af92534fd7fb10c926
c93324d79caeafaf7324374abe52f243923f95fc8be48567e87da1e42f24
1f3e45efca29fafede27b9f44cfdf9ea69c986b3a4fe2af904c966c99592
6b24db242f3b4b5fbe8d92d3cfd6bb51f27567ebd7778fe4d7241f5ca8f7
f192674b5e2af90ec92f49fe56f21fac7acf92ec95bc41f267920f29d23b
5772bde4ab253f22f91dc9ff963cb658ef33245f2c799de4f724ff28f988
12bd0b25db25df2cf951c95f493ea654ef22c936c941c9d74b7e54f22b9a
0b23e3c589657a5f53a6cfdf2bb95ff2979253a74ae703c99592bb25bf23
79b7e49c7269bc91fc89e4c3a6e9ed96dc25b94ff23fa6e98fdfcce9faf4
53254f913c4db24df20592af95bc41f2a792bf977cf00ce9fc2bb955f25a
c97d92ff25f9800abde7497e40f22ec9c7556a36845d54a94f57249f23b9
41b25bf262c94b2bf5edf747c9774a7e52f2bb92ff253963a6dea74b9e25
d929f97cc937b293c37e62a67e7fb649fe859d14f67eb3f49e28f9d459fa
f59f217986e406c97ec9174bbe41f2bd9a0b237e91d34787fd9759d2f988
f3a7867d7095e631614f61ef17763d3b321fb8941da9cf1ef6fe61f7b1c7
873dc03e20ecd4d99ad3c23e857d60d8d5ec83c20eb20f0efb1e767a647f
d963c3dec53e34ec31d59a0f0b3bab5a5f7f05920b25974b9e25b956f202
c90ec90babf5fde57cc92b25df24f911c9cf4bde2a79a7e47f49e5f94972
92a2f75845df9f264a3e45f214c9d325cf957cbeb4bd4b255fade8fbefed
921f91bc45f217ecc8f937a146efc3351746f29f56a35f7e86e47ac9aae4
5592bb25af97fc81e49f241f3147ef42c97324ab922f937c8fe4e725ff45
f20f920faed5bb40b257f26592ef90fc27c94f4bee93fc37c9ff917cf45c
7dfb9e2eb95672b3e4f325af927cd75cfdf69e95fc37c9ff96eca29edf48
d144d14ce11ecdef902ca2f050b45078297c147e8a00854ad14ab184a28d
a29d2244b194e2728a2b29aea2b89a6225c53514d752748ee6f751ba468b
ff2e1b1d3b14dd14778f16efb1525fa0b88fa287e2418a5e8ac7289ea4d8
40f1678a67299e1fcdefb1bc4cf10ac5168a3729dea2789be21d8a7729b6
52bc47f197d1e2bf07477541f13ec507141f53eca0f864b4f81b69745c52
fc9de21f14df50fc9be2078a218aff50fc48f1d368f1f7d312127ea6f855
8c18548b068a448a248a5114a329f6a3184b7110c5c114e91487501c4691
417138c5911413288ea2984891497134c53114c7a688bfe74b73278ae329
4ea0c8a23891e2248a5329cc147929fcbecee91467a488bfe546f32b8a52
8a728a191495145514b329148a1a8a3914b514f328cea5b05338289a52c4
df0da63e40e1a7584c11a0502942144b29cea7b880e2428a8b292ea1b894
6239c5651497535c41b182e24a8aab28aea65849710dc51f296ea4b889e2
168a5b53c4df9c13ef21537fa0b89b622dc53d14f752dc47d143f108c5a3
148fa7f03b494f526ca0788ae2698a8d14cf506ca2789ee2058acd142f51
bc4cf13ac5168a3728dea4788ba29fe26d8a7728b652bc47f1178abf52fc
2d45fcb70213123ea2f8986207c527149f527c46f11dc510c57f287ea4f8
89620fc5cf14bf50fc4a61a0594d92f82e3dc5188ab114e328f6a73880e2
408a83280ea13894e230f1bd778ac3298ea0383255fcdd66ea1714c7529c
4091457162aa784f3b21e1648ac914a7509c4a711a8591a280a28c622a45
39c5348ae9a9e2bf7998903053fced000a078593c245d148d124bec34fe1
a65848a15204295a299688bf2f4011a2389f6219c5051417525c44d14171
31c5251497522ca7b88ce2728a2b2856505c497115c5d5142b29aea1b896
6295f85b0114d7515c4f7183f8db05147fa4b891e2268a2e8a9b296ea1b8
95620dc56d14b753dc41d14d7127c55d147753aca5b887e25e8afb287a28
eea7782095c79f3f52dc487113c6a29b311edd4ab186e2368c4d77607cba
93e22e699cba376aacba9fe2018a3f51acc3d8f510c5c318c31ea1781463
d97a8ac7299e881ad79ea2781ae3db468a6730ce3d47b109e3dd0b142f62
dc7b296aeceba37895e2358ad73116be11351ef6ef654cfc6b9c71713bc5
87141f4963e4a7182777527c1e355e0e507c49f115c5d714bba2c6d06f47
8bef23d0b1b20fe3e92f238ca9c929c3e36a0a452ac5989491c7d84353f4
e3ec1129c363ed1f52febbf1f6648ac914a7a4f0d87b1a8591c294c2e370
36454e0a8fc7f9293c2617a40c8fcb5328cea4382b85c76831bbb3a6f058
5d4c5192c2637619c5d4141ebba7514c4fe131bc2285c7f19914b35286c7
f3ea94d8317d2e455d0a8fedf329cea15890c2e3fc7914368afa141ef31b
c43ea4fefe39c0e2d1c3f380e0e891e702e7532ca3b860349f4fe29d2fee
c6f8fb6e9cf1568c7d9638e3d9220a0f450b8597c247e1a7584c11881aef
6660ccabc4b837ebbf18fbc2639d98d75c41b162f4c8f39b55a3798e73dd
681e33dba2c6cda5183baf17754bfbb688a22565e473ecb294e1f3ec6f9d
53afa55845d149711dc5f5143750ac4ed19f6fbb286e4e897fdebd2b25fe
79f77e8a0728fe44b18ee2418a87281ea6e84d193e2f3f46b19ee2158a3e
8a57295e4bd9fb79377caedd96c2e7dbf7293ea0d89ef2ff76ae1d4d919a
aa3fdf8e4fe5736e5aeabe9d77ff4021fe0ecd448accd4df7f0e365364a7
f2fbd2b914f914d5a9b1e7ccffc5b9523e278ab99f93c245d198a29f0786
e74523cdbbfe9c323cf77a96e2b914fd1cecc514fd3c4ccc83f64b1d9e2b
8c74dea67f3ac4bf32136cb696669babdde5680dba6ccd2ebbd31548b0b5
d8ddde04db24d5642cf3b57a9df6a0dbe73519e7545754bb16b7bad460ad
2937e86e71f95a83d3bc41576089dda33897a87b5d22bb35e031991c7647
b3abcae7713b4231abb03aacd9b440ad4df1194df93395e1858bc552a5c6
5ac519743416ef753316d515acb57b5a5d3693a5d11728afa9a92ad776aa
ccedf238438aa234d9142558b6d79554da6392cdc5cdf680dd4125556803
66735bb33be852fd76874bb57a9d335d6d1eb7977e2d5ed234ff37968d5d
b9d96c73f8bc4b5c81e04ca53410f0056a7cda8f906a2c35dafc541dc5c6
62a529a6cc5a6d99721bdd1e17fd36d71d6caeb2079badc58ad26c8b5751
9cbfc0d610703b9b5c35be590d0b5d8ea07b89ab58f1e56af55d1c8abf11
b3d9eef7bbbc4eb7b7496ca2d8d7e2f7795dde60486c2cfe22796a3040d9
2943d35ecb135b1dfc714cffcb29b107ed23153f6fa62292e3949f17cbce
b3b57aa9929d6ef199dde30915696b290bf85a86d7237627b22aaaf098a6
e495cd8cf7b1abd6942f3a74e480707b1dae90e2b416c72d1265b7d89da2
426ba2161205708e94dfe3738794066bb1cd5a1c8c5f34d7efdf4fd788fb
e9aab51687e2b41aa7c5361b3e8fdb6eae5aa5dc6aad748c90363b925660
0d04eca10a3ab602764fa9c7d5429d4c359ab24bdbfd0197aaba1b3caea2
90bdc85855e311f9cdb9bc5373dd1e0f1d64de2657556b83c7ad36bb02f9
d4491be898349a8cb31a5451bbb4ac35b2e0b412d5649ee6a4d5bb1bdd22
090939453e67285f69733706e74ccbb6fafdf13ecfa975bbda9010de8e29
6f78335ca84affded3ab8cc5a6823825172d6c3596196bbcbfb1bc29cf27
edbdd1e12a2b88ac68f6d2254d358b7f632556b3d5d8503cbc50b1d16132
0eafb1c4581d5c1af0941ab12d5799d15abaa4297aa5a211a4954656463b
5262b45ae756edeb0295ba9d8e14cb596b32bbbdd4a9ed1e6d74a7aed93e
b53d32aac4cb9fe30ff8b4123bb1c4f03ed686da6d53f53bf1bb9654475a
d26273791d1e9f4a87f534af1ab4d31090df161063a7335f0dfa02f62657
fb62a7cd6653cd39d5ae465780b2bbe606dc415115335c216d700d891ced
53ade5da2fda9e4e0d3aaa3d84624fabbb72feff72eb4dffd3adab236d3d
aa8546ec413c64c54be02530dc283538b0c3c38fc948a76daba7c9d510b0
870f7a0c042663857d69a85609da1d8b6a0bec1e7793572c922f2606540f
2693dfedf5d21668b850f369580e52a2b65356aba9a0dc17702fa5cf68e6
135eb0d64693055fc03595eaadd9eda0c24e2df3f8ecc15aa5898e24535e
95b63ac511f0793ca2daca8db5eda1bad2c86110af58d8bb78495a41b4c1
2c3c000f67e38d88b498354425d94cb96ab3af4d9d46671c879d5a59decd
1c6bbb5b9d952d263e36a5217e61a3d6a72da30d1972796c4ab3ddefd232
d126e9d75c3518f2b80a68f6e351c46f62838b6d34282c16c3674e197d4e
d513bbb5a815c93b1695a4ad2b7e514cc5b4875462c5bdd4352b576d1167
59abb9b8a56c6ef1c8f9d0f9e2a7e98b615268321e706913d65a1a9e736a
5cedc1da6a550cc3b69c20c1e2f3522f6e718b4ab6968ace64a9f039a8fb
2da5cea14dbbe878aaa56ac82f726b93b65a9af84e0d851c31b5a1dbd6de
cab197ae62a2ce14c4404ec3348ef9a8613a5467b5c5d9f2884bb563688e
9f551e9dad460b9f4e5cce12636dfe5c6d45ba213eee7ae49d9d4b35e56b
9b1af0b5fa6bcd6e275d9c043d2e93c943474b71548fd62e20ac6813a5a9
3d5e9d46af4a773888ee1fa726a2f3efad585a1be42a0e97d715db08343e
bafda58d8df1f62d3a8d071fb368c94a9f93263f34e190576616bdcbee75
f2660b022ebf471bcfb419ab98b7e1e0363a4a0aaa28c9c56357dca35bbf
2ea964fa446d9d167ca4c696aa2ae06b12b340ed0015f396dcd2167f3044
ad5eaddae8e0104783b9746ac8612dd58e9656b928ba15c845d125eee5f0
376b0d50d4eaf6d05565adc9d8207e2bf2f81c8b42ededb448b1b17aa987
a7d4c3cbd8ca02f61657853d44d7bbb5b1f58ff951fcec5241b3adde9036
4e69a35e4c2a1df9a58b5bdd743121da242fe00ab606bc91ebd291f249c3
53b6ad5c3b438c50025b8d5d5d142e7dad186dc5eec4a92b2967cc566af7
ba955a7bc06da7f38a58f9ac9c9a802b666f734a9750e9c3eb57c5d1a675
9ed8fd9573cedc6baaee9c1fb35739e1f106434964cc31653b435e7b8bdb
51e96a6910ed3a3cfe8ae9ccd4bdce7cb4c9d1541a1ec42c4bbf3d5b155f
2aee6bff9117906b4dd72ae6da1c2ab3cb64e19b40be4055205c468b3fe0
a6494a30946777f061af2836c5d16cf3d345bda32a149a679f677578638e
797903bf39e0c80b481d2517294e8cc4bf9deedd7b3a0e6f3e9f99eda5d5
4ba913975ac205a8a6d1442a619eadcce36aff5d4771ec2252b1f26b5d81
204d9ba2e67f7934b604c525a0dc7f2d25ae467bab27c8e7033ef4a9ccce
5263cc76e3668d5ccaef359b54af71b3e8f721dec4c35862cad6ee68f87d
1eed32bfd698c7f78fca8ca1106e18fdce3598b2790db835f05faf26d7c3
2b28b68b297a3064b2b8a33314fb5ae95c5daab86d8a3ba65befdb26e43a
8cb390299b6f8e6167b4c36a9fb6662ae005755ba4b9a7d139d5581b6715
d5e24e8be8f601af2ba0b5df2c9351cc48dcde565fab1a77da1a6f21699f
e25eba8cd875e3e6cef7b8ec4eedfe604c765bf1f0fdabf0019baff01564
4c49f69ed9fbdb99f7254f9ce182fe153348984dd1d399e18951bed7d536
2de86a89d9d79116d0efa4d9245ff669d793fb984b2d98e5177b23ce67d2
b06b366307e778ed4beceec842626e955b616f70796a43e1a92e4d3ca7b5
509dd64ea5a99575aad244532e6b7806562a6660463105b319f3d4904afb
5a6e34999c2ed51170fb3161b42e5c5439e2a58aa25867c8dd77c4e2e99b
6cc46ca2d5161bb5695c69ccd4c46c2ea731db1e70348b01386a3e65098a
41d91e08c5b6d6488b14a82e71cbf5772d131ebbf7b154bae98a39c75644
d3a6a6803850b5f4e11996771f33f2fc5debd1718a6129f2056876eb72d2
a4b8c52deef417b50683d489c2652fa80ab8e9fad3bdc4256e08fecec563
ce45bfb180d4d17f23b3ae06b28db652ef1277c0a78d3ad4d5c4b48b3add
0815f69bd9a3aa2d76bfc5ed62dcf48dbe81acdd3ad66eeaf2b55b8d3736
4b0365d1f245ddb38dce60b596e6888772a190feca424b6c17f5a95f28ea
b68b65497896512a75ce9c52270d925a2693b1797890de4bbe6cbb67efe9
419f7f6fe97b294c196dbc962ac243b3f750596c525e894ba5b387740690
d2bc71d27840ca5169c8c96b73b99b9a83794e2dbbb57884bb6d366b71de
5c2da7b8f1561c5ebbd2142c8b53e63ced568139e6d8e7d47c871d2360dc
640b92475adc221ec98a678b23a44b7bac8dd5a6dc46daaba8a39e7a9fb8
32cdd5069452edfa3476a99c469f78a0e7b0f28af1bc519f27720b483fe5
e4c478459919fb91ad40bbee9949d3e2bc062aa1c7a55db5897b248e11cf
0e74bde1b3cc548ab4fcc54a936acc133773dc8e69462aa97ce6e00d89bd
762821da5be94680b60ffa03959fe818736d2df645ae6263ce12629edbeb
6f0daae2c6abad387f566b50484cfb4d36adc768b79fc48860e32c79d3b4
fcb5d449a48351b7f29c0ab71a8cd980a3f4b7b7e028fd8d4dd0759458af
d8803691c5061437df3eb6395c65e135d846584564b0b217e9c72924ef65
a0e21c3452fd9f55e35ed7fe7f548f71b761323644ce9b36b3910e7e3aa0
54c5dee8b2065c76319ca9b303dac30c3a228647379a61998cc367ed6aca
201d69910d981a86cf59215e97285b6ee4bccae7343a58ffef56327b56e5
ec1156e418be1d4d2ba295e4e30675a971d6081bff7d7d2dfe3af216b942
0d3e7bc0a9d0e927e8680dda0a5ac237614431e4db54b47b31f76a822394
efff66dd23d6190f976245f1c7cb48be6697c7afe58b3bb6fd770b8d5c2a
9aad04d1154443ec6377cc6d14772972dbdcce60735eb376e61b7e9a353b
30e243299b7591b560f8a26e84a6e0b55b68ae36576cc098eb76baec9e32
a331bbc5de4e3f4af3cab54d1a9ba6198dcdd38cfbb8e95cdf3e6c3bdfcf
77c24223aeea3797d31de2233fa01ba1009670a7a34ba9b837a2c45dbfc5
23374d81c3e3f66b8d68e3275e9181a7a02cfce84b0c3cc67843456eb1cf
e30bd466d3643966fe80b49ca6803df6ba0589b94d01972b76ea82d43cba
caf636c5ce4c909cefe35b2cc32fb54819f672dd841cfa0e2ccfb791493f
efc087ba89072e5d4d469e0a8aa947dc7b2ec837c22c07a9d2e6f843fde6
f8da39fad15de4f2999f54442e93e9da8bae8c5d53f772611c53485ebb54
0c5cae47dfa8906b4bbbf8d04f7bf8333e05b40ddfe41b3e97e4f1adbfb8
7deb772e2b8f59c3cb5b70d73ef2ec9857a13d2c8b7a20b4b722fcae55c8
25c9e3d3642dee72e77a445d6a8fb8422147dca75ae125e4a7b391fbe47b
7b2c1be7396c787dfa460d7f3af2b3d7bc6277c0a15d91f3dc7ec4f4984b
ee708ab4457caaebce79e523bddf20bfd210e786f6c8e365dc7a2d8ff7ce
42f8d3bdd48322dec4a41185ce31152e6f93780b72e43347cc56b1b4b455
7caaaf8b11dff5f87f7cbd236e6dc47d8323ef375fdec82fb6fbd5566a46
3e61689755716eeac6d44364b991ba532483fe1a7cf8635d41f34bdc4bdc
4eed0161fc6246d2637a672449da50e463fd86ca7c8152bba339f2b03db4
d8680bbfbe337ba903ef6bc9b9add6701e9b795ac9ecf9da1d4dada4d546
9bf476a0b5a4daaf1de1d1cdccb717dbc5bfadd3628ee9bd6d6784b5e739
e8ea22e81a7123e50e69261dd986544f918fe3d7d3f09dd1e15bdac698db
d905bf7d6fbf40bbfdcbf78c756ffac5a6eb8b1295a03bbe0ac4681a79f3
c5586cd4bdf762caa38b19a776478edf4e741acbf2fe9b37619406479c51
386ae352698713463eea0a6a5afd716f50472584f8359098ed0e6790de7f
b294b8697c093a9a8d74bd32d71758249e239479ec4de1dbff7bcbe0fd8d
0c719f7247e5cf9eed536a8d45794ab1c7aeaab34cd9adaa2b304d7b0b33
e8728a772dc20f8f465e28a6945abac9d4ea55fd2e8736178ef42a391796
9d261e92057d81f08b79966a7b9b7645afcce30f8a66cdadd57e36e0a73b
2fc7865f7dfc5329897eedb87484b7c84de6994a895b3b85d3a414772169
d17c67e4433cb2534a222f9b059d9181943e5d4c975ded0e7e803f4c6d00
52ca4dd9b680bdaddcaef21d891cd545bdd4eca6eb63be93a294e7345362
0e5dc3f9426a9ec84883ddd2a8f482e6f0c28a3b7cff4529e7499d52aecc
ae69e0dfd4d291b7a5e5986e32bbd5b9912f31280dfcae94323ddb62136f
b4d03156da4e63109d33b4b3158d5fc59e569ab2065003a6fcd660234dac
9cae39d423b45b00f96ed5aa144f9ba64c2ff2db8ada8adca6e19a99aecc
56796c5066a88a121e11f9e5e2bc853eb7d7e5a4eb01bf9d9bdaac840b3a
dbec72692fbeb7dbdac53dab85713fe58a988d8a50f6a5b12d33151e21c2
edac5f6a1fdfa45794e83585dfa597d695433fed1617ad4e0c41e26e268d
21da57099ac5932f9abe96222df2bea2b486e10c39a2da2387cc88d9f8d8
11c91e5f9b2be0b0abd4fc4a644f4d5ae371a95553aeb81c75378947c2da
fbf7b52135679a3768a9c51b74b440bc07cf8a225ecdc73b02bcaea2a8c7
d0b4945fb411b5a5f8c60dca6b3685fb9712fd0c7c6fdd4989ed4e4ab8fd
15ddcaf19a41e4ed00ea686e553bd5443ab832937fd03182fea80c774d45
f1a83c0cd2afa1c8afaad928ce007c63918aedb2b788d3766429d59c5d4c
c786af05dd80bfcce38ece223a8ada1c293eb1dda19a732b7caa4ab9d498
0587ef5a2b3526b3b8e1191e068d45c6d94b436538106aa286479b12e47b
b6345256f04f1a078c7469448778b0d2ee0f29f650e47e83d2343c459a51
573a832fadc422b98dee801acc6da3c1c7359c4769521aac2533c415d58c
48d63cd517a07381b941ac7a38ef5491d5662d09eab32bb323c7bd36dfb1
88798edded55c5f75a8a38d73c4b00c3bb319b067ab1b334d02ddc4bda62
29ad5d698a246b3d269c03a3c33c548e7d5f4689fc998a7648840709bbd9
62a3c180e6184157516b63a32b40fd95bf9820e61ca65cba0271b7b4b684
df2f518d79366d05746488d747dde19ba18a3dd7217ab918c7d93864ed54
4dd4faa5911e6ed76e5c1745960b699f882674446a3c44a2999252a35de1
867b8ec847fd5c29a7f5a12f6b1fcd50a355a9538d4e8b74f2e8d4122dd5
94c3fb5915f0057d0e5f7456c5ed70576a68c80bfa9a9a3cae106ab3810f
c686e18391ae55725bbdbe363a1d94e27d34bac88ff400075dd6e1fd15ad
d92c8d34486b6391835fff561c0eed67d48d134aca0bb8d4d6165701bf0d
296eebb57bc3271847312ade31d5942f0e34ab1af23a22479563aa98858a
b7895166c754b3d9de66a729a7c753ed120f65c597b8ecea2255bc0fb74f
796a5a912b573c62f0d32f548334c80d97786ae4b0aecdf1d2d0437d3a6a
e5f113236b1d4ee629207d14dec5ca3cb5d91e106f895486cf208eca4822
d57eb8d91c55d2748f3e892c511539d6d4dc39da89027dd8518575b9b961
ddc343abfbb70749f7de06c470268f18d2b4016a1a4d4eda7994d2c64431
40e986b4c8c8e3098f69d1a3198a2cd254bfc71d2c68b1b72be2172a858f
ae28c455069f3a5a1b54f1c550afc345bd5cdb9e1299a8d8432613655090
410c7d6e9b62d61724aa1c31e7234fcca888e2442643fb54b03805b116d9
a8011a82e16daba63cadcac4693cdc41a8df51dde12b5e39a2f71719c38f
dfe900572aab450a1d372dbe252eeacc5cdda1e18a566af455adcda1e754
5728e2db7a3e6f71ec3c28bbd117b0385d1e5713752b6b31cf836cb46036
bef2abfa7d5ed5554c9774ba2fe58aaf055b4d667114956069f11e6a709e
fd7fbae9ff8fbde7006ca4b8f6284787408010208093404267255bb24d08
b056b3dcedf5d9774759646965eb2c4b3aad7c671dbd97d03ba11ffd4228
81d0097c7a2fa186100204482009a1b740f853b6cc96d99d95e4c307029f
2dedcebc9979f3de9b376fdebca7705dded7dc2b8829650323827a935248
dbd0440209285430bb372ecccb8134dc81352bf7aecb007e02e8453e310a
2ffa8a7c880ba31d10fc60deb595cb73db4a51964683a3d9fc48220bdbe3
4754905c4cdd9a692bd142856965935fa220133672f045e3e512123b2433
69fac82466fc49bdf0a4ec6b8e66a6a4143afc810ae4a85454c54cd9b806
b780e6c16e1e6deff18d69d90f144501fada1a2e51abc2db58bfd1975537
ff21a0f0c6c15ce66474100a6f2c2720e1e67d405bc7df32723e07a61ce8
ae43481f2aeb0666135c443c814978b5cdcfc1d57f311453652c9d20ada9
ea3cbceb6c50e7458dff8c1049cdc7d2f8125f1eacfc53e4860728da2d8a
7ec2e7ca584119ccb771e572a13c37ab9c3dca5c935f944ba96c6644ccc8
bdc290d2b9529794904bbd45e44f9f2b298f5311ae0c75eab6c550b956fe
c79d351806b0d664bc05e7e332322033b86d2b352dce94c6e0464cdda55a
8b0a9305d0a654f2e7d30e057df2e448094e315a9fa7ec0bf991bbae2ca1
459f5a2a08187d224e962c534ab6cae5890909905d329c492b6eef006cce
b6b41f0a9009c1a646995203e832b89ff6af838002c0fa0688a0057f9252
84e112a823f81e41ba041762f8bec4472990b0882e934cc947ec8b4e1600
154a68de0cc5a339cad4908b96dd7b929a75888a48602b6a071512ce881b
d9b4a854439be256386773729808ec91a7da4d8c4fc1726bb8764e5e4db7
2daf8f87f3f9c9d22175850d24e0d30837c54775ab91094a84c25cb4a216
e6b22d68662ebb4266ddc4fcde3a21b6a5c809b12b80cfbc7349bc59316c
61f8104094ba7d31d6239c1c8d2f58c0d95122533db53d51b3bb41112064
c0e0d1ae4a19a04fc4fa6a0cbabb3481557e71b92c6494970653bf2a4d8d
b107fcf130d4d6daf1f6ddf236938207074b74e633bcc7db59b078435a81
3a0af2260773a46f775ac15a876d36c8816ba13835212e142780be0ff598
79998522de832c999700daeabc84dc224860a94276882227aac39cce16b0
1e65638bd26c3a80792945f8367856abb193e53dd66fecec5cc486d74e3d
b6d1736845bb95a96b16816e05f72cf95c3491c94e1625516c82215a9aa0
1727d6fbe4408f0434875e3091d88b1153cf90c8fbdb81be14847baa46bf
e2d242df37f5195cec0541dd253b092e85fe1c4af429522acc4d71c9b03e
f814614b91fd4183d9cffeb64f08a827533217c4dd6f43979e09fb56b456
9028e639b62668178b5c6a31dd236a33dc230210e9da19a98aa9f3deac59
9a0c36263459d80824b6154a6d8bd56112267161dec012a15f3b29011b4b
a550004516ea3328a37e4e539bc3467ac25530352a04ae90aef15b0ff945
6943d1ffb5630ce8e50b032f80992444a77e3b45a14cfd816e659842f6bc
b066cf5bc05c72a1b9a4304f59ba896732d7d6acac0a362f750ec04791aa
a635258c4e99c760539a50b6600d75d174aa43ea48364d44ac4ab04d198a
626b5354d351adefecb66e245181cedaebda954072d2ae2b0268d0fc2a82
30a52e2a60ea0c9e79bc7f24a41955c14ba395156cc91047940bf84f49f9
83cf22cbe524fcd02374d9705da75486afe6802504baa9cd127bdb3a4262
a88b075bf1ad45253e98e56914ac2fdd895c6254b2be8321d008e386e57d
5ce86d09723e1889290af09528956c807408bd3d8254441208090d4b89be
4cc10a1bea0ad687634042a72c8f75cb8de995c5c4617a2f0e9642602515
d1fce0adb152a23b32c83b9612a424ba98974a699f43f942b91bb60564be
f6105a7d4aa05d11ddf31793a08cf6a508de25205e456858c825814a2421
0f1df41a3c561402b158cac16fc9b171b9342ea612c5c519f4408685e163
310d1406e393d1c94411f44d546eb665c0aa531615a3032820a106f2230b
92a204357711c5d7038f64384aa4cca3d542b910a9be10a3bd03a188d8d5
cb870166d023e896c44fa632799732fab2e15210b93b3a9451ad540e4598
da8af776664a0eefbba55222ebf0be17b0e1a8d37bed30c8a1503f98a6d2
12386c874202186fc6b12f4056419135582e48aa820fa6daa1c2dc3ea75e
896df8a0554c432733878279a736e4cc04a0408d0301854b621a3cc88205
66969886219fc0a8d379a044813f98b5c11ff84c9624409fe9929405a31e
07bcc4974a453e89cebdf40740ae2cca2425fc009926898f312907c44eb2
0f7c5c9c87ac00df20feec82771cccdf7b730a9c01b431814639fc1d0975
fc75026955e0af3491847c0cfe823ded2ccc46e81d0ca5383f0f41a16713
f228dcac28dff28592284bd9b4f255637fe55b0985ce24bef0f00c0b174a
e15ea1becc02afa1dbec2c519693891c008727007540954ff8d188340ac0
249312c48cf208990271b101b50776af7077f01bf2e04c44c753b66fa0aa
a9bf28e65104031ee30c3f85eefbe02b9a2035d697e99d71044a588c1050
746d1e81b22165def13b806ce37025b8ea99c6390ab6f2b29c4fa2d32920
7821e7c08e80c9cb11550dc5206759df4772f0bc5696ba81b29fe94b9401
b7a44caf0713a3025810c09e0bbf56c8922c05bba8ccacf6102ca8526634
079b85722885e84f7bab84fe209e6898805e263635b4f7f6efa051b85c20
3bd05b488025133e2430e4270ae05195f2391b88b05a1b580c618914d446
e239746f61aae4672a15d780a2c04b6425651206e13e4d7d0ce90eecb526
9325735ff2047d158d54503450b89ccd2f36502a0c3c2729136837bde47b
a7092ea9460f40df72a9982f5b5fe83b34f29d9820bb839e60274fc32385
690ccfc047b43ce24793b971782a6ecbf1a6772442f0eec34032da342cce
64b34017cb2f864aa92f3808340c20893445b26550084b5030c37058ea66
d0a9180a23e3a5a0cc5ab09bb9e0cef8a07f670ea95136224c284d8eb841
6b19cbcb25d6c190855d074416761d94a130313097c9cacb2cddc6c55c3b
8c8bb9765529c6dcc9d6442a05ad4fe8dc5a1062eefdb5d470edbaa586eb
28ac359807d40238ac244852ce26baede8a2423a531d0057f4d0c2f10aa3
c3bd499d173268b1460e1dea56058a6fb4dae8027cc85f5d6f2d81c0f5be
a4e9afc6aa6bd49d9d9cab334f75309f83965cf59084ada82bb5ea455d07
421465eeb42f98482183295442f3932576c6a3d6741d12b5a6eb08e935d9
07dc28e5a072e175b4b6d5dc876a5bcd7d9cf6d5d807e94f0035b95052aa
8fb0891a9b5aee78b1d671478ab58e3b466cea7820f209f408f925018d73
926925b4adc540dc36b51808dbae16f30003681f04fdc759e69928ed8a04
a2acebd089b2ae0326cbb26b0732bcb1df432860cbc34b2ecd73226acb0f
bdc087b3cbaf5d1f6eb7435903a1189063aac7ed70d6ebf2cd8fc8e8fcdd
7d1937225af1509fc4bd019419974647f322fca41eed8027b9e292a23838
c052669047a516364e240ad0ef9c138551f4079dbccfeb9c1bc17f950323
780c3f90116101edcc19005655034160d0119a3285454d4c7b10b520bc42
3037929e23aaa81762aa23b44203c433952e1c493e23c77b05cdbfd30f2f
12b8d7f23521e78a9c84455f9145bdf0378a60e758cc2c925260230b37ce
22a0af4456764d13017d0cc3250db128a431f99540392567031f82591bdc
c745bbd064c6ac727ea200b4e93071c8422b04fad4aef6092e1d962a7068
56384e0c62b86ee5569a6cdf653f8d36acda060f6c9ff4bd87a6a72a7a9e
5519e29a15b5a19be38278bdece6ac4b0b96bd38666ba380916d8759402c
fe3e882f48ab5a2c257b25dd75ef6cbed9cacb7c987460197603005168b9
e7c6588b7a7b8eb1bec3fd3c7708801d2cd7d228b550e899e45802de81ca
17a5de66199bc0c5e1f9de2a00019698f45c6594b5950436d5b3774ba9e0
a55b7a15d66e3541fb1cbccb86bd97f33e5f288a7d3406a4b4728b063a4f
a43339648ea3394ff06d39bcc8200f5a7571b1661c0a880312f49501548d
1ef70ef74a8c3d95138b24e45182bb5a53af62555f61eb711975200cfa52
2ec4a80b29c737f27df1dea691848c8951d53c5447147111caad35826e3e
e9af9590fca6b76e2d58923e51a9c6b9168d70945acd45ecc6df544894c6
1ac7c18414f0ad41e8be5f4dd5c179ca0c5458bddf5755f579feeaaa375a
c8677a12b625ed2875da9ac23875f6de52d51b78bb0fa99eea1530fd4130
9587d7b69a00c7492df822543acfb74104665436d2174b21efe7b093c400
0e6b8cdd4cd44bfad4d77c9bc1275508d19407654a7dbeb4544a8e6135a0
2585569e7818ce2d5ede453e5652e7d885b4bd817225758fe0dc48df6bef
5c58c12b38cc1ae582c178aa9cfc8823f929a070e7d1c99a284d656418aa
032c2f22872be9ea33824d15b660e685f6be621e3a870e35411aa36f5c8c
650b60d74657480d65a10f14d65060684f5d5da15187b553a835ac456aae
8c764b1fa8048f6c951b35887154d7416a4f4d958279ecc24947835d2b4a
2d3ea43647dcfdb403a104831a98cce5c076b5b1389913c56645dec0b080
c626e0b8f13e258588439530b5873c3d50e99c5b35642a13570bb90c6ff3
f231d5a210d3f6e7cba9296cb8584e8d95cbf34692aafd016665844e7321
beadacad2d41ec5d473c8b4ba363625c2ab78da9a698e57dff50b3962dff
869515be09f9d486a00f1c8ea7a83ab0f4e473f8328294ea811e8f28ee8f
76515c9c02b38226628a9807303d8a4372edc10ef673d3d5e3c179ac2ce8
6b2ca925a0cf09b4849459458e7d5d83e1cc0e085e699438b2bd1cf29b2e
497c10e697c94c35368a115f20da166c8df89af8e6567f24d81cf271e1a0
3fd21408f95ba2cd5c5797c3ceb306d01db7a9b5814fdfd31ae1376764e4
0d0c2d772cabb4b93a6432305b4cddc21159905c526f006b6247d5575591
a39c2bbb76c017807e56c4d10d0c5c312a628b123922a785ae0a904eab5c
35601d96b8aa7a4bd357abec6de3f4f4b689116c6b21519425b8c7612444
b251f3e2c94efbf2185f1c95999a0c62ddbfb980355c5f23666b45de61a6
20c72fa208b4ba46acc51a62c1b16cc4b1a8342e8ca080f625f0976cca51
07ac01682f2c5209780fac5251efd959a6a2deb3b34e45bd6765a140322b
25d8e5382bc5d49833c1eb0efdd06c39855049f3cbb9394e3b1394cd6782
b2e1ac96bec55f3ed34063ec16989006ec90b3a160a290e904eab6b0a890
36e4e23664d8b6a66e15e91b697be051f6c2b4f3343bb87c68b0d35bf171
f6e2348f079ba2348707bba26efe0e5a9d66115762a2099b89435e437487
10bd9dad713bcef9b3013491ee2955113057047b01e63a059e802ddf4972
c76a2d5a7147375eb1a0f42297aa982a1c2aacebcafbd4baee78a1b6ca22
191c6bbb0a0a6aedcaf1ec4ec3d49acc04db222a302aa72553e34c42a665
6ba55937f6330167913955c0769dab2a60bbce6635b0bfd1f9769f916968
d475aa5aa1b1049da309232c22cb54de554c19cabba2c0089d451c596ab8
8a20430d6ff871254e63696672f371a256b1f2c91f6192293e6e6bad2d37
161a6111245e01baa2dc2b40d759f10c70f94f1c03966bd41203fa65e4f2
06c3c0e87b1c4f355ca582a906c3e88d2db048069b3aaeb2c154c72bae18
28d1589e9dd07ca25e73baf7363edfd67a6335d9e07886e88e79af10dde7
c633c46f60f618305daba6dc3572792cbf18eecf9914074369f7dd8d5eda
7d3f434066dac118cbbbef59f4f25e70e2be2f21ca7ad04c955ad3ad27b4
6cad34541325c1133486fd8507680c3b0a2fd096f34c31ec1a6ad18cbbbc
6d86feb7a0193e971a90d20009634ae079efb560dcf624f5b09bb5b6ea0a
500504e5c45ff0e370ede4f520188a05c61b448e6a93c9529ee283cbdc16
c50d86bd3ecb789b8b6a4525c03d7361fa8916ad02f58c8ada02edd489da
02ed1c89da02ed6488da42c06b0b41af159a31892507b5987e386d25beb5
522866f2c54ca9dc9a2fc0d89728f9c260798a6f8ba19b4442b20fa6b39b
9798c727732cc70786c6835ba7a4b454ec121938d55091342208a39a8b6e
b27b5e12df69a373c9ce8deed65f0f4d31b08d0f9d0361106c2741f66d2a
ee1bca379b26893af0a65e51e41311e5ba9d58c037f5f2aa0b59d55094fb
7e89b20aca746ac68c60a3130c793bcfa97331359d89766f8fa1f484d7be
95611c5bcdb18f8f9470485b96433856389ee59a132caf22cfb15f1ea5a1
132c57266187e479957180069ef2fe488971b5af0c6a2de7d704b986b36d
eeb35f591462cd89540a3a8bd92c046524fc454dfa7b13e14e9db14804c5
a7725a6352ab2e00d31cf97af1c8726944f3439dfe863c52a17176453e5a
8233ecf320f40719853efd0ab9be38b72a5d33f8c7b128a7f49a2c1cef50
9b019f4e6d2b9c9bf7fbeda3bd52bd3c59c06b4cab5d2056b9b68a3e3b00
ad0e954e80abc2b2638fdd97cd8a0043091d1104c02eac9bd39ab4c2b489
ad4d4b54f7f66a5ba22c279535445f9c4c39f1fae448309dc90296b3a64b
8c506362645d054fa32c9544ed5a5b19792296180416ad1e0b8f51eb32b0
11bd5d774ea1d5a5ec196a03aa72745861b9a327083d4cb33015c108c324
1a4bb34c9da906c38499db709f26638d0a26c70800f172d9c35ecba5ba77
345940b05a0419c1d4b0474c2b19ccac912d0f48c9fcc4044af3cca6e2d8
57635a9429552bef2cd3c26a5f152d0b259887d9235952e079a64f563855
60b6628af50a8f4921a89dc9cb36868d9014f25caba6df0aadba769b4c4f
ba1b65bfe9fef1dda0487ab2c94d5527ee850a760dc5a1790ee850614ac8
2eaf95d4185ecd69b02becd6e378f16dec41bc9613de859132e84d7a3200
58db3aca69dc91b8db7b2b03abf215d316d89a80d9ddb0e94197a20e9298
0a86f86cf408521569659ac599c144505b84f81830c2606c7053535c49cb
15009370665d8cdc299d19124bbfd229d71261b7127ca8cc7006854a255d
8d56ca49b42fd83b02c36941b3178ebace2752913e5f308fbe0c67b2d9d0
5822372a71a3990efd38de29005a2ba69981fce221e53e194971eeb1e7d4
407d8e80d5e4ebc248920691284eb30a1145908db0bfc8004c2ba9a6516a
1d9c2c6425984b69a8cc47b838d7c7472281340cd41e580c333205c7a4cc
e858a93591cd8ce6d03eb9e8f3c3142bb162a2309649cacda15814263641
d10c17465a79b5e05029dadf0b810645612c5190e21c6c2218ca1493a045
3e1208e5b3f9e2504ceccf8b22783184d2f580323158ac9dfcd6045d9286
443e1389704dc96ca630c08901b954ce4afd45b8ee81eaad5130dd027c34
54026d0e7078cf0e7b006af9b811000d863fc8a5443f077a08460024565a
e28b5222921a95640d5213fcdadb08f31b23480104d500aeb9904841774a
804ade170495fa4bea2bded7229a1f0744344634ce7978b4cda144419e04
9d055fe17213134129f0833e83e10b8544522a0ec187115fab18cae75219
b88a26b228ab03c02e6e6dc178b61bb4d60f502f687d682a6572a5321e10
cc3fcbfb9a45233a7c2393a5523e8746a614e4237eaeaf08b3b76416496d
fa6bbd6224881f0fc111c5608596b67c312515a51458ed260047e64a44c5
217dbce01fa5b71835b152aceca019d409b84ec02b0801e3b55925ce00a2
9b3e1ecc491accae32e53ccff9c45013a659a4bfc7f0ccf1061ae0b964bb
4204ea0958ade19230513d08b272e619e70dcc438fd15467e83a43af200c
cdfb5bc5fada5427e56f1529f3fe2041d42ab9fa38444a087e1fefe7151a
5232e8e68b702bc54794604a9665c30315f0062ae0c976edd73b6d429585
2e090861003604037815735211d5ed1571ec51d1b67fad90b4514326ea36
af8e11caa2ab728dceadcd32cc3a9d1b6d4e62b241c11ac0789a8760a070
2024747615a97c3d0526c2a6df06d9c1fb0260eb0bf350a6740ae555de0f
43dee735de57e70df6c42fa29c5b5d89727eb204a40128a6498210acd44e
7e532541a4acff4cf25c8bd88739b293034087015c7f93d8a64d36c29cd2
bd2280d419832d034d04e03b924e839d38ec9e3685b198c292fe39981f79
8d1f415ba0c7043b469154433f3c17e6e0347241cc5dfd9cca5aa052c0c4
5bfd8480e2b9f910ca9c182ad96c61aa25fd1c6426f0d2ef1723b9459962
1e4d59a7541e2e6660309301845fae91cf95474161611474ba278690d313
03dca54c3b144e6adc7933cd80fa1e263452d98446d02c4688898c95f51f
7222bb9826b2bb761319e386d47e4006fbe627724c9dc8be18424e1f9c48
a799c4286d5652f8aac1c7a96fcb4e821520a71da038514c8e412991040c
8c856cab2c0151924a14cb9a9c75d4387c3e7c630bd107db2d0ea54b1c60
adbabda8aed2ace02a4db9acf8fbcf31aed5f65dc3bc67951ca988ca805c
cb88f232c659541d47fd28305a94a41c1bdb2aa665c5106c08082d42ab30
fdba0601c4a0e020c33717102712e3528c6b5a041e0533b9c26449e6c39c
4f8c35f7a2e0ccf2101f06021db1220a2f3504e49d888b04e3a8fc9043c2
0ca6d69bba3272c9d283d1b87b1746e3d5f6c1d724c286610f42309d85d2
032103a81ab590e9509b102b6d0389c4a63628171d0e127c3e95efa0a80c
4cc0830b2601cdf3fa4107cbe55877a751dee9c0849a27a736031835f08f
0f2520c62deb8ba5dda9a106418c99d7d20a81d0728518861914d9c769df
a132397c87dbb2d3df2edf5186d7a0f01f6acc496337b6aea01b4d98a6a4
943a25c3287c5dd1d825fa4ddf69c6c437d32ae552acb15597633b4a614d
830b20550c6dfe4240eb4a80658b69000048012ca58a1ad51cce2ccaa4a0
ea106a49e2f888321f3794e261f409bc6441c96a7d1b4ce7f325a9687ae1
7ca6f36d191d3548bd91c0bc8d808922b401d5142a898b9a0256d0e809a6
b68d1e6235bdb4b6e78b9925e0d9741b5f1cec2870071e884f001480bd7b
2367bf1725f6d97c5314c045db51b465274d3183868d35d2fbe3b8849da9
84e77a03d18c944d81cf8331685010a4e46451421bdfc1183217683a7967
4c33aaf882e35279249f28a604988a323959125b27940e828d0e28d7e9e3
220b27338bc0ec428402a4344516818fea306465f7d62ac2863083a01d35
28a8591d74a385ce97d8ba83c7042bf381aec4889405fd2b75c20e83cd0c
fee717e171d798942d94518f7c0114aa1d6613c3c9853ab921d405501a71
ee14b21ab5002d7f14a6f4c356322e8042d3822f7c13d042f96e38bf3e25
30ac0080f52a660d6822557fb58a08954950241b564c523cd7d495585246
860d4e541ea57dbe39b9c422c00750c542451b41bf0781fa895a43e0f8e6
68be184924c750d43567972901a225d828121a2932e3820e2a5dc4dd23b1
3808863e68180161a2f2590d1bc673bf16b0251a861b792e002608d215d7
389198027fc01e1b6dedb9d138c78dc539c62d7e206f3e150c8876bccd64
2253b84b67b708b62955cc6e2683993dbb45acec16ab8cdd22df34bb611b
1c1e538dd92d6660b708c96e918ad92da2180e15760ba9ec861e8d1ad82d
520b768b30b11b89453b76b3e337661548f1e76653d9adb51c02ccbbd5a4
c78e776dd3ef1cdaa1a9b142c04cda955d3dd5b1d122e69a4a0979dc1842
033a51484d30cbabd85fd4a2670842a6acdda0361f06b9e804465116d2e4
94c14c19aa467029009d0557cc2ab8c29509aed8372db842085f784c3516
5c2183e08a91822b56b1e04260429ae08aa8820b3d4a190457ac16822bc6
24b8482cda0b2e68888e66a529c3311314670b4555a0f9d19f8125500277
730362314bd1282a63b5e9d84fd96d2ba33a33b6836f48158e469ad27964
0be7a32ab72162892a8c8af795519dd361559509872102a30626ec50801b
99102d63516eaec684c3a09ecf8799507f16832d697c3810e3b35157168c
a2ecb7061e8c527810f409b6a23121fb76bd8efe6943bfd181d0a8111b4f
eb6d97a08ad713d386d6615d89d8ee3fbd2bc4712ffbcf8ecad615877d0f
75df61d85cd418cbeedb8d98ed76a37d866e37bcabb975d1316da203ea17
75113e83e6819f5b9f8f99301f7e3f9e10ce64e40563c45d837e0121d507
406c2a811748544375b8c5bc7d90ca504236b765507e5014f1583db027ce
86888103e8189f55c3af13d14c2022dde9a4ced9336652f80182c5eb5332
13a644e71336bba2f7034dfb79d1861cd56c440a8eb5795070db13e3656d
e6549351d45624a3210bc86014d5fd5c01427d49dd2884ab1bcc4478fa4d
c75051e2182a282214426312bbb6504795fb66591b9b6e2a54d6616d03a7
6c67c14e34a76e4575cb217d6c3d686cbabb33c59b9b7ef4c8415b1a646a
62f3d8e50bd86c1eed6c8e78d795c8b3fa9ab3622286768d0575dbc88289
3e8f98b09c0af96d30d1cd8c0915150b4da8b0b7ce578b9f387489e78baa
319c053f0326fcb8989aedb0d1eb011b364674d5749b90fd0901db6ce710
36dbbaa06112341e55be3ad6cc58730e7a55c71e1bf658cf76eb18a46290
f18cbb8e413a0d5253c0d73168c520dfef615f5ac79989eaeacc5a21daea
eb6d4dd0575f70ab47617dc5ad9e0aeb4b6e4528aca3ad42b4d5978f9aa0
afbe7c548fc2faf2513d15d6e5604528a4c52bafa3cd056df5e5a326e8ab
2f1fd5a3b0be7c544f856ccb47453787352c6244908172a244601dfa0d5e
ec8b10f571f09685e65661eb3131168df07108b95b8bb413e592d62b9b0e
53c7c3f83804066378520c3735c888e1f0664694a410de704323aadd6f41
17352030761f803abe6b876fb67b66758cd70ee3bcdf57a7f56f18f3f8c2
9c4f6455d5eab330ddb300a37fd52763664d8697cd4c7d5296f3a4b06e91
ea13b3bc278671e3559f98e5ce317e636c6db5173cafa6c215fdf170fffc
0159947dfe780a3cc8a433709c7c78a0806eb0905197168a0b393136057f
f3ed49cb4d1812c3d6f04d3e5f2193cb4929480a7295b19ca0e764b00f81
c357f06197dbb9214a8ca719d5339f39103b2a8618443435dec44f656485
be6943b3737f35d1ba6d5c08e49e1af60508da569d64e99eb17c371a21a6
ee383764ef86ea2d9a01af503f8a013cdf40fdbc91fa79223a0117e75070
82261c9c20dea27acc5a631498b1418b99cb732a909412612bba62a10713
0dc48cd947da2391b15d40f318e4cdd688a6de87d16d5d1d9e82134c731f
9c2e1da8d5748fef8876091d2c56cce1e1ad7088ebd65ca45a404a4ac4ca
dce5ad20e32ebee7d0639ef727061057c69cb8729a3a621e6f93389890c7
d57ef8876042093f04ab3eb2304ba3a106acc0a13027d639351735b7cd1a
0bbea50493483887823712be538e456349427f22633787ad91a3c3ee619b
c30c519bd99ab70f1d9d6a77ef43aabdea4eb8c58e4e8dc55962473b37c2
163c9a4bb435f285825b80584b31f55a88da7a59ddb6eaf7928733b9547e
71ac989f2c0cf97c10eb2142f04f9593a2f52e33aea3536c73584a2726b3
25226f4162b2949f489432490762b574576b01e84d1313895c0a770b107c
2b5a2cd118628eeeb3d5c1047abdc3aaa2c20e6c3d91c8e4cae5a8cbb89c
d84f2da3d143a8127a30d79e820de24a42beb94740a99f43c1541e76b829
994f492d93b2548ce7d279be0da637cea8699ac10e08a88d83bdb86ab047
80220b67b5269ff6650a92e9a9734a6cbd18d7237408bd3d0352020ae2de
0254ace42119883f982977541a29268490cc878c8360af860eecc03065b0
bd51f72dfd4ba2de01052673e055796a2a5741659f3f03b8a7284bc91206
52098c56b93c3121958a996438934e4b452997942aec0f105a60c24b0027
2df893941275ecf89a27a48911b0baa54b902ae0fb12dfaeb623b762c000
669fac57021c2efb9aa399292985e282c6c180a1423a90588c8430de12da
353c65d7de54d4f3988ad2447e9154d6bb042472ac12e44c165280649b16
674a630660ed3920d1bdc36b4d03e29f83a8a75c19f5042184384941e54a
28c8df08e10836545461bf7cf2e448a99848c25b879511754b4616264764
a9e4cfa78591a98af0ebe3327238232fc8031e4393560d2061b200b15c4d
7f9a33325a43841155547ba98d3372e692c220cc90a2d15f19a55219282d
c94e562406d5992229c7d7d22380e5af902866e47c6e4092c1623d24f40b
21a1df2f49f94c1962604a5362a8ed555045f607225305e86c9001bbe3b6
325f2c26ca5d1940e1892cee311748c067516e8a93a23a1ba690e2e1065d
1751caf08b8a149ae21a81408a72fd4b58e068d5c0b238a9693c34c4cd03
5898a7b7248ca2b6c2e6b66c2b932d8d0a198f6d690de904e7dc8a90c1ca
227d4a1907c356dda67f6e181726951e267c7e51caa5ba274b092cf9d0c2
2037214e0f8d49c971bc0bcce42651819e7c0e8c380b04780a7c9425141d
a7253d994382539c02fa4d5948022d560ef4488ba4626f6c6ea4342f918d
96db929a9627249365f80f6e4bdb92ea5c24fc7e3191cde693003890e7b9
0cd87721171c688b015b0ca1007e97844c747e0b904785442939c6857c8d
c3f9e278bc244d44b38951b029182c71a30b03b8954159edc5800c76b911
6310ccd63c90456850a064798a6f8b69913047a7d4389840996acb0b0365
b9092c102d43316d0c5371891f6d2f8a60a048e1130b71097c5f9217e516
01a0059aa5069690ed73627670a08aaa6a2c5dd9d7082707ea8a48ad06b2
b4b52895268b0067a3ad7876c0a09052bb509c9a10178a134292170bc2e8
bccc4230be18c0e39279093431648bb099e8e0e2b6e5d2887a6434fd0d29
4720cba121ff726a685ea30712f444740499697b385b9b6c8b28e39c3faa
7529a4270102dfc5982e6305206292450970355ab77dad103b71ccdea104
b4f383c55c805299b6b733eea715538ebb1d86dcf69bcd43862db88da5d7
084bb5f90584a494932cc0ccbb5c9edce52a555b9432323d44a3be8525b7
98d4e2ba31da7c40c4fbe361990ff78942fbf0a05b65a19de785fee111b7
723c50421c3aa3a5dd714a73c5c57cadc3996c363406b3d8f64d8e6433f2
18d899805d34b42075707db4fe529381f168df8e21c468b5e9e620a6ea76
3b7fb26218d305b5f33a12178768a9c4f4225353ae459205f722b48c647a
91d2b87b11772852c9b588ec5aa4bb884a705198ea118b4768d718124669
99d55084ace4582293837247eaa595e3f846be2f4e7d0d7479a1bdaf9887
01b1e9b3632c459b206329da1c994a25f488fd609b9e2c94fd4d620b4b4d
dad4184bd166c7588a36418652f49900259260afa1a8c1742c9a0b521169
2e48c5a5a5206b1fa9d83317a422d05c908a4353413a1a95156260329703
7a1fbd1ce619c5c59c5a8e484e38c7b504623f5572b7aa823985c25ee206
6c5fba9c913a551d89d13a4e887a2a29916568544496a11190a10c437f68
22d35086010e8daac832348222ca2862d365bda333a4b118951d8dc5a8cc
682a66916cbe66aa643356a532a7b11895358dc5a88c6928465d3f94b55f
21e54a8e48913f87924e19071bf39c543c5636a71ac13924f0cf379a545c
755941a38ccdb0a4e2213da9f830993fa305e7cf6851f2670cd8e4cff094
5ba69e52c64b4a196f894c2819c8beab9104c123b77082b6ce45b42c0a2e
1e69512dd39e4d5a3d2787ab5ec2e12a5c5b87ab304ee3e3e8713537e6e0
f1e399a43c78dbf49a1d6e04aac30d9b855d988737e7d4d27c1b34087b01
2973e166e500a3cf05b8e9b443b5143875a6dfbd33a6231487e30ab7fef1
6dce871d2e3d01d549c428a5fd937687ad325bb0cee1de24496b7e836791
ee7684bc97525627324c6a8c46aebadff674f86d1b7d0b199c5295b5d7b3
cf6e27212363b59591682d9aeb20228d520aae03680d467fd99421efe38d
13e38dd2c6abf52b0aa5e71c243da30eee8a7ebfd2276f7d89117d89706a
bb0b7150682b5b7a9b04c3ea11a6cf82a151e8379de81fe02c2324a139ee
078dd0bdad7fdf62d7749344fece8ddee0faeaf799ef40a0cb1540972556
424c300ea944835c7d799a09d78af052e54a32f0005d18a72a30e4298fe5
30c9243abe9dabe170efc8776294c9efc428ddef554c8feec2b2d04c57cb
63ee336b3aa287fe0426baaf6d36ae2471917eba5a2827cd19c5a621ed17
6e667a2f6c260d6e03e0196ad069096e5ceefd81ab8d538f8275a5602628
050adbd1c2e910a01581e558467747513c2e4c1b232d3978923714706978
cc99945aeba434834849bbb65e8fd03433a7057bed3930547313cbccd503
f099136e186d810e5a9a6ab62264a0d37434d7a7a3a268ec2e2a480b935d
a28e574b986237bc36d6f15a51fc4ea3fc208ea6f1785423adad6a656fa8
f4ab1d51b78efad6908767922c0e07d6e366261be97435edbe5f9fb6a647
28d3e3e0393053a66c0ad905a2f8d46009cb89cdb474c47460d3870e6cd2
9d76fe08b4e62117450840d6138b0a3aa61e7fa0798a329e814c0782be31
d672db64b530edd7eb429d1e9499693b5447a003025d372eadbe3a8eab4b
3c5127d26a11e84ea475495a6572ad3a91568b405722f57175515a5dd2d5
3a9156893ff3e562a397adad665cb1233de1ac1f225c78074c0ef5562f29
d7d086635222556d6843ddd5b81d225299bc3468065bbc958160bc2b3880
0886f336445655c7350cc715355c14e85080db58c0a3dc5ceda2c0700cce
3679680a9fc544920607627c36ea7a4d208a6e651aee094429f704409f60
2bda4501d5daed1795b0604e011ea98e0bc4e932be8e32445c826887038f
9b2e41e8065c1e4d02c35d08eb20699721fa607b788898cc1225d69091d3
c60b11a7cb25a6adea0ceb5d0591375929a5dd4029c8afaed3815222b5a6
9401d89ec20c0aa92c9ae9a4c2e071624574c4806874bb4475bf72545d98
14ecba645e1e92d9723a569f9699302d4086e82ba7232f31f956d4276df9
f292cf7cedc40c11bae612d7a6981d731905309b67281330d359b83fd133
b08407bf6c2e3618a0853897f330d3f4b19ca1d9addf4e4d548945c39aa8
3468c2adf6d45016b342302cc999d15cafe550ccfe3aa26358f35aaa0566
bd90760d5aed58ccaa4bd6b23bb604c673e3719b43274f905dce8c98c6ed
a0a5b2a1cdfd34b4e25974055dbb5bb00cd35fcbc60c23d3e22b24f900ba
71699e0925ec028c384f4482a794b2c48ec7a11cb4ebe6d6600e0e0799ee
b5a9573f0987314ba46d03ee225c1c2cb49148200d034a0416c33bac6039
cf8c8e95f4142bfd45aa279dc82f8cb4ea2955f05216514358a0cd5144eb
7744ed375eb723c6a01586b80811754e339108d794cc660a039c189021ea
719c0850bd359ac966f105d9126873808812016af9b8112da685e8e7400f
c10864219196f8a294805e82b20689701a44900208aa011ce964e80b8a9a
332078058343981f0744344634ce7978b45ac80cc5f605f48900fcc1f7f7
231aed828711dada025b5b309eed06adf503d40b5a1f9a002b9794101ac2
280ffad42c1ad1e1c38136d0c8d4581b113f670ab5611a78445f1303228c
38e16fb144dc202a0ee9e3856643fbde62d4101a4eabed5d5a5ad00cd240
67bb9f8dab3fa37602a0d32dde89c65c8c614fd0078f4babea27620ee4c2
b20ed2eb32b8c6b8cb23b73e31843589b8cd50a7fa93b19ba1ee5acf501c
7d60bbd9e91d3f269f965ed74bc82b2c06e9da0aebed30342e385c6412b3
934836d17fda0dd17f3a38429ba7c4005ad0aec40062d179b8163e5746b3
deae0403b24e31e8f7c47c5d974ca4fd8928dca744d943d0781e76cc30ec
38c3b033b18a861da30e5b1d6eca9f0823b296fa58a31fcdfce1b20dce65
bd8381395ab59148d66d00932f56a3da370cd47d73e16961b0ec803ad070
dbbf8d226afa164167f7389f8fe2f46cb8c744099c5b57d6ebcafa0aa2ac
eb3648f3a9ab422d9a35aa4ee675325f61c95cdf93f2fe20c3eed471218c
a93f92dd4218afe54248df86e21e5aee6ee88fcb4ce7c73366e3cdea7d30
633a4cdf3ca97380ee68a83a5ad4724b439faab1156be44a8785048c9080
c3cb74caf681ec58ccc021d204646be38dd5aefb33b24b2c96f9e5dca591
99d6250333cd65baf2b47cbb68d9950da35d59be833dac6d0dbb6aee4c3f
ea4cd643675c7a626ea0d3750feabcc7a5c70264dfe5b221c7b015b7317d
d1e758a9e992a8d8db3019cfe51c27c30443eb30f5084c2bc12c7b6a4497
334ed6cdb8f5805c5c4561a4a42cb059658105dbb0782e254d81b6e330ca
6d09802ceb8519ec1a14673a3d21842f982814b2e50129999f00fbad9494
823edcd1324c4e552ee1ec54d87dc5d933be1a88aaaf384ac8e63a263fba
f8cf9ee58af7585ccfbe668f7ce74418eedd779d92a00c5d7fb260b33e52
dd4c3003d29cf5892cad32a07b146019ecca4af9643e0b13d521dcc1bd5c
518411c528a60282165a8b521aec91c7f864522a940600fb48b24e0e888e
8551c12f405553e9187844865361f3746bf44f4f5704b04185f15c4aece4
5fa376dc2ff93452228b107df115124559c29864f2ef2b93a807dd54f257
47e7db656c1284a490e75ab504d542ab9e9e3a999e6c14f96e50243dd9a4
06afb4cfa689136e505e9251c61d9391295837621a6d5aa0f39446f49510
5753a066ad8379f647d889a952b8eec413f02045ad092a3dc8549bca0cbd
6baaaa010020583500a597b8939989423693cc94b4a48e09d851b19417a5
292939093f271338ff0c20e4e65e414c29994bc58593d2a414ea4e388f38
48bbb1674a16d5589ccc89627329332101c9024f9f8c49a734fa10522540
33f3518e563e462469c5d7b4b4b87123d97c725c4ce60b65115e28938aea
23d4bbbcfe746b59cfc6ca9bb3b1525c5641571c2a29dacea0ac86eea749
0025e9812866e45e61482aca6002f8529784309e84154a99914c36532ac7
b564b23c8eef859ea2f4b6b87e1f983e98bddb0c25c35ab1b73804ba97c8
9568906a066a67b0e8a6760674911f59901427e45148b25bc3d40638cbe2
70a63406247162d73c4e71b0ab04697c57537998823d5acc4fe09b8196b7
523a0190ac109be9254c06d70e482f2b01b9aea45330158163b57984ba96
9f486472bb268120db75528609e9d37973f3193982d807326214b4c697fa
12a5316b2948fcd6c6b389c95c728c07bc8192ae46ec865f04dd86481acc
4772a9de346cc454022a49c5d149a8f7c8e6dae09ddec139035d36ef8512
c050a298b26d9d78df3b592a4c962c05c612452925c09416f99cf95d5692
0a00f38380d751d2fa4589aca57e29519a944300c7a617a0f8442607e69e
f21c46ff46754def172732a539b952261b9982332b972746f240f23588f0
3f61b4c1aa071085a0e49163e403591835bd176256a822df5672813c6204
2498be8ae502d95b556f7119402398d221739906a705d9d0a8b9261c5c83
4d0e3c9b72a26d41ed63d18455542d66d7334d95b136a256b36daa4258ae
fd66852b8c581b1961c4de8827ecc14da5e13b4ac06c863ab77b9079e201
152bf4153312a1a299f125d3634de1b7a347467ca12dbf051794dfca64e9
bfc532df06747bf81b7f37a495ebc425f9ae9852361a8b11d074378d4efc
0101e854ca2210640fe0fd46f41f3cb4d39f23b79d7694a96dbc1d650c6b
309f8234184e411aec0e3f1af40c7b110e7e538f821b34a34b83c501a441
bfebd8a01a76202032975e83a349a7c16cc76920ec380dbaeb7a83259f44
0c8156ee917acc97d780f3e535d073e5353867ca6b2032e539d20e200d17
f209210a0aa9e4c397f59faac88737b5ed463ebc463ea0bd06ba29af4177
77b2901591a37105a0a0309ec78a322e2e3f0aa2120e6f223111d291f663
a19d8807da69d3e41903ed801f507e3c0669a7c1c611c04ddc842b241682
0a6de8a673fae8268a672ffc8dd2cd28956ec80972173ec60f221f2eeb3f
dd0a0df5a83414a3d050374143dd4a5904c24043dd741a8ac760f989b871
f9f2358a682397ca242125f5360d16253437e0059e7c9d30f44bb355d01b
2882e84d915f3aad7178ce6de82c367d74d661476782139d09249da9fe40
88a01a69be40ce0437a813dcb8e02ca86cc8cb30fb71a6152e3c5d2b5c14
af7060052d392f6e063fd88a0493428a98649ca554c7b4af6ed16f544a49
6c524a133fcad7a8fa1351e8c34415b62412411f9884c79093f0b09b317b
81e2490810c4439d507754a9188aa83f61054351370c552f55bf696ca863
d7741c5e197bc879ec0d467f2ada002ce7d1d333a59af0d387e43c026771
a58f69f974df8616357d21a48c26c2c0ad217262a81b8a1931631ad95930
405d6e1444001a4d7523db8ee38d302dab5483e96a5843053786e20629de
69d25b6cc4f9781c9571bd92d3405e17c2754ccba013b1e8a8d2d9d1ebd0
2286a1c5dc87361a61d95c5167d185f32abfcbd580ef72b9753f13ab6066
62b42113c3994669258cce2c7965521159d876459d766f0c495a2d0d2628
134a0cc6cd4e550947423c4c3313e0d06fca477535e08789086d2a1ca594
622f45004139a5c278042d15f394aff3d04d859cc1280a4901283f86d585
6f14f1bf80da056d9bdb4f7c6e16518e4504a051e9886e9017047dd40111
678205a5205043673b418f3a89460de6d7212fe657621154a2933012010e
4f425295abd5b45709ead4a047e0c15a3bb969640cd1c775fa3886087d14
96d7b236356819231a781f00a2c761853c650ec4ca0d29fca4c553c5566b
3d1d7583399a3f1e2bcad9ab946d8279ae42f8f3a82177152ea0a5a2723c
4c68e01b7d22718b8b81e948bb8b41b6927c475a852d7c677f32e09defb0
784700ddf88ef7ce773cc1773c33df85687c4776d686ef300017d3358d25
970bf7853d705f6c85e2be18c97d3167ee8b11dca77062cac07db12ab80f
361c14a359698a7921ac73e6f2e14c7be5bfa99490c79b7260ae5a0ac54c
1e3058b9093ac83465813224f617a14b82080f9b052103ddf5e6f1c99c4a
d12e1cae582f4266b3cef431b862b21db432f8b089c1932cbcdd5773de4e
3a73769f95b3432467879c393b447036de79720b0c9c1df2c6d9cd557236
7946a6a973666e2618ddcacdf60666efdc8c0d5608a01b37b779e7e63682
9bdb98b999a77133d9592b377b39e3b33fae9b3efe8b7a5860196395cf90
05364cb261d8990dc3041b2a8b6dda9c9ab5c6ea2dc95626a3beb259b267
be08b194761b982f6a594abb63da078df954eb033f0fbdb7673e6c9d4400
4139a5c2043ccce4455e8584efc117c246ee8354df6ee4be8088ff35ab35
d52abc407c6e854efaa31840c0712d6d56b82f00b9afd9d8db6ed0a36ea2
d19a1c70d89bef2dc755d3be4a0e58b9744ec55cdac3caa5e6730a5b0e6d
76e3d09eda7168d46ea1f4c8a1cd1e39d4c85a66ae34963133a655c7b563
cc2885316b7a3e674bc915d2adf9889f4ebe9ddf18f9323a0a59a79262c0
e3990c78615b05a74227c30a67c7ce496cf95ab93aaa982103ef11bfcd7e
7da6c79d888d30be6be014637bf6d46008ccdda01d19a908eb32234c9fc0
5a677b713f3e2ac3a3072fa769a6a1450d4363382931d50fb19cad9011d6
3572651b9b2d15b4a351432a7019b875bc11c378a3f4a9d40f35a6773209
dbb8a51bce28b23f38ac556f8d78719fb2ba91a8d646a2bad9f63b6db6ad
c49515b35234c67728a4d9a11de95a6af0bdd3e212454a31751e748ab22c
95faecd0520b1ae990e268e5b0e380944bd07e9f2f6043fbc6297677eab4
97dad4f1320044c22014e335c7628799ebb2cc9cb7ee90cb5b8d27c0867d
4c13d059f104d8229d4599b0b7b2330ddc4b43662f1017af5a6376761d6b
51665f0716a4f16d443f684d86ddb5b85af5c7b8ccdb7890e1767940d5ca
ece9bfc945d55c435959bb49b473584c3beebe7c1c94dec40989adf9d4ce
58e82cde0c460fbb058b71513048d7b946e3bfb6e8315c2c3526e2723e23
68b3cc07a9c6d1bd5f425579bfb83b894c939d8341df69ffc69c4468be97
d65b74561b07e510a78de910c7dec6413beb98a6a9993e2307ab19aa1a23
87839a16827cc0c71514c71d16fb1e27358d6a696256c322d3a186d9781e
99b480ee2ad5b00a346023d1dbe2157faef0aa2733ca6315a1dc8b8ed5cb
805dbb7589f5da251622e118dfae60b9dd8180bbad88a6099119be77e8aa
9668ed5c6f315af86865fa8edbc56417f5461966d81720d41b753a58149c
78cd141c04698851c161110515a294501f8da8a39a18f50b0a8ab6185d31
d189ffe3dba8fc695982ddefc2f021a6e5ca136403fc70b562db4eaf7012
8c53c467e8e03e4b1c954ae2640ee0355b0635c452b9208945296ddd7222
5fa30a9dbbfa8b3b37052d6d2dce94724074d5b629e4b69f686b0feddcd4
ec6edc1fcee452f9c5b1627eb260479becfb0e9bfb30012129e5247cb560
316ac774b520885b375e838906187b030b3787715caa74251763d4a7f67d
6e49e2786a727312378abb5d9e1b114b3cdfa2445b93f5ae27ddc6d96ebc
3851c93833ca56a65969be835cf57a184e73fc4a45a56dc04ea8aa32bd09
59ce27338992946a00838691c612b9a4e428b3649f3f9e82973cd219282e
79de1f0fcb7cb84f14da590226d985b08121550d40fb2aea99d0cef342bf
97aa7a38452568902fd83b22c3785aa01338961a54007dadc3996c363496
c88d4a5a28213e15e903f28cebe02cc356a1f90366685aed9061f8f4e6bd
6082583d0c020608cdb67caa8c3b9c8a30cc92bd5d9b88eb8fe49687ae19
095c0583f25998fac60c924bb43582f9d381858cc0c298b31946ab42b21d
2a7cd3c762b0810775c9b14426074f6fad8aa55dbb7c23df176729e9e304
a11d28be703930c47eca30f5cc1808d252450ec473a5463f9359ca147492
a90a262645eb26ab94859124c37174095003e6065b6d8a88c405975b658d
1551643e0725c390f5cc9863031e8a12918018738989bafd03a71542bfb5
7c1d6458ad49637ca018cc4cef1c37bc9b355fda1c7c14aaa74c9eb4d944
68a1cc2b8b1d042bce8750e6d072f8c1080b28879f538c0508468d208442
5cf4a11860937d388813c4094c77d4dec737b68aeae7727b48e417f31c00
80be00b527e0b79b79380c83bc6a0ffba19e548dcb7ed96e575a26e79d70
d947ee2fdd65bed74069bde871a5e9bb4515a04a559c68986d4403fdb888
d567113e543dfbcba02a91be7e98c34f10156b799884582dddfccb305114
6a45b722db45d11789ad8f926b100f09555737661010e820a4f900fec774
35a00c8b2287822611cd84e1a24099272e0af04dcd004573ca669b81e66e
e017d55f019127ef10e039d6ae1194f916517964b94d50e61b5be0340aa3
b839044fdf3ebac69517048899602b79162dc20e29ae0b7ee8bb00fb4722
9213d1f031f168c3c0d361bda180a6abbd77e740e38cf628a93b60b03a60
30dd319f1e632d90ea757bad23de1584ea8612be7d9a6d25766b27a72f9e
588f6e0f37aaaba7c78d72d9cb46b94c6c946d049f711f81b40f72a78c52
021a36cbba40079be59822c75a2c6aab90f7733d028ca0ad44b3eec591b3
0dcaf6a471cbea0f44a60a906032006540b4c194185d19981024db672829
cca36e6ba8edcaadf89320958450d500642edcac0460378e412f44dfcdd1
9b2003bb835ed2b7deac209c706ab21710f52cdb335526d9044e6237581a
6cd3914a6cd3eedeaee658395558f663353345234883155bf6158c858d18
739660558c3b6a3f6e77172e3ea4f650eb9bdfaff4a9c2bed8d9245d8844
6b9b79960c223e5cc18901e5bcc0d10a54c9e14e15ac5355c0a92a88a9bd
664cd4ce789ed3465a0f178ae41b1ff98633bcf2db4bbc92cb246ab4c632
9566f738b7b848cbc941cec4b29539715acf08f4f0c2a6c71d68db61bac2
42bf31c478afa1dd70af21ee704585d13da9165754888fb66e491dfa96cd
cb15ea69f025623df9d1c3b19a1ec791c3149a55da501867326698c9f699
71d9c8713e6dbd0167ce6538c68b46d55f25b249b9a0a98ba8a3c1b02467
46733441e47af2ee20c0f4597116aa95e0d7be59d09627e76027582a028c
ce0234038b076488368de852a7f6a872b20bb912a6cd06a3e691372bd843
780eef673ca5ee700fefb7a0bd82f07eeddec3fb91f14e2a8a182cf2feb0
c90193c10a387342b6e2b1101e4e6e81bd5dbc8f554c561cef96c19d78e6
62cf3998273b6112ecebeacde73d127b6da4b7af51e53b84d0698a82bc22
853f5647a99dc1b629a30cbb8cd2cdb9ee1b1c19a9b1d8af3faea16fa73b
d62dd5e4ad75a7d21ed482e9d9601206228f43d63372dbd985d464dd0d76
09a54928383d33e9d488b2958a7640d579b583e931b51b999f0c200174a3
85d63d63f262f265deefd7d200c3dc7d7a2260db06719eb43696f6d4946a
86e69221031db87bc334a80950492829e31c2ac01c1296da1c28d8a62c45
a95c6d1226770fa8d9dee598f259269f0aca53bbbaf0ac482939a2d511f4
4f3003a2f259494e678585f21daa55a89e4acd4569e1a424979a0016c61a
c13eb65c80132194e6253aa3f307271d2bfb7c6909e00ea7bd6e4921a28b
8721143c40918f9554687460d566bdc570e5a6a6c599d218cabc8a454326
378910d193cfe14cbe520a7c94a51c940e2de9c95c12be15a7203a21914d
11797301e06c94de61a3fb932f302a950c19c0e1ac899873c80cd4ce5830
03958d40c52046b0302242522881bf246c021536e912757273cea588b255
6a34eae8a54005e7eadfc0d8131728a2530f4618db18d1460b3347d27885
48b2de2c27164940414389689574ddd1b29a8b9b32b7ccf5797708862ce1
b83899a35293109a2c751f146be2718f9d7382a40c54f63542a61d4cc8e3
e87cd89f4fb716517e5fc0a2ad5afeeda6917caabc509c9a10178a134a4e
cf799985226c600a4305e44fa6f986b9bda3838b471866a455e9b3818109
e492cb20038150c195ad8baa820f16baa9082c0339350229236aa2bb8c84
4b491bbca36b3603bb04a10ccb66cb00ae134c4af9b2a22579204037000c
18f105138542b63c20419708405052ca4c0d2c64600fa482113143528666
debf991d61edbd1d8934ab95b8c6a28899f0b7e6c4182beb3fdfa86b2c72
f6c5fda83031eb34bac6c634d75865b9aabb36afb8aecdc629f4c074e1ca
262d64a08910317911c2b23a69cc3fca30799db59bbc2837a4f6a3c2dca4
359ebc5175f27a6208393d70f24cbc671b77a92c5a032f9191412a9f6322
bfa7717ee3b03ac2609c985becf38b7fe0a0c9c8b1311e0640739edd7ec6
d905ff9ba757b47740ef54fca02bca095a267dd34534c74e79419d277a50
9f689819144df4600c636a9055cc1a2cbc95f025916bd3c0a1fd0ce2b583
8943e3d3245e2bcacb59630e95540eedc2e2b50bcc9b07061d7260507d2a
4886b2e5db5ef567c2cc61fd6e93a39109e31ce13cc53592418e83ea567f
c6cd83eaade9a08c6371ec92b64c256d2e8dc02cde35eb963be76b0ca960
d1ee1e4bedba64ec0f555b77c45e5cfd19b5eb6a67ad29d5068dce9e7c65
d351b6a262569e3d1202ec24089d267160fa48247158ae6219124822d163
91efb0dfbde8969399b82b4f1789f559f7b1c07c91602c0c2b5715590091
8f3e4367601ac00a101bc388358d814e72338d59555b874b8f66fe0c5849
db2487863c580d942dbf2ebb943d64c517214d368441eb3dc8b8b297b0d9
e3eb57b1ca50e9236f63c107c65b905036d6384c1c4caf011bf27011129b
25f0985a0df7204bf08a1c7458c4fffc6c6174cbb034ba083915335c838c
90b76622f01a24dc287453af41fa83a2faab95b806195145b896a510de3b
541e59921596e10d447e10de82f4a9e0bcdd82046809361a6f4182fee05b
90101cee1e89c54130f441c308186d2b14ba0f6944ad53790cf37ac5546e
b2b4d85379cc4ae5e1caa8bcb6770f2ba0722ca7f1986a4ce5210395c748
2a8f554ce5314e35aaa961a53195a34796e8d2d553798c89ca492cda52b9
fd3d5f8aba52bf2d5fbf2d5fbf2defe9b6bc67f3ae83a536520d03c48cc6
5efbf52364a5ff6865eb476d53d255b07e6003011e538dd78f8881fcc324
f9872b5e3fc28ad15b4f7687d70ff4c812c6bafaf523c4b47e9058b45b3f
6a6463b337826b566c8309aeda6580b4e2cdb77241af6242b75d0506342e
984f70c11c0e3d307241bf172e60cb9905483020c296483630dae46cd600
3c205453e78125fde40ae06b614b12a72f027ef32260e502289505af8b40
d8b808200a08da2f02617511985fc51a10f7b0066044ce47839f6f5e01a6
c5d86ccb1615d3becdb1900dfd77dad27fa767faef5d2ef4cf680fad3122
0d2e0c4e4b6aa8468687b817c3035be473f3925aabe34c5bdb6ed970094f
b1c71283eee210c51807ad4e90074262bd3259e6517bcad8bd5aa74d4389
1a868226376e31f99aea000dd662d724b3ade9063d96ce59fb1431f409f1
7d8c8ededa67212bf33d28a32d44b08947ad1da019c76bd71972d8aaa194
cd3a4e356dd62d3b75cbce0cb6ecd4489c93dcaace927676a2f22fd61ac0
825f628ff00f3b8d0e24342703ca2680ae6122ccba6709a34d375d2cd107
5a491d3455606eb25e727795f92e8fe8b110fb7c2b766c5278d963873a4e
db45c9d3b82a17c5a6b822fa68c1f2860eed5804af79b0a676694d407a8b
980a57d09ca93532cf154d4b356433a0986768360207b2e47b8184224667
2bb63d0a2e83e8e08c124c97ff5890cd5551ef16da0d79f1f717178d2ad7
1de8decfaef5ccbeceee4b7ba4e67b07f7c3ca98ed9ea17d661e563a9937
8d5ea6d3b60573b16a466cad9a156ec16a9b7cca824ec6dd2cebba134344
5060cf1555e6fb3cae3a962362bfcda26c93338a6d51f6e4d0ce8c9638f4
34e78becf141cbfc80092d2e7aa61d126c42855215511b51ecc8688c038f
202ace7951d27aaa55d2381b54d8a463a2a082c9f1d6717d0c6bcabb4d30
38e715b29b5821e3b55d2191cbce7cc705d2b2f3378d936a0930643542f6
89156ae04e84aeb9356af41861169ad6ba555ea0b1811867625e63ea1df7
d8b6c6dade53eb201aa828926edace89b0e23c39332bfcaf59f13764c729
1bb2e3503555875c38dd49d79b90ed4ca5fa1d4a3165ada1d5a62789a1d5
70c8dd42ab629b9b0517ae9bdda6ddecc6e67efadd54a8e0a36a11c4be02
f0eade9f1e00db21e2b510c22c43ad2cf4bb1799e75ac41029dcadac315e
b791a5ad7809315d0130682f0a9f7956db3a09ed25565bed05d1e55c07ed
85419df03ea03831a0286540c686a9e1ab9d1b8a110d452c0754de306660
94301d657475cf71c53242a9f27a49957b83f6da1259bb8b8a2c52d511b2
8e25c23335fc807155f77138aa4357462e35368a115f20da166c8df89af8
e6567f24d81cf271e1a03fd21408f95ba2cd5c571734b111aa401f1f8d34
173022e01a106d8aa400d21b81b01812a196559462c544612c93949b43b1
68369f80eb315ed2a2a63d4ed4b4f222b7bfb168042c380072b7c8f72bf5
b8a4d5f619d5662faacc5e549b3de83518256c9f68318a1a668b0c920367
276a381631cc4ed4b88181c0ca289206eff7a99fd079964f84e15a60ae33
f8c725fa4b7d5abed96931198b97df8984f9d6105d0ab171744b128397bd
d30d81dba8ae0c3a4c2150063bcaf096bc1c55884e5306a3746550c013ad
5f378e826d6252470aae6e4093426046bb53d4783808a142f50fcf75b92c
24bbe725c1dc367ae4bd3a02e908a446c6a9a3d01185fe3a0dd60c81751a
ac0c85be3a0dd60c81751aac0c857512ac15fe9803b9317a90b61b3c48d1
b94da783836e8db3d394f90122b3a7e74b54b5f62b183019871d3bc488e0
9801c1edd86d78397a40f721376584e019ed455f4b076893df9a21b98b79
df656feab51c38d61229defdcbb4ba8c0119b4408b6c679fb5985c4a0f4c
2c651ffda752b33122a8cad39f40801d0c513516b4571455a39d1a3006f4
7b62bec5cd94cd4fcd31e68f16fc2d6367a8ecae75cc9fb89d338f6b8434
7667b29916df888597b488338ea1546a165cae025f5553aa10ab5499f1e1
a6989c47ec3aa9459d95ec3a19af6527ed241d63a4a0da052e620c4ce4d4
961792773baf62ea34910401a5cbc0dfedd25b9039356a1775d943bc76af
1015e55d798fbb3c15977898db634a0e448ac57c512ca05c1f4bf22219b2
3c3b3880ebb217d7a2a8db238e25087f15c1b4d9b1c80a48475e0b311063
ce92690ac10e9ef211780c5162a78ddab443508cb18aca15d31b22bf8d86
731cb53fc48472d6b8ff70f4fe083b8a2b846b42a99655c60b3baac94006
641162ca1b735a2bf35556dfd91708aaa30ad9b9d19992a468b94c3459eb
90ea46f368b14d7043fa9bd817507c56445186ab8008262d2be1e42aa00b
32f84b2e11dd73bb6daf1c75cf8dd4305451f7dcb9350d7cd4dd6f4fabca
689c446d778e6210831bfce4582293830e0d522fad9c926c870a86138476
30f970140e6d19c9835ece988b875ece98ad86564e6765f712405149a643
830b5d5d22a89d325818a9e8541c1969ef8986d49b4705fafcdb5f5572a8
a0366f292ae4155aa27a6ae11e0326f485a2d8583920a513ca3888cc4f1a
1c5b6ea54e84830b2c5f95db2aa5b683db2aa58693db2aa58abddb2a5f8d
039f7365242d5de01bbcf35cca9abcf37837414d9b2a5d1c4519c511a59c
2a8e68600ce288da96491c51cb99c411b59c491c51ca11e28852821433b4
c68c6286862655cc449d79dae5759b1327b7e96b6e422ee79222e854b12c
a2d46659a9249b5f03bd91fe121e6d906f996824cd56aec79994285094d7
94ca06421b1e62a1465a6fc942b4d64c144b6dd04cd9540c19cb519b3531
00159cb11c159c894fa8e08ce568e00c9c404589915f684d1a4ad1084665
2a1ac528ef417585b6a3bd03a188d8d5cb87c5ad95476d93996c299313d3
d0370e3c350371a80bbdebf475d65b5d55fdf6560b2fa2994552c85bbdb9
7d1e2b543aac786f67c62316f3b2b7f273729974be3831582e48aa5e02b6
15de60c8998994b71afd93896269099c716ff5baa55222ebad8a000823e3
b552afd0951ff54ebee81cc87b357e3295c9db56735abdd2b60a2b783a92
cd27c7c59424278b990258229c5639505cec8e0cf2a12e1eece6c3fc202f
8a83a590c3ea0e2ac487f80181a11c1b384a86d714eab65f10b2f270976a
d29463ca73f419fc9e8ae9ef65ad16ce004b7cc62507094882b93668a9ac
7ca6668d4dd9bfe543f0fe991576bb2cb40f2cc9d2814e09a36e8500ec76
0df68836c2119bca28896d4afd6485eda0b71a5ac1197031203503ae65e4
6a065c5c2cdfdc23209b4ba8bbcb916af93693d2adb4990ff608d00ca7d5
07dffb320549fd4eccb73a8bb44cac29ca4b4b2656953e9c33b1d2c03118
81997ae29e8995de8311c63646b4d1a24cac0a6b25bb85244fb08496e634
657e62611fe75b1aa874b7a7d213b2467c7a7255a60932f58d9e3fbb5b6b
404f39cade82ec6b12d15e15a896a57c32afca0d972c9e1e8690255030a2
74ad9e7072c54c386998bc7ac2c91531e1a4610aeb0927579c8493f5895b
31270ee06e0a0c0387d95654bcfaf2b7222e7f0e33594f00fb6d4e00ebae
f6d413c0cebc04b02966065d6113c0b20f71e62780358c65a6248075e5fc
e59c00966df73c633c72d504b046347e0713c01a897bf92580755fb9667c
fa51d3181c12c0ce306655cd64dfc604b02977c72c27f71ed336a89e40b6
9e40f65b974096c1565a4f205b4f33b222a719a12690b55777ea096487ea
0964eb09643d2590f56af5af2790ad27905d8112c8d6c9bb4ededf5ef2d6
0e8c7cd6a3bffa9eb7bee7fdb6ed791de8bd9e1cbc9e1cfcbb9a1c7c3a0e
22ebc9c1dde8bf1a4fd37a72704372f0da1c33af90c9c13d9e5c32260737
6d7bacc9c14d675e94e4e00c9db3f66946250737f2a84d7270cac1e9f427
07afdc7c5fb7dad7adf633d96a5f2371fe6d4e0e4e154b0ec9c12ba8b342
2607a78dd37651aa49727006f7cb69490e6e6cd72539b8a17025c9c18dad
7dc79383d70fcfebcbf0b77c19a61dfb4123da425135a3f9d19f8125d0ee
d7cd0d88c52ca31db99ec69e991f9c4ea1ea69ec3da7b1af63b386d8ace4
08a9cefaec4ba1037aab4d8c1b436328a88360d180fb3c6af696e326bb54
b9dd956e7cbc2544ff56e70b76146a8c038f208991f3b211eea97623ccd9
a0a28b1915dfcd51639990c8d7e5818a8a85e6c3dcba60306beb09d99f10
b09a3ec7464daf64ff1ed676355525288ed776078fae9b382428066862b9
8af32d1ebcb681e3e21cdabf35e1fd5b5cbdd556b4a10f13361852dd28ae
67d1150b3d58df829831cb94ef08069cd654eddea626d022ce8bb06d0515
c7610b8edd2f8c6a703c9ca0db57567b11b1ceb4a7d5c30a3dcea4a34d57
2b3a77c700772706106bc79c58bb498411e0d402fe21786dd90f1b561fd9
f84a913560050e19d2ad33eaf30d6772a9fc6294e661c82ec6bf2144aa09
47012129e5247cf570318263ba7a18c4d08df74fa301d6d62088e6b0944e
4c664b69bb1ba97a075a923816addc9cc410701fca73236289e75b9448b5
b2de8fa45ba78d09bde215753a83537ca1474a173a48a5a207480f6d506e
90f99021fa787513a9b01746a005985fe9ac020d503beaae1d0d3897559a
d1f0afb6440fa34b8c32c4d18b1b6234f6b394534205dbc5d474ad4b8bfd
ab97a0040f26827f4f380567a4476e748da648af3a12a38e4cef166d645a
09cac888358a1684998c6b4e698628d2538f0db782c786234e1e5af0c943
8b72f230c0baa5a9fbc4d4e230cedb11507d22a66d22d802387c472d1fe0
5135e68fef38e6eafe1e84bf077dcbea99723cece47acd9b39c17d3337ad
dd51a38ed342e32ba1a04da1f1dd2293c3143fc3ae85fa190a39273972af
4ee63052c3d34fcabee668664a4a0d6752a5b138402a2026d98875bfbf1d
cc46a2981ccb008a2392d4c29d71ca6a61b0223dc41483ca605d529629cf
e6c74e829b62b5e526249ce63a30d377629046a68562112947e82f9b72e4
7dbc7162bc51da78b57e45a13099838449d4a33099a6be1909c3ef571af4
d6508c6808dd2240035e884fdbac5c58a3568c5df7465206591ca6d39461
24d06a9fe81fe02cf3353d6dd3edbb8edb6d2314fa025a214013c1f8fa32
b91c50a59092a24e2490e92142a65b966eaf71feaa3ceb69afad1c6a7731
e5b366dac05910c619f22a006c9ab328d22a91ddd2c853eb1ccd1e49d4d2
cd744afe4413a96bbea049deb6c0f273c33687d1a353036b394d50db8ecc
ea84ae30975b69878d8a1384e589c929c42e512ce096309d514f47474c2b
651f5a29d39d761b4767af7b1d9055f055d031558aa2798ab21f9fb15ebd
6b375cbd4367859d0e371b199ddfd8efba0dc0f66c6f362ea73bb1a463e6
80c95e34e33ac4b6a6b2cf7ecc30fbedf832e872bcd7da872e9fa2d977c4
f58a371cc54da954557a8569bff33da32fa4d38febbf55524fa194454caa
aa7528f677a74dbb6e732fa05a47e48663539359db36e932fe440f584cc1
2fcb4a6a73cbdc512ba1dc3967d58508558b561c9369302cc999d15caf59
cdb337a331fac3387ac1d492c1187c4e2a846c3bb13c371eb7d1923c4176
51723cc1328934da99939670c62a0559aa787425aa85aca4f4c6a422d8e7
2ca8d4d688e4b3d758e0462f17ec9ce21c0b7c417b45b1c0dba961ee41bf
27e6334facf1728a63a6022d654dc66e57dfed7686ef355341dceeeeb7ea
8890e403080d660a54da803e5d9c6e98b63a37baa587311f07b9a69371d8
f938ddb99a69a9213c5c179b715df7b8c46839076c83e9bb384b7b4f2f34
4d604d7bf75e572bf70a2b091c969def8644d70ef7d3fe4414aa9551f603
d11530a98536dc943f1146642df5b1badbccfce1b20dcedf424ba3a69db7
b66a23912ad31e7d8d6adf30d0dae8a4365059b2df5064b245fbee40386b
779273333e1b13d34d02bb4e6a592225bb4ec66bd9c915a18fd55cb0f8a6
6980bea8e12e9ab7e1ea537472a03243543b3bc049cdf11157a7ccb4342c
d70c4c866ecf653af258be5db4089a612468f21dec5e7435ecaab933fda8
33d96fa4338cc9b31cdb328fa7d3558a57d48e978586ee36c2bed4786cc1
7496cf847ec38a6ce3dbc1048439759bd29af3b528adb865338ea490288c
94f42379e53b964c594532c9be603c9792a6006ee2d069ad043a59d60bab
b593b172590545abe272a94305d44254828d08a3825f00825824da32bcd0
7c007d2d3d42283f51481433723e37208191978c7e7a16e84816f3210b70
fc9cd760274376f78b1a81c697946459694a0ef4488ba4a2ee94e86bee15
c454462e244ac93171e1a4342985b0ef614b5879ca012d6c385f1c07dd9a
886613a354db37e89243257d169d0ae1a91d9455b7435b84753bbd245d23
ed100214cde4582293831e2b526f334c6207a657101615e6335649249380
414a0e5538be91ef8bf7368d246489bcdbd43867a06bc8a1214c6acae975
2f172c4a13f992c407fb8a523a33d5d828467c81685bb035e26be29b5bfd
916073c8c78583fe485320e46f8936735d5d5e06a28c5d1c5ee26de4d40a
e4b81da0d6609854e8fa15a9663151c8800130c1a35c015b54185ee49a15
b1454ca101c995b79400829314354cedfa38312377e5913f6ee54d8f3036
e613e552a23429c3056939a0541ecb2fae6af29cc7a5e1dae29cd59decee
74ab24b43396eb772ca793aa43564d7a7dc2f1cbe4f645af63bc706ab8ba
4aafa4de0235dc0165197f77d66de4b412e42dc52c96f6140f7467f775b5
97d4ea70e9752f348fa190c111debd34b98292e56d17356307ec8b680311
bba5e2a8948a65f32389ac3c4bfbef8b57d6b97bd6acd93b828fab288fb6
06ff5606cf7e386b25f875f6d6a00cf8beea47b3565e75167e37eb59f06f
ae52e7c7b3d6d872bf869567ad378be5bf550e513fad94cc4fec5c2ac203
b69d4bea544fe0a99e953eea95f5971eb7cb6b9b071fbd65e2d1ab1ffaf9
93f7bdb3c178f76fde3f62dff9ef8e5c70eed9e586937b7e23ad373975fc
ec8e8bae1be85970c85d0f6e76c94e9ffdb1f9f24d429f1fb5d313bb9e75
5bdfdfd3cf876efcfaf9fffb7cbd77ceb95f3af2934d63c38bbe7ee8c49e
270e3ef7d397a39f0cadfcf1cad1ecc8f5875c1d0cce5a67dff981d04573
0f3cebe22daf5bf98163ae4d2ee8bb7095d0e60fdf36b6d73d991dd7b973
d9e9179c79f6c94b4f3efabaa55df9670bf13d873e3b6e9dadd7fec5c827
575d705e7ce32f165cfadc792f9f7bd1b15fad22673a7ff0e27e9b3d35e7
f10f078e5cfff9970fbaaef4d6565f1ed5f0bbfe8f9f0f9c7dc6b387ae31
e7a8a33bd2d7ff71ebeddff83a32ebf5772efce7bfb6cf7d71de23ebfd6d
abc6ab8e68ccff75c96d973c78e4d5d12fde3d6ae373fd89fd5fdee3aadf
6fd6f703eed49ee03be2ec831e1b79457ce08363bb375eeff7375f96914e
ed7a5538fe950b5f9afdc961adbb0b237f78eae6535edd55103fdbe2d9d4
1b07f67efe41e89fdca937af9f1f6988befba970f2eddc7bb332c31ffdf8
eb0b5ebeeaecb9f39ac327fdf4172f3cbdda171beeef7ffaccf886f73c78
d2cdf24fde7cfce85d7edf70d33e3fdaf693f35fbd75fb63b73966abf55e
3de8df4fdf38b8df75bf3afd77afdefad15d9f1e1c397db57db77ce88643
aedb769d9e81e61d6f7e609fce931efbcd4f57dee6f0b702230f0d6eb1ff
da971c74f26fe7dd70c00377651bceddf5d6a703c9e2ec6df3ddf7fde8e2
eb1fefe9faf5a99fee9bbf907fe8e1c38a4f8dfdeddc5f7dfeeef33bfd72
f6c26b17be7969eafb6fcc0a9df8f689a527de8e0c0ede7b47fa8c4f36e8
c8270be73f55926ee859f4a7bbd3c76ffeeccf8b9f9d2ab5bff1c4ecd88d
77fd73fd83365b163bed85f58f7ae8cbee65af1e3ef7b3a51f1e78e1de07
1fb4ec97dbdc7268f887eb772e7d589cdae7afeb047eb1df3177bd74f61b
17051edfe29a6d8b91276eba6349e2e3b3e3b79eb0d5230fbeb56ef6dddb
fef3f1fd2f5c91fffd07d7fddf86a3afdff7935d77be72f480139eb96db5
edaedffda4174fdaf69cc6d60dd73d64a77d068567d6faf47f7ffbece587
af99daf4fe9f6fb0fbf6779ef193fd8e6e1eb9e9cec09a67ed70c59f3e8f
6f177d3970d49abfd9e583478f3f75e93b8f9f94fd78fc0fa79ff6ce2547
a61e2ee7cefd6ce926c50d3739e79f4b966dfbc24f9f6c7f6ecd0d5ff9ec
d5b70ebaeaee4b9e3a69f4ddae7dd6b8edbd6547bd7f7ddf254b0343870f
0d2cebbaf8aa23479fbaa590dfb8bf67b7cbcebfedbea3fff4d9fa7b7ef6
d86e7f1ddafde0273aaeccbef6e58e7b6d7ccdf7f6bdfad23bdadf7e4a7e
ebe586797f28ffec9455eef9687ef7c90fdf75ec3d4fcab39fee6bfcf703
77ce3a74efb33e1f9c3a20b0d105ff3ba550ec3de788ff3c3030f0cebf66
8f3edeb1e3ef6fdc3ef0de998bfe2aecf28f9313b3b99d36f9e987bb746f
7864e4c157ff78c81d77eeba76c307f3621b2fbae8889f5f7fc4a5ef9efe
a30b9e3c21bcf4de0d6fb8f5bc65871d70e5b53fbaea96234e5a52ecdaec
9afbaf79f68093a7eebd7dab7cefb35f1ef966d3d9eb1c221cf2bfbf5eb2
da99d75ef18fedfb0ffce5f307fd2b77c8c5f1af06ee7fe7e043672f78af
b879e09feb4dadf2eac7a7afb578a5451b7fd97996aff1c01df20f6cbe53
d7eb73feb7cf9dbf6f2bdd7265fac653cf1c398dffefe0916b7def67a34d
7b2f3afcdabdafdef2f45de77d7ec44daffde1edd6cd7758b0ca638547be
7f74f1c1bbf77ef0f8031e5869ee05cb1e5ef8c25d875dbed2d47eeb7f19
fb53e4de7f490f4efcf7ae3ddfd86fad1f5cf17ecf7f7ace38fbd6d0795f
ee3e6fd9f1276d7939501016e54aa914907950faad8365e4daf0f31a4fee
74ef3f9e195a7fa4f780f712efad7e4147686c83f289bb7db2fdf6af3f7a
f2a9eb9ebdf2c4a15d1feef7a37dcf5fe2dfe5cd7b574d3f7fc5b1e7055e
3af4f1633277bcdade7aef82d54eb9f6d2efe517b73d76eec2a3f73df7be
abb63de3c623cf7a65febcc02f6f18db9ffbe2902f5e979e9abdddb607dc
77f6afd7137f705571e1d97b4c4ee6621f9eb94efb4d2f1e7373776cd653
17bebc70f8e50dd73ff3a5d983ffddf4c1939e79eaca2f6fd9ffe5ce4f63
d725ce98787f87f6d5374fcebfb069f6634f8dafb7fe1bf7aff2dfbeb507
aeee99fdebdfcc3e75e9497f58b7bba570dd4197eef2c2e64bf6eed9fed1
974e59f9fb5bdc937f729363cefaed9c05d74c6cf4f0b65fffe0a9f7effe
f4b1937efd75df8b2f73377c7df4fed21a2d67adf2d52d2f9dfcfa4707df
1cbcf489552fdafab51bde5cb4dd636fe6daf63b64e80fa75fb349e8f591
3d9e9e3a72f4b4fd1e596faf8cb0e64f4ff870b34bf73e76ee6ee76ff8d8
7d87fe6ebb17df3fe07f9b8df5be7bc0cebea5ffd9f18a37975df6d961be
dfcf5b79f0f4d25f9fb9b2f58ce81da7efbfef93af1f37f5a38f8e3ce4a0
83f9671f38f6d8bf141edf58e62ebaec37af5d77ed8ecf1df0e9d2fb2e3b
74cdf003d776f16b1ff4e365d7dcb1ca712391ce1d12fb5e7ff54e6dc77f
303e75e3e12b4dbdb1c11acfbf7cfe6fd6befbb2bfacbaf3a1c75d7bd979
4b3efb496cf5d2d4823f352f1ddfe12f0fb41db9f7539dd79f73f12d2b9d
b6f1498f3ebba7d4b2de9d4fff7dcf2302855736caaf74ddaadb1dd0799b
bcf76d8b06fb36985863c9e787af7fc72a3fb9f5f57d972e39e6880fb27f
eef855c789899e3d06fb77dff1f2a613d779fdbecfafebdf6ec1365d478d
1fb7f8c8dd1e7b3a7ae8815b9f18b8f5d44d7e76c29347045f1c3df5a8c0
da7b1d70cd25bbcd5e2fe5ffe761377cbdf6f37bfef795b5c766fff723df
4fc7024da7dc383f78ccff1d3676c978699d2dba3f3eebb0372ef8f4a3c5
6b3cfbcc310f3d71f4da6f0cf7ed2c1cf6ab47b2c7b75fb9de6bb71f31fe
d559a71cbdfae103e16d4bdc5fd73df3cf7fdfaee95ff7267e7bf0d5bf9b
9b7fe0edf4ddabbef0f4d3e32bf7ce9dfdf501371eb0e4c897eefc55fbb1
3b5ee1f6fefcdcd0978f5fb0c96a57351fbb59eeb3b78fdcb06be35feffe
cfe8a2b1971fe8b8f9e6c33baa85eff6febacceab7fef17b5b1ebaf1b61b
eef9fc3d97ec78e83f767962dbfcea37acb5e9b343fe27775d6db74d3b3e
e72efeeadf7fddf2bf2bffd93fb0df99c2a2fdefda7c49faa0a39f3ef8cd
55929b472e5e78cf1ed77c39fcfdc93b6e39f5e98717ff60d5c11bbbba0b
471dd394697a78c73ba58ec7a6b67aee90f6754f3b69ff1fdd74d7ab5dbb
c5970e6df5f11e4b47222faccafdf1b8ab1b075bcf89deb17ef6e6b6bb37
b8fb924bb6d9f9da375abb5fbcf5d2731f7becf8d78e9f23b5fee13fcf7d
b0ef13cfecf9d146e73df7f6c19bdcbdfda75da7ff65a5dd57ffe2a4656b
8ddcf66ea8b0ed9bcbe45fa6d7f8d30f969ef4a7437f74d1fc8fb7691b58
edef47de70e041e52fbb7b5f14cbbff8bf1f7fb1f496438756d9c9173a7f
eda9597fbefdd3dddefac333cfde787ff3bbef0c6e7ec603abcd396beace
6d66753cb8c923fd376e74dc415f6cd274fcc27f178b6bdffd48c3ffdef9
b2e5cfbd6fdcbbfb57fb9dbffd46c1d75f7ae8b3c7b3176ffe9f876e69ff
815cb8efa1653b16b72e6cf0bb5f5c79f31d1fdeb4e9fb4bf73eee99d5a3
df5fbae3a56f1effc3ff6e1969fae929efddf9d8a1ffbefddce189073f13
873fd9f52fcf1cf3fb537ef1fac8e7cb4efcd7bb3fdcea8a67269e7a7171
f4d947bfbc72838777eb7eeddaae771e79e3e6967dff78de8dd9cd5a375a
f9b2f5761ce5b678779b5546ce5879a72f4e7ef5e7a3dbbd7bcb9f7f71e0
822db60dfef99675bff7f236bf9dfbc0519b2edc34fddae0950bd7ffea6f
9bbeffeac69dc26b5f6dfcd8fc2fff70e379979e31b0da03bffca871f6a1
bb3f74ddb2bfdcfe64e1ed2d2e1efddd93772cbbf8f8aff6dafdacc73f5e
72f82e3bbd3ab8cdf081fc176f3cdecdadbafead2bfd62dff4962dabecf1
56e8d94d7699b7dabadbadbbe14e777cf6fecf3f58d8f1e45bfbeef0fc57
ffd9eb7bbb9cb1f9d3cf1cf9fbddffbed74f239b07bb2f387ddf5f7fbfbc
d699379df1d9cec75cb4d6a57bb4def7e15b7f79e29eb5be1c3c679f039f
db63bb8f363978c1e9f75ffaeceeb76ffedae5b7bebafad1e7fef0fbaf6f
7bc03fb75af7d1d56ffdc9261fdefbf4139d0fbef9b3479fe11fdae2de59
9bfe6bafc0171ffdf23fcf6cfe65fc80fcd347ecb360877dfef0b37fbcf1
f625c7aebad23907ffe6e47ddecaf5bcb9edab1dbeb3f7e809affcd0fbfe
a31eb9ee7fe2b95df7df79e4cf36386be284de37a2c2fe3f6ef9e052f1b1
c33ebbf1c9dd36db7ffce3e7aedc70e59d0ffdd369e79fb8d13f1b6e5f76
f6694b9fce7cf4dabba5e3979ef1d3d33e3f73bf8777fd7c9f747be75bdb
bd7cf19be3173edd7d75eaa3c5974d7ef262eb4bf77c76cb5dc95f6d54de
efde1b9e59f3f057b6daf38595c7c7aec95eb9f8f7437b3f5ebee57fb9d7
77be66dd2def0ca79a4eb9fbd0dee3cbbf7e2279ed1ba70d740effaded7b
f724c2fce5e3a7bc7dcf06bfbe66c9c76fadf2c1e73fd8777cb7dfbe74d2
f5e5a60b57bb6e9393de3c7f8d6e6ef1fc5dfef370f3f547dff84a789f92
7055e6922fef38e0982ba6bafe36945d69d9ae4f88cf8ebff949f395dc7b
ab7cfe97b15be7fe7bed05ffbd503eb4ad63fb532f3aefda5b5b8fbe61d6
615b356c3d9afbfb896f9db8e165fe8fd7da72f6487f7ac71df679f4a5f7
0f3eeefe35171cbe6ed74382ff8a9ddf59fac7cebfbc70df5e87cf7ef93f
b7bfb9709d4fced9e1f959afecf8dc6b07acf34e6cabcd8e5bebb2ab2ffb
437ab3e3eef9d3c7bb9ed0b95df0eb17dfbcfe4ddf7d3f3fefb41daeda7d
5124bce549c7bfb16afe9293faf7d8f4952fcedde69ebe9763abfff657c7
1db0f8cb0f0e7bfc86cd7ff3a7fdc6ae8b058f39f2bdbfdf75db1ba97f1d
74fa2cff76fb0f66b73bf2d3bbf73fe793951a5f3de7f4bf761d7385b0a6
ffc2e7eefb49b8f9be2333df5fb767fd67df387ccfbe6b4ee83bfbe9dd8f
bc696caf93f76b1c2f6c7ec91eef6ff4eca98f6fb6d263c5c6f5fde2551f
eefb7af883355eef1f9c888f9df5cf77363ff8f85bf759e387e14d538b7c
47cdefcf3e7edc6f0fdbed77a9e4a99fee953e6fcd2b0f7cec24df96be6d
a74e9c7da8efe358c78353fd7f7eac6be2a6c336bd2db845fe6febb4beb2
cad25b37ba647cfcb3e7527ff9e282a15b3effc57517fc70abaf4ffcdbe5
fed3f2f7bcf9b70bff7ecf8377de915eb6eaba8fc8993d36dde2df1f9cd3
f55cfa854f3b765f7ac0ad179ef1e3a76e7ff7ed83ee9dd8edb4e12d7ef6
c8ac373f3d6cecaf538fbf7bc53103dbbdf5444b4ede682379d3cdcf59fd
d1c203c567f35fdec76d79cd5eeb5c74c92dd75ef3f58943a7f69df7937f
5f346f9d13769873febb9f3eddbec9f9bfbbbfe5aa750776147fbc6c9f07
0efbde1fcf99d3b9e125b75fb8e5ff827ffe47f2f92b4e787aa95c3ca3bc
d7db8f1dbb6aefba9bddb76bfeee1ffff8c42b764cadbbcdefb63bf44a71
b5952fcfbef0c1867f39e79c37defad1efeff9fe717dfd1b0f5ef4e5b92f
eef3e1df83275dfc74df09879ffbc04ee9df5dddb4d3a987adbdfe3f2616
5ef2cc357dffbd7cd933db3cda7ec32b5f7db26178e74b5e7ce3af7b0f9f
75ebea075dfc7fe74f1cb772ee969ee3b6fef886587fcbbf120fbff3dfc0
6fba16ecf9db3373c76f98f9c5791feeba70e2937d37ff6aa7d48e4f6db2
d6739f9fbcfb4be3ef5f78e5dd2fbd7fc329b36eb968b7d4fb3bc4b95f1d
76a3f8d411b73ff7deda2b4f3cde74c2c54f9efec557c1b9871db4e8fdb1
7b373b75d92af7fdf25747f6cfbae3fef0af02c287ff2b7d7adaffc636bc
faf05b36d8ff38f196cd1e5e6d517afdeb33bbfd71df3b7f1e3bfe6aff7b
91c3aebb6fea93d1bf0faeff8fc0bfc79e5af39e4fcedffbaef73acebaf1
cff76cbbe8dfbbaefc58649fc31e199dbd496ec1fe3ff8c9a73b65ff76f4
2b17af74de017fbbf287eb3ff2f36dfb3a367deae56be3fd07bcfbd3d97d
97afb9efe5c797d6e87c7cab35ce6b7ce9cbd69dd6edfce97df7f505f779
69fe48f4bdc74edef5c1f61d7ef4c99f3b7f74f73173ae79e3a1dd5e9cbc
7cfbedaf935fbbf41f3f79ac29b5d7bacfdf74ca5a77effed4bc65db65f7
98bffbd5373c7e57d3d4816b4c5cf2f0077cd7d67b9cc3adb6d14dad0ffe
f2f9558f586997b7fc6b9e70f68383ffdf8ebdad321c00001c96688b3f17
52732896a515625ac94a698ed396c35622e5509434db5cccd5d41a930ba5
28998415dae4d09c875696dc0c71215a292994ec4a22b4bc8207f87d8ff1
cd79ed691b9bd6fe11b3f630cf17953a6d72b9216554a4ec7f591e3a1930
efdf1696f42ee4aecf96872567ed922fa3556a33348e690209117da775b0
a9517817b942894529f1d5dbf3324dd59b3e26b2b3745d296b11aefd4742
716954d7979553ecb5afdc2d4c7d3b1f2c9fc7e9a60fd54130a3accded79
d55c0dd7760ba9c9a756afc7a87aca7765c725872a1cbf054917ab81ad6f
8b5929ad53dcdfc4d6b7363baa1bb47bfe099fc2d0629a493817abdda19e
e0b85ad675695ecb2c084f3e0bba479fdc28ae5114ee2e66ff4c77e8ff15
0e000000000000000000000000000000000000000000c0fffd01504b0708
9fcd0424433c0200e0690800504b0304140008000800ae503e5d00000000
0000000000000000280010005461696c7363616c654d616e616765722e61
70702f436f6e74656e74732f496e666f2e706c69737455580c00566fbc6a
686ebc6af5011400ad93516f82301485dffd155ddfa59a2ccbb2308c8266
26e888e0923d2d1d5ca1b194a61495fdfa15710fdb18beac6f6dcff96eef
c9ad3d39e51c1d4095ac108f786c8d300211170913e923de468be13d9e38
03fbc67b76a3d7608e2467a546c176e62f5d8487844ca5e44088177928f0
9761840c8390f91a239c692d1f08391e8f166d54565ce48db024812a2428
5dfb063634062bd10936655afab7e798d384c5da1920b3ec3dd48ebb9855
22e1e0c101782173107a03a931d8a4b96e85a556a605e7237b73d736b9ec
3a18ac949cd66b9a43873ba28c9731e5805654d014540f697e82b8d2f49d
f782ae739689e987ed5823fac531015a5ad11894a5bf90f975a4d8159ec9
d0444455fdd2a6db41bfb3463d947fc828a0f1de48a25a7691a641e0f798
c3ac50faf2f8f02cea608cac716f137f373fee70f9e18a0996577958971a
f21ef36d67d575f8c4d26c0365c1ab267d97ca9f03a25505c4cc386987dc
26e72fe00c3e01504b07089d1c66fe6701000099030000504b010215030a
0000000000ae503e5d00000000000000000000000015000c000000000000
000040ed41000000005461696c7363616c654d616e616765722e6170702f
55580800566fbc6a686ebc6a504b010215030a00000000002d513e5d0000
000000000000000000001e000c000000000000000040ed41430000005461
696c7363616c654d616e616765722e6170702f436f6e74656e74732f5558
0800566fbc6a566fbc6a504b010215030a00000000002d513e5d00000000
00000000000000002d000c000000000000000040ed418f0000005461696c
7363616c654d616e616765722e6170702f436f6e74656e74732f5f436f64
655369676e61747572652f55580800566fbc6a566fbc6a504b0102150314
00080008002d513e5d382cc666f7010000980800003a000c000000000000
000040a481ea0000005461696c7363616c654d616e616765722e6170702f
436f6e74656e74732f5f436f64655369676e61747572652f436f64655265
736f757263657355580800566fbc6a566fbc6a504b010215030a00000000
002d513e5d00000000000000000000000024000c000000000000000040ed
41590300005461696c7363616c654d616e616765722e6170702f436f6e74
656e74732f4d61634f532f55580800566fbc6a566fbc6a504b0102150314
00080008002d513e5d9fcd0424433c0200e069080034000c000000000000
000040ed81ab0300005461696c7363616c654d616e616765722e6170702f
436f6e74656e74732f4d61634f532f5461696c7363616c654d616e616765
7255580800566fbc6a566fbc6a504b01021503140008000800ae503e5d9d
1c66fe670100009903000028000c000000000000000040a4816040020054
61696c7363616c654d616e616765722e6170702f436f6e74656e74732f49
6e666f2e706c69737455580800566fbc6a686ebc6a504b05060000000007
000700b00200002d4202000000
